titulo_servico,nome_orgao,categoria,status_do_servico,analise_relevancia
CADRio Agendamento,Secretaria Municipal de Assistência Social,Cidadania,Publicado,Não fica - validado
IPTU 2026,Secretaria Municipal de Fazenda,Tributos,Publicado,Fica - Validado
Alvará - Consulta Prévia de Local,Coordenadoria de Licenciamento e Fiscalização,Licenças,Publicado,Fica - Validado
IPTU - Certidão de Situação Fiscal e Enfitêutica,Secretaria Municipal de Fazenda,Tributos,Publicado,Fica - Validado
Informações sobre Inscrição e atualização do Cadastro Único,,Cidadania,Publicado,Fica - Validado
Informações sobre o Cadastro Único,Secretaria Municipal de Assistência Social,Família,Em Edição,Não fica - validado
Licença Sanitária de Funcionamento,"Instituto Municipal de Vigilância Sanitária, Vigilância de Zoonoses e de Inspeção Agropecuária",Licenças,Publicado,Fica - Validado
ITBI - Simulação de valor e pedido de guia,Secretaria Municipal de Fazenda,Tributos,Publicado,Fica - Validado
Fiscalização de estacionamento irregular de veículo,Guarda Municipal do Rio de Janeiro,Ordem Pública,Publicado,Fica - Validado
IPTU 2025 e anteriores - cobrança na Fazenda,Secretaria Municipal de Fazenda,Tributos,Publicado,Fica - Validado
ISS - Comprovante de Inscrição e de Situação Cadastral,Secretaria Municipal de Fazenda,Tributos,Publicado,Fica - Validado
ISS - Certidão de Situação Fiscal,Secretaria Municipal de Fazenda,Tributos,Publicado,Fica - Validado
Multa de trânsito - Consulta de multa,Secretaria Municipal de Transportes,Transporte,Publicado,Fica - Validado
Consulta de contracheques,Secretaria Municipal de Administração,Servidor,Publicado,Fica - Validado
IPTU - Certidão de Elementos Cadastrais,Secretaria Municipal de Fazenda,Tributos,Publicado,Fica - Validado
Remoção de entulho,Companhia Municipal de Limpeza Urbana,Cidade,Publicado,Fica - Validado
ITBI - Impressão de guia para pagamento,Secretaria Municipal de Fazenda,Tributos,Publicado,Fica - Validado
Emissão de certidão de Dívida Ativa,Procuradoria Geral do Município do Rio de Janeiro,Tributos,Publicado,Fica - Validado
ITBI - Emissão da certidão de pagamento,Secretaria Municipal de Fazenda,Tributos,Publicado,Fica - Validado
Multa de Trânsito - Defesa Prévia de Autuação,Secretaria Municipal de Transportes,Transporte,Publicado,Fica - Validado
Reparo de luminária,Companhia Municipal de Energia e Iluminação,Cidade,Publicado,Fica - Validado
Multa de Trânsito - Informações sobre como pagar,Secretaria Municipal de Transportes,Transporte,Publicado,Fica - Validado
ISS - Emissão de DARM para pagamento,Secretaria Municipal de Fazenda,Tributos,Publicado,Fica - Validado
IPTU – Parcelamento 2025 – Solicitação e emissão de boletos,Secretaria Municipal de Fazenda,Tributos,Publicado,Fica - Validado
Consultar Declaração de Escolaridade  ,Secretaria Municipal de Educação,Educação,Publicado,Fica - Validado
IPTU - Notificação de Lançamento (inclusive guias extraordinárias),Secretaria Municipal de Fazenda,Tributos,Publicado,Fica - Validado
Solicitação de orientações sobre o alvará pela internet,Coordenadoria de Licenciamento e Fiscalização,Licenças,Publicado,Fica - Validado
Fiscalização de perturbação do sossego,Guarda Municipal do Rio de Janeiro,Ordem Pública,Publicado,Fica - Validado
"Reparo de buraco, deformação ou afundamento na pista",Secretaria Municipal de Conservação e Serviços Públicos,Cidade,Publicado,Fica - Validado
Consulta de débitos de IPTU em Dívida Ativa,Procuradoria Geral do Município do Rio de Janeiro,Tributos,Publicado,Fica - Validado
"IPTU – Regularização de Recolhimentos (parcelamento, restituição, alegação e transposição)",Secretaria Municipal de Fazenda,Tributos,Em Edição,Não fica - validado
IPTU - Alteração de nome do proprietário,Secretaria Municipal de Fazenda,Tributos,Publicado,Fica - Validado
Informações sobre matrícula na rede municipal - 2026,Secretaria Municipal de Educação,Educação,Publicado,Fica - Validado
IPTU - Consulta a pagamentos e débito automático,Secretaria Municipal de Fazenda,Tributos,Publicado,Fica - Validado
Cartão de estacionamento para pessoas com deficiência - PCD,Secretaria Municipal de Transportes,Transporte,Publicado,Fica - Validado
IPTU - Certidão de Valor Venal,Secretaria Municipal de Fazenda,Tributos,Publicado,Fica - Validado
Licenciamento de eventos - Autorização Transitória,"Riocentro S.A. - Centro de Feiras, Exposições e Congressos do Rio de Janeiro",Licenças,Publicado,Fica - Validado
Alvará a Jato,Coordenadoria de Licenciamento e Fiscalização,Licenças,Publicado,Fica - Validado
Contracheque de servidor inativo e pensionista,Instituto de Previdência e Assistência do Município do Rio de Janeiro,Servidor,Publicado,Fica - Validado
Declaração do Imposto de Renda na Fonte para aposentados e pensionistas,Instituto de Previdência e Assistência do Município do Rio de Janeiro,Servidor,Publicado,Fica - Validado
Manutenção/Desobstrução de ramais de águas pluviais e ralos,Secretaria Municipal de Conservação e Serviços Públicos,Cidade,Publicado,Fica - Validado
IPTU - Atualização de CPF/CNPJ,Secretaria Municipal de Fazenda,Tributos,Publicado,Fica - Validado
Multa de trânsito - Troca do Real Infrator,Secretaria Municipal de Transportes,Transporte,Publicado,Fica - Validado
Controle de roedores e caramujos africanos,Companhia Municipal de Limpeza Urbana,Cidade,Publicado,Fica - Validado
Solicitação de correção de falhas e de cadastro no portal e app 1746,Secretaria Municipal da Casa Civil,Cidadania,Publicado,Fica - Validado
Remoção de resíduos em vias públicas,Companhia Municipal de Limpeza Urbana,Cidade,Publicado,Fica - Validado
Parcelamento de débitos em Dívida Ativa,Procuradoria Geral do Município do Rio de Janeiro,Tributos,Em Edição,Fica - Validado
Informações sobre o Programa Bolsa Família,,Cidadania,Publicado,Fica - Validado
Fiscalização de má conduta do motorista/despachante,Secretaria Municipal de Transportes,Transporte,Publicado,Fica - Validado
Poda de árvore em vias públicas,Companhia Municipal de Limpeza Urbana,Meio Ambiente,Publicado,Fica - Validado
Verificação de frequência irregular da coleta domiciliar com retirada do resíduo,Companhia Municipal de Limpeza Urbana,Cidade,Publicado,Fica - Validado
Atendimento em unidades de Atenção Primária em Saúde,Secretaria Municipal de Saúde,Saúde,Publicado,Fica - Validado
Informações sobre os Centro de Referência de Assistência Social - CRAS,Secretaria Municipal de Assistência Social,Cidadania,Publicado,Fica - Validado
IPTU – Certidão de Histórico Fiscal,Secretaria Municipal de Fazenda,Tributos,Publicado,Fica - Validado
Autorização e legalização de comércio ambulante,Coordenadoria de Licenciamento e Fiscalização,Licenças,Publicado,Fica - Validado
Resgate de animais silvestres,Secretaria Municipal de Meio Ambiente e Clima,Meio Ambiente,Publicado,Fica - Validado
Informações sobre liberação de veículos rebocados,Secretaria Municipal de Ordem Pública,Transporte,Publicado,Fica - Validado
Emissão de guia de pagamento de Dívida Ativa em atraso,Procuradoria Geral do Município do Rio de Janeiro,Tributos,Publicado,Fica - Validado
Histórico de Tarifas,Secretaria Municipal de Transportes,Transporte,Publicado,Fica
"IPTU - Regularização, parcelamento, restituição, alegação ou transposição",Secretaria Municipal de Fazenda,Tributos,Publicado,Fica - Validado
Informações sobre gratuidade no transporte municipal,Secretaria Municipal de Transportes,Transporte,Publicado,Fica - Validado
ISS – Consulta de Pendências com o Fisco Municipal para Ingresso no Simples Nacional,Secretaria Municipal de Fazenda,Tributos,Publicado,Fica - Validado
Multa de Trânsito - Cancelamento (1ª Instância),Secretaria Municipal de Transportes,Transporte,Publicado,Fica - Validado
"ISS – Profissional Autônomo: Autônomo Estabelecido, Autônomo  Equiparado a Empresa e Autônomo não Estabelecido",Secretaria Municipal de Fazenda,Tributos,Aguardando Aprovação,Fica - Validado
Varrição de vias públicas,Companhia Municipal de Limpeza Urbana,Cidade,Publicado,Fica - Validado
Capina em vias públicas,Companhia Municipal de Limpeza Urbana,Cidade,Publicado,Fica - Validado
Informações sobre o Plano de Saúde do Servidor Municipal - PSSM,Instituto de Previdência e Assistência do Município do Rio de Janeiro,Servidor,Publicado,Fica - Validado
Consulta e emissão de Auto de Infração - Coordenadoria de Controle Urbano,Coordenadoria de Controle Urbano,Cidade,Publicado,Fica - Validado
Pesquisa de existência de alvará,Coordenadoria de Licenciamento e Fiscalização,Licenças,Publicado,Fica - Validado
Certidão Negativa de Débito (Nada Consta),Instituto de Previdência e Assistência do Município do Rio de Janeiro,Servidor,Publicado,Fica - Validado
Reparo de sinal de trânsito apagado,Companhia de Engenharia de Tráfego do Rio de Janeiro,Transporte,Publicado,Fica - Validado
Informações sobre o portal SISREG,Secretaria Municipal de Saúde,Saúde,Publicado,Fica - Validado
Empréstimo Consignado e Margem Consignável,Secretaria Municipal de Administração,Servidor,Em Edição,Fica - Validado
Minhas Empresas/Cadastrar Procurador de Empresa,Secretaria Municipal de Fazenda,Licenças,Publicado,Fica - Validado
ISS – Acompanhamento da formalização da opção pelo Simples Nacional,Secretaria Municipal de Fazenda,Tributos,Em Edição,Fica - Validado
Castração gratuita de cães e gatos - Programa Bicho Rio,Secretaria Municipal de Proteção e Defesa dos Animais,Animais,Publicado,Fica - Validado
Autorização para exibição de publicidade,Coordenadoria de Licenciamento e Fiscalização,Licenças,Publicado,Fica - Validado
Remoção de veículo abandonado em via pública,Secretaria Municipal de Ordem Pública,Transporte,Publicado,Fica - Validado
"ISS – Alíquotas, Base de Cálculo e Código de Atividades",Secretaria Municipal de Fazenda,Tributos,Em Edição,Fica - Validado
ITBI - Autenticação da certidão de pagamento,Secretaria Municipal de Fazenda,Tributos,Publicado,Fica - Validado
Recadastramento anual de servidores inativos e pensionistas,Instituto de Previdência e Assistência do Município do Rio de Janeiro,Servidor,Publicado,Fica - Validado
Vistoria veicular e atualização documental - Táxi,Secretaria Municipal de Transportes,Transporte,Publicado,Fica - Validado
Carteira Digital de Trânsito - CDT,Secretaria Municipal de Transportes,Transporte,Publicado,Fica - Validado
IPTU - Formulário de alteração de titularidade,Secretaria Municipal de Fazenda,Tributos,Publicado,Fica - Validado
Concessão de alvará para eventos,Coordenadoria de Licenciamento e Fiscalização,Licenças,Publicado,Fica - Validado
Verificação de ar condicionado inoperante no ônibus,Secretaria Municipal de Transportes,Transporte,Publicado,Fica - Validado
Informações sobre a Carteira da Pessoa Idosa,Secretaria Municipal de Assistência Social,Transporte,Publicado,Fica - Validado
Fiscalização de obras em imóvel privado,Secretaria Municipal de Desenvolvimento Urbano e Licenciamento,Cidade,Publicado,Fica - Validado
Emissão de 2ª via do IPTU,Secretaria Municipal de Fazenda,Tributos,Em Edição,Fica - Validado
Visitação ao Museu do Universo no Planetário do Rio,Fundação Planetário da Cidade do Rio de Janeiro,Cultura,Em Edição,Fica - Validado
Informações sobre o Programa Cartão Família Carioca,Secretaria Municipal de Assistência Social,Família,Em Edição,Não fica - validado
Fiscalização de má condição do ônibus,Secretaria Municipal de Transportes,Transporte,Publicado,Fica - Validado
ITBI – Processo de Reconhecimento de Isenção,Secretaria Municipal de Fazenda,Tributos,Aguardando Aprovação,Fica - Validado
ISS - Emissão de DARM de ISS trimestral de contribuintes autônomos,Secretaria Municipal de Fazenda,Tributos,Publicado,Fica - Validado
Multa de Trânsito - Acompanhamento de recurso,Secretaria Municipal de Transportes,Transporte,Publicado,Fica - Validado
Informações sobre o Bilhete Único Carioca,Secretaria Municipal de Transportes,Transporte,Publicado,Não fica - validado
Multa de Trânsito - Solicitação de cópia do Auto de Infração (AIT ou foto),Secretaria Municipal de Transportes,Transporte,Publicado,Fica - Validado
Informações sobre o Programa Carioca Paga Meia,Secretaria Municipal de Cultura,Cultura,Publicado,Fica - Validado
Castração de cães e gatos agendamento on-line,Secretaria Municipal de Proteção e Defesa dos Animais,Animais,Publicado,Fica - Validado
Patrimônio – Aviso do foreiro,Superintendência Executiva de Patrimônio Imobiliário,Tributos,Publicado,Fica - Validado
ISS - Baixa de inscrição/exclusão de atividades,Secretaria Municipal de Fazenda,Tributos,Aguardando Aprovação,Fica - Validado
Multa de Trânsito - 2ª Instância,Secretaria Municipal de Transportes,Transporte,Publicado,Fica - Validado
ITBI – Processo de Restituição total ou parcial,Secretaria Municipal de Fazenda,Tributos,Aguardando Aprovação,Fica - Validado
"ISS - Confissão de dívida, parcelamento e reparcelamento de débito não inscrito em Dívida Ativa",Secretaria Municipal de Fazenda,Tributos,Publicado,Fica - Validado
ITBI – Processo de Revisão de valor e Reconsideração de decisão,Secretaria Municipal de Fazenda,Tributos,Publicado,Fica - Validado
Segunda via de alvará,Coordenadoria de Licenciamento e Fiscalização,Licenças,Publicado,Fica - Validado
Coordenadorias Regionais de Educação (CREs),Secretaria Municipal de Educação,Educação,Publicado,Fica - Validado
Conselho de Contribuintes,Secretaria Municipal de Fazenda,Tributos,Publicado,Fica
Fiscalização de buraco na calçada,Secretaria Municipal de Conservação e Serviços Públicos,Cidade,Publicado,Fica
Número da inscrição imobiliária,Secretaria Municipal de Fazenda,Tributos,Em Edição,Fica
Concessão de alvará de licença de estabelecimento pela internet,Coordenadoria de Licenciamento e Fiscalização,Licenças,Publicado,Fica
ITBI- Processo de Reconhecimento de Não incidência,Secretaria Municipal de Fazenda,Tributos,Aguardando Aprovação,Fica
Reposição de grelha ou tampão,Secretaria Municipal de Conservação e Serviços Públicos,Cidade,Publicado,Fica
"Vistoria em foco de Aedes aegypti (Dengue, Chikungunya e Zika)",Secretaria Municipal de Saúde,Saúde,Publicado,Fica
Atendimento clínico em animais,Secretaria Municipal de Proteção e Defesa dos Animais,Animais,Publicado,Fica
Consulta de Situação Cadastral por Permissão,Secretaria Municipal de Transportes,Transporte,Publicado,Fica
Remoção de resíduos de poda,Companhia Municipal de Limpeza Urbana,Cidade,Publicado,Fica
Denúncia de corrupção e/ou improbidade administrativa,Secretaria Municipal de Integridade e Transparência,Central Anticorrupção,Publicado,Fica
Pedido de Acesso à Informação (LAI),Secretaria Municipal de Integridade e Transparência,Lei de Acesso à Informação (LAI),Publicado,Fica - Validado
IPTU - Consulta ao valor do m² por nome de rua (logradouro),Secretaria Municipal de Fazenda,Tributos,Publicado,Fica
Legalização de obras com contrapartida (Mais Valia),Secretaria Municipal de Desenvolvimento Urbano e Licenciamento,Cidade,Publicado,Fica
Informações sobre atividades esportivas gratuitas,Secretaria Municipal de Esportes,Saúde,Publicado,Fica
IPTU – Revisão de lançamento,Secretaria Municipal de Fazenda,Tributos,Publicado,Fica
ISS – Confirmação de Autenticidade de Certidão,Secretaria Municipal de Fazenda,Tributos,Em Edição,Fica
Informações sobre o Auxílio Educação,Instituto de Previdência e Assistência do Município do Rio de Janeiro,Servidor,Publicado,Fica
IPTU – Declaração de existência/não existência de imóveis,Secretaria Municipal de Fazenda,Tributos,Publicado,Fica
"Informações sobre cadastro no Programa Minha Casa, Minha Vida",Secretaria Municipal de Habitação,Cidade,Publicado,Fica
Consulta e encaminhamento para vagas de emprego,Secretaria Municipal de Trabalho e Renda,Cidadania,Publicado,Fica
Emissão de certidões do IPTU,Secretaria Municipal de Fazenda,Tributos,Em Edição,Fica
Solicitação de atendimento do Conselho Tutelar,Secretaria Municipal de Assistência Social,Família,Em Edição,Fica - Validado
Fiscalização de obstáculo fixo na calçada,Secretaria Municipal de Conservação e Serviços Públicos,Cidade,Publicado,Fica
Fiscalização de atividades econômicas sem alvará,Coordenadoria de Licenciamento e Fiscalização,Licenças,Publicado,Fica - Validado
IPTU – Autenticidade da Certidão de Situação Fiscal e Enfitêutica do Imóvel,Secretaria Municipal de Fazenda,Tributos,Publicado,Fica
Limpeza de ralos,Companhia Municipal de Limpeza Urbana,Cidade,Publicado,Fica
Limpeza de praças e parques,Companhia Municipal de Limpeza Urbana,Cidade,Publicado,Fica
Informações sobre pagamento do IPTU,Secretaria Municipal de Fazenda,Tributos,Em Edição,Fica
Fiscalização da atuação do guardador de estacionamento Rio Rotativo,Secretaria Municipal de Ordem Pública,Transporte,Publicado,Fica
Solicitação de emissão de BRAT em acidente de trânsito sem vítima,Guarda Municipal do Rio de Janeiro,Transporte,Publicado,Fica
"Informações sobre o acolhimento institucional de adultos, famílias, idosos em vulnerabilidade",Secretaria Municipal de Assistência Social,Cidadania,Publicado,Fica
ISS – Prazos de Pagamento,Secretaria Municipal de Fazenda,Tributos,Aguardando Aprovação,Fica
Fiscalização sanitária em serviços de alimentos e ensino,"Instituto Municipal de Vigilância Sanitária, Vigilância de Zoonoses e de Inspeção Agropecuária",Saúde,Publicado,Fica
Emissão de Relatório de Informação Urbanística (RIU),Secretaria Municipal de Desenvolvimento Urbano e Licenciamento,Cidade,Publicado,Fica
Solicitação de serviços para os povos e comunidades tradicionais,Secretaria Municipal de Meio Ambiente e Clima,Cidadania,Publicado,Fica - Validado
Autorização para colocação de mesas e cadeiras em área pública,Coordenadoria de Licenciamento e Fiscalização,Licenças,Publicado,Fica
Avaliação de risco de queda da árvore,Companhia Municipal de Limpeza Urbana,Cidade,Publicado,Fica
Inclusão ou exclusão de motorista auxiliar de táxi,Secretaria Municipal de Transportes,Transporte,Publicado,Fica
"Verificação de negligência com idoso, abandono ou autonegligência",Secretaria Municipal do Envelhecimento Saudável e Qualidade de Vida,Cidadania,Publicado,Fica
Atendimento ao consumidor - Procon Carioca,Secretaria Especial de Proteção e Defesa do Consumidor,Cidadania,Publicado,Fica
Informações sobre tarifas de táxi,Secretaria Municipal de Transportes,Transporte,Publicado,Fica
Atendimento em Hospitais de Emergência e Pronto Atendimento,Secretaria Municipal de Saúde,Saúde,Publicado,Fica
IPTU - Alteração de dados do destinatário,Secretaria Municipal de Fazenda,Tributos,Publicado,Fica
Vistoria em imóvel com rachadura e infiltração,Subsecretaria de Proteção e Defesa Civil,Cidade,Publicado,Fica
Cópia digital de Planta de Arquitetura,Secretaria Municipal de Desenvolvimento Urbano e Licenciamento,Cidade,Publicado,Fica
ITBI - Correção de dados da guia paga (folha suplementar),Secretaria Municipal de Fazenda,Tributos,Publicado,Fica
Solicitação de transporte da gestante para a maternidade,Secretaria Municipal de Saúde,Saúde,Publicado,Fica
Autorização de poda ou remoção de árvore em área particular,Fundação Parques e Jardins,Meio Ambiente,Publicado,Fica
Certidão de Habite-se/Aceitação,Secretaria Municipal de Desenvolvimento Urbano e Licenciamento,Cidade,Publicado,Fica
Declaração de rendimentos de servidor ativo,Secretaria Municipal de Administração,Servidor,Publicado,Fica
Informações sobre o Benefício de Prestação Continuada,Secretaria Municipal de Assistência Social,Cidadania,Publicado,Fica
Isenção de Imposto de Renda,Instituto de Previdência e Assistência do Município do Rio de Janeiro,Servidor,Publicado,Fica
Informações sobre pedido de aposentadoria,Secretaria Municipal de Administração,Servidor,Publicado,Fica
Previ-Rio – atendimento ao público,Instituto de Previdência e Assistência do Município do Rio de Janeiro,Servidor,Publicado,Fica
Reviver Centro,Secretaria Municipal de Desenvolvimento Urbano e Licenciamento,Cidade,Aguardando Aprovação,Fica - Validado
Reparo de cabo de iluminação pública,Companhia Municipal de Energia e Iluminação,Cidade,Publicado,Fica
Cadastramento de vagas de emprego,Secretaria Municipal de Trabalho e Renda,Cidadania,Publicado,Fica
"Fiscalização da ocupação irregular de área pública por estabelecimentos comerciais, industriais ou serviços",Coordenadoria de Licenciamento e Fiscalização,Cidade,Publicado,Fica - Validado
Informações sobre reboque ou remoção de veículos enguiçados ou acidentados,Companhia de Engenharia de Tráfego do Rio de Janeiro,Transporte,Publicado,Fica
Emissão de guia para pagamento à vista em Dívida Ativa,Procuradoria Geral do Município do Rio de Janeiro,Tributos,Publicado,Fica
Alistamento Militar nas Gerências Executivas Locais (GEL’s),Secretaria Municipal de Coordenação Governamental,Cidadania,Publicado,Não fica - validado
"Limpeza de papeleira, contêiner e caçamba da COMLURB",Companhia Municipal de Limpeza Urbana,Cidade,Publicado,Fica
Solicitação de autorização de filmagem - Rio Film Commission,Distribuidora de Filmes S.A. - RIOFILME,Licenças,Publicado,Fica
Solicitação de atendimento social,Secretaria Municipal de Assistência Social,Família,Em Edição,Fica
"Certidão Municipal de Inexigibilidade de Licenciamento Ambiental para atividades industriais, de comércio e serviços (CMI)",Secretaria Municipal de Desenvolvimento Urbano e Licenciamento,Meio Ambiente,Publicado,Fica
Taxa de incêndio - Informações,Secretaria Municipal de Fazenda,Tributos,Em Edição,Não fica - validado
Atendimento em Unidades de Pronto Atendimento (UPA 24 Horas),Secretaria Municipal de Saúde,Saúde,Publicado,Fica
Notificação ao proprietário para limpeza de resíduos em terreno baldio,Companhia Municipal de Limpeza Urbana,Cidade,Publicado,Fica
Cópia ou Certidão de inteiro teor de documento ou processo,Subsecretaria de Transformação Digital e Cidade Inteligente,Cidade,Publicado,Fica
Reparo de buraco em calçada de Pedra Portuguesa,Secretaria Municipal de Conservação e Serviços Públicos,Cidade,Publicado,Fica - Validado
Cartão de estacionamento para idosos,Secretaria Municipal de Transportes,Transporte,Publicado,Fica
Atendimento em Policlínicas,Secretaria Municipal de Saúde,Saúde,Publicado,Fica
Imóveis penhorados como garantia para o pagamento de Execuções Fiscais,Procuradoria Geral do Município do Rio de Janeiro,Tributos,Publicado,Fica
Distribuição de kit enxoval do bebê,Secretaria Municipal de Saúde,Saúde,Publicado,Fica
Reparo em equipamentos de poste de iluminação pública,Companhia Municipal de Energia e Iluminação,Cidade,Aguardando Aprovação,Fica
Taxas – Taxa de Coleta Domiciliar de Lixo (TCL),Secretaria Municipal de Fazenda,Tributos,Em Edição,Fica
IPTU - Autenticidade da Certidão de Elementos Cadastrais,Secretaria Municipal de Fazenda,Tributos,Publicado,Fica
Informações sobre desentupimento ou reparo de rede de esgoto em logradouros públicos,Fundação Instituto das Águas do Município do Rio de Janeiro,Cidade,Em Edição,Fica
Informações sobre o material Rioeduca,Secretaria Municipal de Educação,Educação,Publicado,Fica - Validado
Remoção de carcaça de veículo não identificável,Companhia Municipal de Limpeza Urbana,Cidade,Publicado,Fica
Informações sobre avaliação de aluno incluído,Secretaria Municipal de Educação,Educação,Publicado,Fica
Verificação do número do processo aberto na Secretaria Municipal de Transportes,Secretaria Municipal de Transportes,Transporte,Publicado,Fica
Patrimônio – Remição de Foro,Superintendência Executiva de Patrimônio Imobiliário,Tributos,Publicado,Fica
"Manutenção de mobiliário, brinquedos e equipamentos esportivos em praças e parques públicos",Companhia Municipal de Limpeza Urbana,Cidade,Publicado,Fica
Informações sobre pecúlio,Instituto de Previdência e Assistência do Município do Rio de Janeiro,Servidor,Publicado,Fica
Informações sobre fiscalização de irregularidades em linhas de ônibus,Secretaria Municipal de Transportes,Transporte,Publicado,Fica
Reinstalação de ponto de luz,Companhia Municipal de Energia e Iluminação,Cidade,Publicado,Fica
Licenciamento Truck Rio,Secretaria Municipal de Ordem Pública,Licenças,Publicado,Fica
Solicitação de vacinação em domicílio,Secretaria Municipal de Saúde,Saúde,Publicado,Fica
Requerimento de adiantamento de décimo terceiro salário para servidor ativo,Secretaria Municipal de Administração,Servidor,Publicado,Fica
Programa Trabalha Rio,Secretaria Municipal de Trabalho e Renda,Trabalho,Publicado,Fica
Reparo de poste caído ou em risco de queda,Companhia Municipal de Energia e Iluminação,Cidade,Publicado,Fica
Fornecedores de bens e serviços – solicitação de cadastro,Secretaria Municipal de Administração,Licenças,Publicado,Fica
Informações sobre ações de acolhimento a pessoas em situação de rua,Secretaria Municipal de Assistência Social,Cidadania,Publicado,Fica
ISS – Casos de Responsabilidade e Retenção,Secretaria Municipal de Fazenda,Tributos,Em Edição,Fica
Consultar minhas solicitações do Processo.rio,Subsecretaria de Transformação Digital e Cidade Inteligente,Cidadania,Aguardando Aprovação,Não fica - validado
Acervo de Imagens PAA/PAL,Secretaria Municipal de Desenvolvimento Urbano e Licenciamento,Cidade,Publicado,Fica - Validado
Fiscalização de obras de concessionárias de serviços públicos,Secretaria Municipal de Conservação e Serviços Públicos,Cidade,Publicado,Fica
Informações sobre Cartão Família Carioca e Benefício Adicional por desempenho escolar,Secretaria Municipal de Assistência Social,Família,Em Edição,Não fica - validado
Assistência Veterinária do programa Bicho Rio,Secretaria Municipal de Proteção e Defesa dos Animais,Animais,Publicado,Fica - Validado
Reparo de erros no processamento de serviços,Empresa Municipal de Informática S.A.,Cidade,Publicado,Não fica - validado
Autorização de poda ou remoção de árvore em área pública,Fundação Parques e Jardins,Meio Ambiente,Publicado,Fica
ITBI – Cumprimento de exigência em protocolo,Secretaria Municipal de Fazenda,Tributos,Em Edição,Fica
Sepultamento no cemitério de pequenos animais,Secretaria Municipal de Proteção e Defesa dos Animais,Animais,Publicado,Fica
Procedimentos para admissão em cargo público efetivo,Secretaria Municipal de Administração,Servidor,Publicado,Fica
Impressão de Taxa de Uso de Área Pública (TUAP) para mesas e cadeiras,Coordenadoria de Licenciamento e Fiscalização,Tributos,Em Edição,Fica
Nota Carioca – Códigos de atividades e códigos de serviços,Secretaria Municipal de Fazenda,Tributos,Em Edição,Fica
Cremação de animais,Secretaria Municipal de Proteção e Defesa dos Animais,Animais,Publicado,Fica
Remoção de árvore em vias públicas,Companhia Municipal de Limpeza Urbana,Meio Ambiente,Publicado,Fica
ISS Visto Fiscal/Inclusão Predial – Parcelamento (exclusivo para Processos abertos na Gerência de Visto Fiscal),Secretaria Municipal de Fazenda,Tributos,Em Edição,Fica
Licença de transformação de uso de edificação,Secretaria Municipal de Desenvolvimento Urbano e Licenciamento,Licenças,Publicado,Fica
Retirada de protesto em Dívida Ativa,Procuradoria Geral do Município do Rio de Janeiro,Tributos,Em Edição,Fica
Informações sobre o auxílio moradia,Instituto de Previdência e Assistência do Município do Rio de Janeiro,Servidor,Publicado,Fica
Patrimônio – Recadastramento Enfitêutico,Subsecretaria de Planejamento e Acompanhamento de Resultados,Tributos,Publicado,Fica
Emissão de boleto para pagamento de multa (DARM) no VLT,Guarda Municipal do Rio de Janeiro,Transporte,Publicado,Fica
ITBI – Certidão de quitação fiscal (nada consta),Secretaria Municipal de Fazenda,Tributos,Aguardando Aprovação,Fica
ITBI – Petição em processo administrativo já aberto,Secretaria Municipal de Fazenda,Tributos,Publicado,Fica
Informações sobre o Calendário Escolar,Secretaria Municipal de Educação,Educação,Publicado,Fica
Informações sobre isenção de taxa de inscrição em concurso,Secretaria Municipal de Assistência Social,Cidadania,Publicado,Fica
Limpeza de vala de drenagem,Secretaria Municipal de Conservação e Serviços Públicos,Cidade,Publicado,Fica
Fiscalização de irregularidades em táxi,Secretaria Municipal de Transportes,Transporte,Publicado,Fica
Informações sobre o Benefício de Prestação Continuada,Secretaria Municipal de Assistência Social,Família,Em Edição,Não fica - validado
Informações sobre o programa Auxílio Gás dos Brasileiros,Secretaria Municipal de Assistência Social,Cidadania,Publicado,Fica
Informações sobre a concessão de alvará,Coordenadoria de Licenciamento e Fiscalização,Licenças,Em Edição,Não fica - validado
Multa de Trânsito - Ressarcimento de valor pago,Secretaria Municipal de Transportes,Trânsito,Publicado,Fica
Fiscalização de carros de som,Guarda Municipal do Rio de Janeiro,Ordem Pública,Publicado,Fica
Atendimento à Saúde da Criança e do Adolescente,Secretaria Municipal de Saúde,Saúde,Publicado,Fica
Solicitação de Cartão Morador,Companhia de Engenharia de Tráfego do Rio de Janeiro,Transporte,Publicado,Fica
Benefícios relacionados ao falecimento do servidor,Instituto de Previdência e Assistência do Município do Rio de Janeiro,Servidor,Publicado,Fica
Informações sobre Ofícios de Registro de Imóveis,Secretaria Municipal de Fazenda,Licenças,Em Edição,Não fica - validado
Informações sobre o Programa Lixo Zero,Companhia Municipal de Limpeza Urbana,Cidade,Publicado,Fica
"Segunda via de Certificado de Vistoria, CIAT ou Atualização Cadastral para taxistas",Secretaria Municipal de Transportes,Transporte,Publicado,Fica
Patrimônio – Emissão de guias para pagamento pelo uso de bens imóveis públicos,Subsecretaria de Planejamento e Acompanhamento de Resultados,Tributos,Em Edição,Fica
Informações sobre o auxílio funeral,Instituto de Previdência e Assistência do Município do Rio de Janeiro,Servidor,Publicado,Fica
Informações sobre creches parceiras,Secretaria Municipal de Educação,Educação,Publicado,Fica
Relatório de Informações Urbanísticas,Secretaria Municipal de Desenvolvimento Urbano e Licenciamento,Cidade,Publicado,Fica
Permissão para veículos de carga e descarga de mudanças residenciais,Companhia de Engenharia de Tráfego do Rio de Janeiro,Licenças,Publicado,Fica
Informações sobre os procedimentos para sepultamento,Secretaria Municipal de Conservação e Serviços Públicos,Cidade,Publicado,Fica
Bloqueio de pagamento de servidor aposentado e pensionista,Instituto de Previdência e Assistência do Município do Rio de Janeiro,Servidor,Publicado,Fica
Alvará - Solicitação de alteração cadastral,Coordenadoria de Licenciamento e Fiscalização,Licenças,Publicado,Fica
Atendimento domiciliar para vacinação antirrábica animal,Secretaria Municipal de Proteção e Defesa dos Animais,Animais,Publicado,Fica
Consulta à Legislação,Secretaria Municipal de Administração,Cidadania,Em Edição,Fica
Notificação de falta de água ou luz,Secretaria Especial de Proteção e Defesa do Consumidor,Cidadania,Publicado,Fica
ISS Visto Fiscal/Inclusão Predial – Gerar DARM para pagamento à vista (exclusivo para Processos abertos na Gerência de Visto Fiscal),Secretaria Municipal de Fazenda,Tributos,Em Edição,Fica
Informações sobre o Programa Rio + Cursos,Secretaria Municipal de Trabalho e Renda,Educação,Publicado,Fica - Validado
Comunicação de Autovistoria,Secretaria Municipal de Desenvolvimento Urbano e Licenciamento,Licenças,Em Edição,Fica
Nota Carioca - cancelamento e substituição de nota fiscal eletrônica,Secretaria Municipal de Fazenda,Tributos,Em Edição,Fica
Nota Carioca – Cadastro: alteração de dados do tomador e obrigatoriedade de cadastro,Secretaria Municipal de Fazenda,Tributos,Em Edição,Fica
Informações sobre o Centro de Referência Especializado para População em Situação de Rua – CENTRO POP,Secretaria Municipal de Assistência Social,Cidadania,Publicado,Fica
Sessões de cúpula no Planetário do Rio,Fundação Planetário da Cidade do Rio de Janeiro,Cultura,Em Edição,Fica
Patrimônio – Consulta Enfiteuse,Subsecretaria de Planejamento e Acompanhamento de Resultados,Tributos,Publicado,Fica
Solicitação de plantio de árvore em área pública,Fundação Parques e Jardins,Meio Ambiente,Publicado,Fica
Informações e serviços nos postos de atendimento da Secretaria Municipal de Fazenda,Secretaria Municipal de Fazenda,Tributos,Em Edição,Fica
Avaliação para instalação e/ou retirada de papeleira,Companhia Municipal de Limpeza Urbana,Cidade,Publicado,Não fica - validado
ISS – Restituição de indébitos de ISS de autônomos e de taxas,Secretaria Municipal de Fazenda,Tributos,Em Edição,Fica
Fiscalização dos serviços de esgoto da Zona Oeste Mais Saneamento,Fundação Instituto das Águas do Município do Rio de Janeiro,Cidadania,Em Edição,Fica
Reparo de calçada danificada por raiz,Companhia Municipal de Limpeza Urbana,Cidade,Publicado,Fica
Reparo de sinal de trânsito travado,Companhia de Engenharia de Tráfego do Rio de Janeiro,Trânsito,Publicado,Fica
Nota Carioca – Autenticidade: Verificação,Secretaria Municipal de Fazenda,Tributos,Em Edição,Fica
Informações sobre abertura de escola de Educação Infantil,Secretaria Municipal de Educação,Educação,Publicado,Fica
Realização de exames laboratoriais em animais,Secretaria Municipal de Proteção e Defesa dos Animais,Animais,Publicado,Fica
Informações sobre o GeoPAL,Secretaria Municipal de Desenvolvimento Urbano e Licenciamento,Cidade,Publicado,Fica - Validado
Fiscalização sanitária de estabelecimentos comerciais em geral,"Instituto Municipal de Vigilância Sanitária, Vigilância de Zoonoses e de Inspeção Agropecuária",Saúde,Publicado,Fica
Taxas – Emissão de DARM da Taxa de Fiscalização de Cemitérios,Secretaria Municipal de Fazenda,Tributos,Publicado,Fica
Remoção de toco e raiz (destoca),Companhia Municipal de Limpeza Urbana,Cidade,Publicado,Fica
ITBI – Revalidação de protocolo com instrumento já lavrado (fiscalização),Secretaria Municipal de Fazenda,Tributos,Aguardando Aprovação,Fica
Autorização de Táxi/Mototáxi para Motoristas Auxiliares - Abertura de Termo,Secretaria Municipal de Transportes,Licenças,Publicado,Fica
Consulta ao andamento de processos administrativos da Coordenadoria de Licenciamento e Fiscalização,Coordenadoria de Licenciamento e Fiscalização,Licenças,Em Edição,Não fica - validado
"ISS - Restituição e crédito na Nota Carioca de ISS/Taxas, autônomos e Visto Fiscal",Secretaria Municipal de Fazenda,Tributos,Aguardando Aprovação,Fica
"ITBI – Dúvidas sobre avaliação, interpretação e aplicação da legislação tributária",Secretaria Municipal de Fazenda,Tributos,Aguardando Aprovação,Fica
Informações sobre Família Acolhedora – FACO,Secretaria Municipal de Assistência Social,Cidadania,Publicado,Fica
"Concessão de autorização de matrícula nova em Feiras Livres, Feiras Móveis, Feiras Especiais e Antiquários",Secretaria Municipal de Ordem Pública,Licenças,Publicado,Fica
ITBI – Cumprimento de exigência em processo administrativo,Secretaria Municipal de Fazenda,Tributos,Em Edição,Fica
Consulta de multas por permissão em táxi,Secretaria Municipal de Transportes,Transporte,Publicado,Fica
Informações sobre aferição dos equipamentos de fiscalização eletrônica,Companhia de Engenharia de Tráfego do Rio de Janeiro,Transporte,Publicado,Fica
Certidão de cadastro de taxista/mototaxista - Verificação do tempo de serviço,Secretaria Municipal de Transportes,Transporte,Publicado,Fica
IPTU – Verificação da Autenticidade da Certidão de Valor Venal,Secretaria Municipal de Fazenda,Tributos,Publicado,Fica
Emissão de carta de isenção tributária por permissão de Táxi/Mototáxi,Secretaria Municipal de Transportes,Tributos,Publicado,Fica
ISS – Apropriação de guia de pagamento (exceto código de receita 129-5),Secretaria Municipal de Fazenda,Tributos,Publicado,Fica
Tesouro – Auto de Infração Administrativo SMFP,Secretaria Municipal de Fazenda,Licenças,Em Edição,Fica
Informações sobre empresas conveniadas com a Prefeitura,Secretaria Municipal de Administração,Servidor,Publicado,Fica
Certidão Municipal de Dispensa de Licenciamento Ambiental (CMD),Secretaria Municipal de Desenvolvimento Urbano e Licenciamento,Meio Ambiente,Publicado,Fica
ID Jovem,Secretaria Municipal de Assistência Social,Cidadania,Publicado,Fica
Informações sobre os Centro de Referência Especializado de Assistência Social – CREAS,Secretaria Municipal de Assistência Social,Cidadania,Publicado,Fica
ISS – Emissão de Certidão de Elementos Cadastrais,Secretaria Municipal de Fazenda,Tributos,Aguardando Aprovação,Fica
Averbação de tempo de contribuição / serviço,Secretaria Municipal de Administração,Servidor,Publicado,Fica
Fiscalização da higiene em mercados e supermercados,"Instituto Municipal de Vigilância Sanitária, Vigilância de Zoonoses e de Inspeção Agropecuária",Saúde,Publicado,Fica
Informações sobre concursos públicos,Secretaria Municipal de Administração,Trabalho,Publicado,Fica
Informações sobre o Conselho Tutelar,Secretaria Municipal de Assistência Social,Cidadania,Publicado,Não fica - validado
Nota Carioca – Cadastro Municipal: Número de Inscrição,Secretaria Municipal de Fazenda,Tributos,Em Edição,Fica
Fiscalização de poluição sonora,Secretaria Municipal de Meio Ambiente e Clima,Meio Ambiente,Publicado,Fica
Multa de trânsito paga/não recebida,Secretaria Municipal de Transportes,Transporte,Publicado,Fica
Informações sobre ações de ordenamento urbano,Secretaria Municipal de Ordem Pública,Cidade,Publicado,Não fica - validado
Fundo de proteção animal,Secretaria Municipal de Proteção e Defesa dos Animais,Animais,Publicado,Fica - Validado
Informações sobre a transferência de titularidade de jazigo,Secretaria Municipal de Conservação e Serviços Públicos,Cidade,Em Edição,Fica
Cadastramento de profissional na Rio-Águas,Fundação Instituto das Águas do Município do Rio de Janeiro,Cidade,Publicado,Fica
Atendimento da Coordenadoria Técnica de Perícias Médicas,Secretaria Municipal de Administração,Servidor,Publicado,Fica
ISS - Impugnação a auto de infração ou nota de lançamento,Secretaria Municipal de Fazenda,Tributos,Publicado,Fica
Agendamento e atendimento de audiências,Secretaria Municipal de Desenvolvimento Urbano e Licenciamento,Licenças,Publicado,Fica
Emissão de taxas por permissão em táxi,Secretaria Municipal de Transportes,Transporte,Publicado,Fica
Realização de visita guiada à maternidade,Secretaria Municipal de Saúde,Saúde,Aguardando Aprovação,Fica
Informação sobre a situação dos imóveis no Município do Rio de Janeiro,Secretaria Municipal de Desenvolvimento Urbano e Licenciamento,Cidade,Publicado,Fica
Informações sobre o PIS/PASEP,Secretaria Municipal de Administração,Servidor,Publicado,Fica
Licença Municipal de Operação (LMO),Secretaria Municipal de Desenvolvimento Urbano e Licenciamento,Licenças,Publicado,Fica
Alvará de Licença de Estabelecimento - Solicitação de baixa da atividade,Coordenadoria de Licenciamento e Fiscalização,Licenças,Publicado,Fica
Fiscalização sanitária em serviços de saúde,"Instituto Municipal de Vigilância Sanitária, Vigilância de Zoonoses e de Inspeção Agropecuária",Saúde,Publicado,Fica
Patrimônio – Transferência do foreiro,Superintendência Executiva de Patrimônio Imobiliário,Tributos,Publicado,Fica
Informações sobre o uso de quadras de esporte no Aterro,Secretaria Municipal de Esportes,Cidade,Publicado,Fica
Redução de carga horária do servidor,Secretaria Municipal de Administração,Servidor,Publicado,Fica
Informações sobre leilão de veículos rebocados,Secretaria Municipal de Ordem Pública,Transporte,Publicado,Fica
Informações sobre Planta Aerofotogramétrica (Planta Cadastral),Instituto Municipal de Urbanismo Pereira Passos,Cidade,Publicado,Fica
Cancelamento de cobrança em Dívida Ativa,Procuradoria Geral do Município do Rio de Janeiro,Tributos,Publicado,Fica
Certidão de inexistência de atividade econômica,Coordenadoria de Licenciamento e Fiscalização,Licenças,Publicado,Fica
Informações sobre a inclusão de alunos da Educação Especial,Secretaria Municipal de Educação,Educação,Publicado,Fica
Manutenção de sinalização gráfica horizontal viária,Companhia de Engenharia de Tráfego do Rio de Janeiro,Transporte,Publicado,Fica
Licença de edificação unifamiliar ou bifamiliar,Secretaria Municipal de Desenvolvimento Urbano e Licenciamento,Licenças,Publicado,Fica
Informações sobre o Super Centro Carioca de Saúde,Secretaria Municipal de Saúde,Saúde,Em Edição,Fica
Fiscalização de corte ou sacrifício de árvore,Secretaria Municipal de Meio Ambiente e Clima,Meio Ambiente,Publicado,Fica
Verificação de alteração indevida de itinerário de ônibus,Secretaria Municipal de Transportes,Transporte,Publicado,Fica
Informações sobre desvios e interdições de vias,Companhia de Engenharia de Tráfego do Rio de Janeiro,Transporte,Aguardando Aprovação,Fica
ISS – Certidão de Pagamento de ISS ou Taxa,Secretaria Municipal de Fazenda,Tributos,Publicado,Fica
Informações sobre o auxílio medicamento,Instituto de Previdência e Assistência do Município do Rio de Janeiro,Servidor,Publicado,Fica
ISS – Acréscimos Moratórios,Secretaria Municipal de Fazenda,Tributos,Publicado,Fica
Fiscalização de poluição do ar,Secretaria Municipal de Meio Ambiente e Clima,Meio Ambiente,Publicado,Fica
Fiscalização de eventos com exposição de animais,"Instituto Municipal de Vigilância Sanitária, Vigilância de Zoonoses e de Inspeção Agropecuária",Saúde,Publicado,Fica
Informações sobre os endereços da Rio-Águas e Zona Oeste Mais Saneamento,Fundação Instituto das Águas do Município do Rio de Janeiro,Cidade,Em Edição,Não fica - validado
Licença de demolição de edificação,Secretaria Municipal de Desenvolvimento Urbano e Licenciamento,Licenças,Publicado,Fica
Segunda via de cotas de pagamento em Dívida Ativa,Procuradoria Geral do Município do Rio de Janeiro,Tributos,Publicado,Fica
ISS – Visto Fiscal/Inclusão Predial – Ciência de Nota de Lançamento,Secretaria Municipal de Fazenda,Tributos,Publicado,Fica
Fiscalização de marquises e estruturas,Secretaria Municipal de Desenvolvimento Urbano e Licenciamento,Cidade,Publicado,Fica
Instalação e manutenção de placas de identificação de rua,Secretaria Municipal de Conservação e Serviços Públicos,Cidade,Publicado,Fica
Informações sobre consulta e estorno de pagamento de benefícios / auxílios,Instituto de Previdência e Assistência do Município do Rio de Janeiro,Servidor,Publicado,Fica
"Requerimento para acumulação de cargos, empregos e funções na Administração Direta e Indireta",Secretaria Municipal de Administração,Servidor,Publicado,Fica
Nota Carioca – Denúncia de não emissão da nota,Secretaria Municipal de Fazenda,Tributos,Em Edição,Fica
Fiscalização de transporte complementar,Secretaria Municipal de Ordem Pública,Transporte,Publicado,Fica
Instalação do Validador Jaé,Secretaria Municipal de Transportes,Transporte,Publicado,Fica
Requerimento para emissão do Perfil Profissiográfico Previdenciário – PPP,Secretaria Municipal de Administração,Servidor,Publicado,Fica
Nota Carioca – Retenção: tomadores de serviços de outros municípios,Secretaria Municipal de Fazenda,Tributos,Em Edição,Fica
Nota Carioca – Cadastramento no sistema e Certificado digital,Secretaria Municipal de Fazenda,Tributos,Em Edição,Fica
Informações sobre o Pró-Carioca - Programa de Fomento à Cultura Carioca,Secretaria Municipal de Cultura,Cultura,Publicado,Não fica - validado
Fornecimento de informações sobre PAA e PAL,Secretaria Municipal de Desenvolvimento Urbano e Licenciamento,Cidade,Publicado,Fica
Informações sobre o sistema de custo de obras,Secretaria Municipal de Infraestrutura,Cidade,Publicado,Fica
Informações sobre Auto de Interdição da Defesa Civil,Subsecretaria de Proteção e Defesa Civil,Cidade,Aguardando Aprovação,Fica
Feiras Especiais de Artes - Feirartes,Secretaria Municipal de Cultura,Cultura,Publicado,Fica
Certidão de Histórico de Revisão de Numeração,Secretaria Municipal de Desenvolvimento Urbano e Licenciamento,Cidade,Publicado,Fica
Consulta de validade de contracheques,Secretaria Municipal de Administração,Servidor,Publicado,Fica
Insatisfação com o atendimento da Central 1746,Secretaria Municipal da Casa Civil,Cidadania,Publicado,Fica
Licenciamento de reparo emergencial em vias públicas,Secretaria Municipal de Conservação e Serviços Públicos,Licenças,Publicado,Fica
RECRED – Programa de Recuperação de Créditos de Multas Disciplinares,Secretaria Municipal de Transportes,Transporte,Publicado,Fica - Validado
Solicitação de orientação do COMDEF-RIO,Secretaria Municipal da Pessoa com Deficiência,Cidadania,Publicado,Não fica - validado
Reparo de tampão ou poste danificado ou fora de prumo,Companhia Municipal de Energia e Iluminação,Cidade,Publicado,Fica - Validado
Informações sobre acolhimento institucional de adultos idosos e famílias em vulnerabilidade,Secretaria Municipal de Assistência Social,Família,Em Edição,Não fica - validado
Patrimônio – Parcelamento de foros anuais em atraso,Superintendência Executiva de Patrimônio Imobiliário,Tributos,Publicado,Fica
ISS – Paralisação temporária da atividade,Secretaria Municipal de Fazenda,Tributos,Publicado,Fica
"ISS - Certidão de Visto Fiscal para fins de ""Habite-se"" ou aceitação da obra",Secretaria Municipal de Fazenda,Tributos,Publicado,Fica
Emissão de Declaração de Tempo de Contribuição,Secretaria Municipal de Administração,Servidor,Publicado,Fica
ISS – Declaração de Pessoa Não Inscrita,Secretaria Municipal de Fazenda,Tributos,Aguardando Aprovação,Fica
Transação individualizada em Dívida Ativa,Procuradoria Geral do Município do Rio de Janeiro,Tributos,Publicado,Fica
Patrimônio – Permissão de uso de imóvel municipal,Superintendência Executiva de Patrimônio Imobiliário,Cidade,Em Edição,Fica
Atendimento clínico para animais com Esporotricose,Secretaria Municipal de Proteção e Defesa dos Animais,Animais,Publicado,Fica - Validado
Troca de endereço de correspondência / e-mail de inativo ou pensionista no Previ-rio,Instituto de Previdência e Assistência do Município do Rio de Janeiro,Servidor,Publicado,Fica
ITBI – Abertura de processo sem formulário específico,Secretaria Municipal de Fazenda,Tributos,Aguardando Aprovação,Fica
Limpeza de praias,Companhia Municipal de Limpeza Urbana,Cidade,Publicado,Fica
ITBI – Processo de Parcelamento de crédito,Secretaria Municipal de Fazenda,Tributos,Aguardando Aprovação,Fica
Fiscalização de banca de jornal,Coordenadoria de Licenciamento e Fiscalização,Cidade,Publicado,Fica
Vista de processo ou requerimento em Dívida Ativa,Procuradoria Geral do Município do Rio de Janeiro,Tributos,Publicado,Fica
Nota Carioca - Simples Nacional: emissão de nota carioca e procedimentos,Secretaria Municipal de Fazenda,Tributos,Em Edição,Fica
Informações sobre ressarcimento de danos à terceiros no caso de acidentes com veículos e/ou equipamentos da COMLURB,Companhia Municipal de Limpeza Urbana,Cidade,Aguardando Aprovação,Fica - Validado
Licença Municipal Simplificada (LMS),Secretaria Municipal de Desenvolvimento Urbano e Licenciamento,Licenças,Publicado,Fica
Fiscalização de obras em Área de Especial Interesse Social ou Comunidade,Secretaria Municipal de Ordem Pública,Cidade,Publicado,Fica
Programa de Atenção Domiciliar ao Idoso (PADI),Secretaria Municipal de Saúde,Saúde,Publicado,Fica
Informações sobre o auxílio adoção,Instituto de Previdência e Assistência do Município do Rio de Janeiro,Servidor,Publicado,Fica
Atendimento em maternidades,Secretaria Municipal de Saúde,Saúde,Publicado,Fica
Informações sobre poda de árvores em áreas privadas,Fundação Parques e Jardins,Meio Ambiente,Publicado,Fica
Licenciamento para execução de obra e/ou reparo programados em vias públicas,Secretaria Municipal de Conservação e Serviços Públicos,Licenças,Publicado,Fica
Autorização para publicidade vinculada a eventos,"Riocentro S.A. - Centro de Feiras, Exposições e Congressos do Rio de Janeiro",Licenças,Publicado,Fica
Mensagens de alerta da Defesa Civil,Subsecretaria de Proteção e Defesa Civil,Segurança,Publicado,Fica
Informações sobre o treinamento para taxistas,Secretaria Municipal de Transportes,Transporte,Publicado,Fica
Licença para construção de muro ou gradis,Secretaria Municipal de Desenvolvimento Urbano e Licenciamento,Cidade,Publicado,Fica
Captura para análise de morcegos caídos ou que atacaram pessoas e/ou animais,Secretaria Municipal de Proteção e Defesa dos Animais,Animais,Publicado,Fica
Declaração eletrônica de Nada Consta do servidor,Controladoria Geral do Município do Rio de Janeiro,Servidor,Publicado,Fica
ISS – Emissão de declaração de realização de eventos,Secretaria Municipal de Fazenda,Tributos,Em Edição,Fica
Carteira de Trabalho Digital,Secretaria Municipal de Trabalho e Renda,Cidadania,Publicado,Fica - Validado
Usucapião Extrajudicial,Procuradoria Geral do Município do Rio de Janeiro,Cidadania,Publicado,Fica - Validado
Carta de cobrança e informações sobre existência de débitos,Secretaria Municipal de Fazenda,Tributos,Em Edição,Fica
Nota Carioca - Emissão: autorização e procedimento,Secretaria Municipal de Fazenda,Tributos,Em Edição,Fica
Cadastramento de CPF/CNPJ,Secretaria Municipal de Fazenda,Tributos,Em Edição,Fica
Cursos de Astronomia no Planetário do Rio,Fundação Planetário da Cidade do Rio de Janeiro,Cultura,Em Edição,Fica
Emissão de Certidão de Pagamento de ITBI - 2ª via,Secretaria Municipal de Fazenda,Tributos,Em Edição,Fica
Frequência irregular de coleta seletiva,Companhia Municipal de Limpeza Urbana,Meio Ambiente,Publicado,Fica
Eleições para Conselheiro Tutelar do Rio de Janeiro,Secretaria Municipal de Assistência Social,Família,Em Edição,Fica - Validado
Reparo em gradis e guarda-corpo de viadutos e pontes,Secretaria Municipal de Conservação e Serviços Públicos,Cidade,Publicado,Fica
Fiscalização do atendimento prestado pela Zona Oeste Mais Saneamento,Fundação Instituto das Águas do Município do Rio de Janeiro,Ouvidoria,Em Edição,Não fica - validado
Nota Carioca - Informações sobre carta de correção,Secretaria Municipal de Fazenda,Tributos,Em Edição,Fica
Informações sobre a administração de medicamentos em Unidade Escolar,Secretaria Municipal de Educação,Educação,Publicado,Não fica - validado
ITBI – Relatório de Reposição (inventário e separação/divórcio) ou de Extinção de Condomínio após o pagamento da guia,Secretaria Municipal de Fazenda,Tributos,Aguardando Aprovação,Fica
Requerimento para implantação ou reposição de equipamento de fiscalização eletrônica (CET-Rio),Companhia de Engenharia de Tráfego do Rio de Janeiro,Transporte,Publicado,Fica
Retirada de caçamba particular cheia,Companhia Municipal de Limpeza Urbana,Cidade,Publicado,Fica
Manutenção de banheiros públicos,Superintendência Executiva de Patrimônio Imobiliário,Cidade,Aguardando Aprovação,Fica
Inclusão de veículos em Modais de Transporte,Secretaria Municipal de Transportes,Transporte,Publicado,Fica
"Licença para construção ou modificação de edificação/ LICIN, prorrogação de licença",Secretaria Municipal de Desenvolvimento Urbano e Licenciamento,Cidade,Publicado,Fica
Informações sobre doação de livros,Secretaria Municipal de Educação,Educação,Publicado,Fica
Cadastramento de imóvel de benfeitoria/posse,Secretaria Municipal de Fazenda,Tributos,Em Edição,Fica
Requerimento para implantação de quebra-molas,Companhia de Engenharia de Tráfego do Rio de Janeiro,Transporte,Publicado,Fica
ITBI – Impugnação de lançamento e recurso de decisão,Secretaria Municipal de Fazenda,Tributos,Publicado,Fica
Relação de licenças ambientais emitidas,Secretaria Municipal de Desenvolvimento Urbano e Licenciamento,Meio Ambiente,Publicado,Fica
Solicitação de implantação ou remanejamento de ponto de ônibus,Secretaria Municipal de Transportes,Transporte,Publicado,Fica
Informações sobre o Censo Cadastral Previdenciário,Instituto de Previdência e Assistência do Município do Rio de Janeiro,Servidor,Publicado,Fica
Requerimento para instalação de sinal de trânsito,Companhia de Engenharia de Tráfego do Rio de Janeiro,Transporte,Publicado,Fica
Restituição de indébito em Dívida Ativa,Procuradoria Geral do Município do Rio de Janeiro,Tributos,Publicado,Fica
ISS – Cálculo do valor atualizado de débito não inscrito em Dívida Ativa,Secretaria Municipal de Fazenda,Tributos,Publicado,Fica
Alvará - Recurso de Consulta Prévia,Coordenadoria de Licenciamento e Fiscalização,Licenças,Publicado,Fica
Requerimento para implantação de área para carga e descarga comum ou temporária para obras,Companhia de Engenharia de Tráfego do Rio de Janeiro,Transporte,Publicado,Fica
ISS - Solicitação de envio de débito de ISS para Dívida Ativa,Secretaria Municipal de Fazenda,Tributos,Publicado,Fica
Consulta de requerimentos na Vigilância Sanitária,"Instituto Municipal de Vigilância Sanitária, Vigilância de Zoonoses e de Inspeção Agropecuária",Saúde,Publicado,Fica
Alteração no nome do proprietário no cadastro do IPTU,Secretaria Municipal de Fazenda,Tributos,Em Edição,Fica
Observação do Céu no Planetário do Rio,Fundação Planetário da Cidade do Rio de Janeiro,Cultura,Em Edição,Fica
"Alteração na escolaridade nos cargos de merendeira, agente educador e inspetor para aposentados",Instituto de Previdência e Assistência do Município do Rio de Janeiro,Servidor,Publicado,Não fica - validado
Informações sobre o Sistema de Notificação Eletrônica (SNE),Secretaria Municipal de Transportes,Transporte,Publicado,Fica
Informações sobre sinaleiras de garagem,Secretaria Municipal de Desenvolvimento Urbano e Licenciamento,Cidade,Publicado,Não fica - validado
Informações sobre desaparecimento/remoção de ossada humana em cemitério,Secretaria Municipal de Conservação e Serviços Públicos,Cidade,Aguardando Aprovação,Fica - Validado
Fiscalização de desmatamento,Secretaria Municipal de Meio Ambiente e Clima,Meio Ambiente,Publicado,Fica
Realização de exames de imagem em animais,Secretaria Municipal de Proteção e Defesa dos Animais,Animais,Publicado,Fica
"ISS - Informações sobre reconhecimento de imunidade, não incidência, isenção e redução de ISS",Secretaria Municipal de Fazenda,Tributos,Publicado,Fica
Notificação de casos de intolerância étnico-racial,Secretaria Especial de Direitos Humanos e Igualdade Racial,Cidadania,Publicado,Fica
Multa de Trânsito - Solicitação de cópia de Aviso de Recebimento,Secretaria Municipal de Transportes,Transporte,Publicado,Fica
Solicitação de reforma de jardins de praças ou de canteiros centrais,Fundação Parques e Jardins,Cidade,Publicado,Fica
Credenciamento de profissionais e empresas na Fundação Parques e Jardins,Fundação Parques e Jardins,Meio Ambiente,Publicado,Fica
Informações sobre as Embaixadas Cariocas,Secretaria Especial de Integração Metropolitana,Cidadania,Publicado,Fica
Informações sobre Acolhimento Institucional de crianças e adolescentes,Secretaria Municipal de Assistência Social,Família,Em Edição,Fica
Informações sobre portabilidade bancária (troca de Banco) para aposentados e pensionistas,Instituto de Previdência e Assistência do Município do Rio de Janeiro,Servidor,Publicado,Fica
"Ingresso ou baixa em cooperativa, associação ou prestadora de serviço de táxi",Secretaria Municipal de Transportes,Transporte,Publicado,Fica
Vistoria pós-incêndio,Subsecretaria de Proteção e Defesa Civil,Cidade,Publicado,Fica
Acompanhamento de solicitação no Procon Carioca,Secretaria Especial de Proteção e Defesa do Consumidor,Cidadania,Publicado,Fica - Validado
Reparo de luminária fora de posição,Companhia Municipal de Energia e Iluminação,Cidade,Publicado,Fica
Vistoria em ônibus,Secretaria Municipal de Transportes,Transporte,Publicado,Fica
Baixa de veículos dos modais de transporte,Secretaria Municipal de Transportes,Transporte,Publicado,Fica
Registro de engenheiros e empresas do ramo de aparelhos de transporte,Companhia Municipal de Energia e Iluminação,Licenças,Publicado,Fica
Emissão de Cópia Autêntica (Defesa Civil),Subsecretaria de Proteção e Defesa Civil,Cidade,Publicado,Fica
Cadastro Moto.Rio,Secretaria Municipal de Transportes,Transporte,Publicado,Não fica - validado
Remoção de animais mortos em via pública,Companhia Municipal de Limpeza Urbana,Cidade,Publicado,Fica
Informações sobre o Arquivo Geral da Cidade,Secretaria Municipal de Cultura,Cultura,Publicado,Fica
Informações sobre endereços de cemitérios e serviços funerários,Secretaria Municipal de Conservação e Serviços Públicos,Cidade,Aguardando Aprovação,Fica - Validado
Consulta a andamento de processos físicos de licenciamento ambiental,Secretaria Municipal de Desenvolvimento Urbano e Licenciamento,Meio Ambiente,Publicado,Fica
Legalização de obra e/ou reparo em vias públicas,Secretaria Municipal de Conservação e Serviços Públicos,Licenças,Publicado,Fica
Reparo de poste ou tampão da Rioluz dando choque,Companhia Municipal de Energia e Iluminação,Cidade,Publicado,Fica
Manutenção de equipamentos das Academias da Terceira Idade (ATI),Secretaria Municipal do Envelhecimento Saudável e Qualidade de Vida,Saúde,Publicado,Fica
Fiscalização sanitária em serviços de embelezamento e atividades físicas,"Instituto Municipal de Vigilância Sanitária, Vigilância de Zoonoses e de Inspeção Agropecuária",Saúde,Publicado,Fica
Habilitação prévia de beneficiário para recebimento do Pecúlio,Instituto de Previdência e Assistência do Município do Rio de Janeiro,Servidor,Publicado,Fica
Verificação de Autenticidade de Documentos de Processos Administrativos,Secretaria Municipal da Casa Civil,Cidadania,Em Edição,Fica - Validado
Informações sobre Portal da Transparência Rio,Secretaria Municipal de Integridade e Transparência,Cidadania,Publicado,Não fica - validado
Inclusão de pessoas com deficiência no mercado de trabalho,Secretaria Municipal da Pessoa com Deficiência,Cidadania,Publicado,Fica
Minhas Bancas de jornais e revistas,Coordenadoria de Licenciamento e Fiscalização,Licenças,Publicado,Fica
Solicitação de desinterdição à Defesa Civil,Subsecretaria de Proteção e Defesa Civil,Cidade,Publicado,Fica
Autorização de Remoção de Vegetação (ARV),Secretaria Municipal de Desenvolvimento Urbano e Licenciamento,Meio Ambiente,Publicado,Fica
Verificação de ocorrências na conexão BRT,Companhia Municipal de Transportes Coletivos,Transporte,Publicado,Fica
Informações sobre bolsa de estudo,Instituto de Previdência e Assistência do Município do Rio de Janeiro,Servidor,Publicado,Fica
Nota Carioca - mensagem de erro no sistema da Nota pela opção do Simples Nacional,Secretaria Municipal de Fazenda,Tributos,Em Edição,Fica
ISS – Retirada de bloqueio da inscrição municipal,Secretaria Municipal de Fazenda,Tributos,Aguardando Aprovação,Fica
Distribuição de insumos para tratamento de diabetes com insulina,Secretaria Municipal de Saúde,Saúde,Publicado,Fica
Informações sobre a instalação de quebra-molas (após avaliação favorável da CET-RIO),Companhia de Engenharia de Tráfego do Rio de Janeiro,Transporte,Publicado,Fica
Informações sobre os endereços e canais de contato da Zona Oeste Mais Saneamento,Fundação Instituto das Águas do Município do Rio de Janeiro,Cidade,Em Edição,Fica
Informações sobre Conselho Tutelar e justiça contra criança e/ou adolescente,Secretaria Municipal de Assistência Social,Família,Em Edição,Fica - Validado
Fiscalização de danos ao patrimônio público,Guarda Municipal do Rio de Janeiro,Cidade,Publicado,Fica
Casas da Mulher Carioca,Secretaria Especial de Políticas para Mulheres e Cuidados,Cidadania,Publicado,Fica
Alegação de pagamento em Dívida Ativa,Procuradoria Geral do Município do Rio de Janeiro,Tributos,Publicado,Fica
TAXI.RIO Cidades - Informações sobre utilização do aplicativo,Empresa Municipal de Informática S.A.,Transporte,Publicado,Fica
Recurso contra negativa ou omissão de Acesso à Informação,Secretaria Municipal de Integridade e Transparência,Lei de Acesso à Informação (LAI),Publicado,Fica
Fiscalização de drenagem irregular,Secretaria Municipal de Conservação e Serviços Públicos,Cidade,Publicado,Fica
Recurso para auto de infração de atividade econômica,Coordenadoria de Licenciamento e Fiscalização,Licenças,Publicado,Fica
Reparo de tampão de sinal de trânsito quebrado ou ausente e de cabos expostos de sinal de transito,Companhia de Engenharia de Tráfego do Rio de Janeiro,Trânsito,Publicado,Fica
ISS – Vista de Processo da Gerência de Fiscalização,Secretaria Municipal de Fazenda,Tributos,Em Edição,Fica
Projeto NUPDEC – Núcleo de Proteção e Defesa Civil,Subsecretaria de Proteção e Defesa Civil,Cidadania,Publicado,Fica - Validado
Enquadramento de nível por curso de formação para professores,Secretaria Municipal de Administração,Servidor,Publicado,Fica
Criação de Conta Mobilidade Rio – Bilhetagem Digital Jaé,Secretaria Municipal de Transportes,Transporte,Publicado,Fica
Reconhecimento e sugestão de nominação de logradouros,Secretaria Municipal de Desenvolvimento Urbano e Licenciamento,Cidade,Publicado,Fica
"Nota Carioca – Emissão: casos de isentos, imunes e devedores do ISS",Secretaria Municipal de Fazenda,Tributos,Em Edição,Fica
Programa Selo de Acessibilidade e Inclusão,Secretaria Municipal da Pessoa com Deficiência,Cidadania,Em Edição,Fica
Fiscalização de poluição do solo,Secretaria Municipal de Meio Ambiente e Clima,Meio Ambiente,Publicado,Fica
Informações sobre senha para os benefícios,Instituto de Previdência e Assistência do Município do Rio de Janeiro,Servidor,Publicado,Fica
Fiscalização de abrigos para idosos (casas de repouso) por relatos de maus tratos,Secretaria Municipal do Envelhecimento Saudável e Qualidade de Vida,Licenças,Publicado,Fica
Valor das alíquotas e base de cálculo,Secretaria Municipal de Fazenda,Tributos,Em Edição,Fica
Tesouro – Cadastro dos dados bancários de Pessoas Físicas e Jurídicas,Secretaria Municipal de Fazenda,Tributos,Em Edição,Fica
Alteração de autorização de comércio ambulante,Coordenadoria de Licenciamento e Fiscalização,Ordem Pública,Publicado,Fica
Solicitação de alteração ou implantação de ponto de táxi,Secretaria Municipal de Transportes,Transporte,Publicado,Fica
Informações sobre atendimento à mulher vítima de violência (CEAM),Secretaria Especial de Políticas para Mulheres e Cuidados,Cidadania,Publicado,Fica
Fiscalização de poluição da água,Secretaria Municipal de Meio Ambiente e Clima,Meio Ambiente,Publicado,Fica
Licenciamento de aparelhos de transporte,Companhia Municipal de Energia e Iluminação,Licenças,Publicado,Fica
Limpeza de margens de rios,Companhia Municipal de Limpeza Urbana,Cidade,Publicado,Fica
Calendário da rede de Rodas de Samba,Secretaria Municipal de Cultura,Cultura,Publicado,Não fica - validado
Secretaria Municipal de Esportes,Secretaria Municipal de Esportes,Cultura,Publicado,Provavelmente fica
Informações sobre merenda escolar,Secretaria Municipal de Educação,Educação,Publicado,Não fica - validado
Certificado de Proteção do Imóvel,Secretaria Municipal de Desenvolvimento Urbano e Licenciamento,Cidade,Publicado,Fica
Informações sobre o Programa de Apoio ao Ensino Médio,Secretaria Municipal de Educação,Educação,Publicado,Fica
Informações sobre cadastro no Auxílio Habitacional Temporário,Secretaria Municipal de Habitação,Cidade,Publicado,Fica
Programa Cadeira Cativa - Ingressos gratuitos,Secretaria Municipal de Cultura,Cultura,Em Edição,Fica
Informações sobre Licitação e Pregão,Secretaria Municipal de Administração,Licenças,Publicado,Não fica - validado
Suspensão do abono de permanência,Instituto de Previdência e Assistência do Município do Rio de Janeiro,Servidor,Publicado,Fica
Informações sobre o Sistema BRT do Rio de Janeiro,Companhia Municipal de Transportes Coletivos,Transporte,Publicado,Fica
Fiscalização de animais silvestres em cativeiro,Secretaria Municipal de Meio Ambiente e Clima,Meio Ambiente,Publicado,Fica
"Licença Ambiental Municipal Comunicada para atividades industriais, de comércio e serviços (LAC)",Secretaria Municipal de Desenvolvimento Urbano e Licenciamento,Meio Ambiente,Publicado,Fica
Plano de Saúde - movimentações,Instituto de Previdência e Assistência do Município do Rio de Janeiro,Servidor,Publicado,Fica
Informações sobre cursos da Vigilância Sanitária,"Instituto Municipal de Vigilância Sanitária, Vigilância de Zoonoses e de Inspeção Agropecuária",Saúde,Publicado,Fica
Fiscalização da exposição de publicidade irregular,Coordenadoria de Licenciamento e Fiscalização,Cidade,Publicado,Fica
Requerimento de licença para trato de interesses particulares,Secretaria Municipal de Administração,Servidor,Publicado,Fica
Permuta de veículo – Táxi/Mototáxi,Secretaria Municipal de Transportes,Transporte,Publicado,Fica - Validado
Relação de empresas licenciadas para receber resíduos da construção civil (RCC),Secretaria Municipal de Desenvolvimento Urbano e Licenciamento,Meio Ambiente,Publicado,Fica
"Conservação e manutenção de passarelas, viadutos, pontes e túneis revestidos",Secretaria Municipal de Infraestrutura,Cidade,Publicado,Fica
Informações do Jaé no MetrôRio,Secretaria Municipal de Transportes,Transporte,Publicado,Fica
"Instalação, remoção e manutenção de placa com nome de rua",Superintendência Executiva de Patrimônio Imobiliário,Cidade,Publicado,Fica
ISS – Pagamento de Auto de Infração de ISS com desconto,Secretaria Municipal de Fazenda,Tributos,Em Edição,Fica
Informações sobre vacinação humana,Secretaria Municipal de Saúde,Saúde,Publicado,Fica
Informações sobre acerto de vida escolar (avanço ou retenção de ano),Secretaria Municipal de Educação,Educação,Publicado,Não fica - validado
Informações sobre Painel de Transparência de Obras do município do Rio de Janeiro,Secretaria Municipal de Infraestrutura,Cidade,Publicado,Fica
Informações sobre sinalização indicativa de serviço,Companhia de Engenharia de Tráfego do Rio de Janeiro,Transporte,Publicado,Fica
Prorrogação de prazo para vistoria de táxi,Secretaria Municipal de Transportes,Transporte,Publicado,Fica
Requerimento de readaptação do servidor,Secretaria Municipal de Administração,Servidor,Publicado,Fica
Informações sobre os Centros de Atenção Psicossocial (CAPS),Secretaria Municipal de Saúde,Saúde,Publicado,Fica
Multa de trânsito - Verificação da troca de Real Infrator,Secretaria Municipal de Transportes,Trânsito,Publicado,Fica
Licenciamento de serviço em vias públicas,Secretaria Municipal de Conservação e Serviços Públicos,Licenças,Publicado,Fica
Reparo de rampa de acesso em vias públicas,Secretaria Municipal de Conservação e Serviços Públicos,Cidade,Publicado,Fica
Cadastramento de Protetores Voluntários e de Protetores de Colônias,Secretaria Municipal de Proteção e Defesa dos Animais,Animais,Publicado,Fica
Informações sobre cadastramento para obtenção de gratuidade especial do Jaé,Secretaria Municipal de Saúde,Saúde,Publicado,Fica
Projeto Agente Experiente,Secretaria Municipal do Envelhecimento Saudável e Qualidade de Vida,Cidadania,Publicado,Fica
Informações sobre cobrança antecipada (tabelada) de corridas de táxi,Secretaria Municipal de Transportes,Transporte,Publicado,Fica
Informações sobre endereços de escolas municipais,Secretaria Municipal de Educação,Educação,Publicado,Não fica - validado
"Implantação de equipamentos de lazer em parques, praças e áreas verdes da cidade",Fundação Parques e Jardins,Cidade,Publicado,Fica
Avaliação de surto por doença transmitida por alimentos e água,"Instituto Municipal de Vigilância Sanitária, Vigilância de Zoonoses e de Inspeção Agropecuária",Saúde,Publicado,Fica
Planejamento urbano local e regional,Secretaria Municipal de Desenvolvimento Urbano e Licenciamento,Cidade,Publicado,Provavelmente não fica
Nota Carioca - Emissão de nota fiscal eletrônica,Secretaria Municipal de Fazenda,Tributos,Publicado,Fica
Casas de Convivência e Lazer para pessoas idosas,Secretaria Municipal do Envelhecimento Saudável e Qualidade de Vida,Saúde,Publicado,Fica
Nota Carioca – Retenção: tributos federais e ISS,Secretaria Municipal de Fazenda,Tributos,Em Edição,Fica
Inclusão de veículo - Táxi/Mototáxi,Secretaria Municipal de Transportes,Transporte,Publicado,Fica - Validado
Fiscalização de quiosque de praia,Coordenadoria de Licenciamento e Fiscalização,Licenças,Publicado,Fica
TAXI.RIO Cidades - Verificação de problemas no aplicativo,Empresa Municipal de Informática S.A.,Transporte,Publicado,Fica
Desvinculação em Dívida Ativa,Procuradoria Geral do Município do Rio de Janeiro,Tributos,Publicado,Fica
Gestão de contratos e/ou créditos habitacionais dos imóveis construídos pela RIO-URBE,Empresa Municipal de Urbanização - RIO-URBE,Cidade,Publicado,Fica
Baixa de Autorização de Publicidade,Coordenadoria de Licenciamento e Fiscalização,Licenças,Publicado,Fica
Homologação de materiais e equipamentos de iluminação pública,Companhia Municipal de Energia e Iluminação,Licenças,Publicado,Fica
Solicitação para ligação de águas pluviais na rede pública,Secretaria Municipal de Conservação e Serviços Públicos,Cidade,Publicado,Fica
Licença Municipal Prévia e de Instalação (LMPI),Secretaria Municipal de Desenvolvimento Urbano e Licenciamento,Licenças,Publicado,Fica
Certificado de Adequação de Imóvel (CAI) Protegidos pelo Patrimônio Cultural,Secretaria Municipal de Desenvolvimento Urbano e Licenciamento,Tributos,Publicado,Fica
Vistoria em ameaça ou queda de revestimento externo,Subsecretaria de Proteção e Defesa Civil,Cidade,Publicado,Fica
Informações sobre cópia de plantas de cursos d’água e redes de drenagem,Fundação Instituto das Águas do Município do Rio de Janeiro,Meio Ambiente,Em Edição,Fica
Alterações cadastrais em Dívida Ativa,Procuradoria Geral do Município do Rio de Janeiro,Tributos,Publicado,Fica
Informações sobre cremação de corpo ou membros,Secretaria Municipal de Conservação e Serviços Públicos,Cidade,Aguardando Aprovação,Fica
Projeto Vida Ativa,Secretaria Municipal do Envelhecimento Saudável e Qualidade de Vida,Saúde,Publicado,Fica
"Vistoria em ameaça de deslizamento de barreira, encosta e talude",Subsecretaria de Proteção e Defesa Civil,Cidade,Publicado,Fica
ISS – Cadastro de Contribuintes Autônomos no Emissor Nacional (NFS-e),Secretaria Municipal de Fazenda,Tributos,Publicado,Fica
ISS - Recurso Voluntário,Secretaria Municipal de Fazenda,Tributos,Publicado,Fica
ISS – Impugnação ao indeferimento da opção pelo Simples Nacional,Secretaria Municipal de Fazenda,Tributos,Publicado,Fica
Infração ao Código Disciplinar de Transporte de Passageiros - Defesa Prévia,Secretaria Municipal de Transportes,Transporte,Publicado,Fica
Circuito Carioca de Economia Solidária,Secretaria Municipal de Trabalho e Renda,Licenças,Publicado,Fica
Autorização de pesquisa em Unidades de Conservação,Secretaria Municipal de Meio Ambiente e Clima,Meio Ambiente,Publicado,Fica
Cadastro no ‘Push Processo’ para mensagens sobre o andamento de Processos Físicos,Secretaria Municipal da Casa Civil,Ouvidoria,Em Edição,Fica - Validado
ISS – Cumprimento de Exigência da Gerência de Fiscalização do ISS,Secretaria Municipal de Fazenda,Tributos,Publicado,Fica
"Vistoria em ameaça ou queda de passarela, ponte, viaduto e demais estruturas públicas",Subsecretaria de Proteção e Defesa Civil,Cidade,Publicado,Fica
Informações sobre distribuição de uniformes e material escolar,Secretaria Municipal de Educação,Educação,Publicado,Fica
Baixa de veículo - Táxi/Mototáxi,Secretaria Municipal de Transportes,Transporte,Publicado,Fica
Informações sobre os desfiles das Escolas de Samba das Séries Prata e Bronze e Blocos de Enredo,Empresa de Turismo do Município do Rio de Janeiro,Cultura,Publicado,Não fica - validado
"Fiscalização/inspeção de Feiras Livres, Feiras de Artes e Feiras Especiais",Secretaria Municipal de Ordem Pública,Ordem Pública,Publicado,Fica
Solicitação de palestras da Secretaria de Proteção e Defesa dos Animais,Secretaria Municipal de Proteção e Defesa dos Animais,Animais,Publicado,Fica
Requerimento de gratificação por substituição de cargo de confiança de direção,Secretaria Municipal de Administração,Servidor,Em Edição,Fica
Informações sobre surto psicótico,Secretaria Municipal de Saúde,Saúde,Publicado,Fica
Nota Carioca – Emissão de Nota para tomador estrangeiro,Secretaria Municipal de Fazenda,Tributos,Em Edição,Fica
Informações sobre Esgotamento Sanitário,Fundação Instituto das Águas do Município do Rio de Janeiro,Cidade,Em Edição,Não fica - validado
Usucapião,Secretaria Municipal de Fazenda,Cidadania,Em Edição,Não fica - validado
Nota Carioca – Sistema: formas de acesso,Secretaria Municipal de Fazenda,Tributos,Em Edição,Fica
"Nota Carioca – Recibo Provisório de Serviços: cancelamento, conversão e emissão",Secretaria Municipal de Fazenda,Tributos,Em Edição,Fica
Recurso para recuperação de mercadorias e equipamentos apreendidos,Coordenadoria de Controle Urbano,Cidade,Publicado,Fica
Verificação de irregularidades na Bilhetagem Eletrônica,Secretaria Municipal de Transportes,Transporte,Publicado,Fica
Comprovação do auxílio-creche,Instituto de Previdência e Assistência do Município do Rio de Janeiro,Servidor,Publicado,Fica
Campanha de adoção com os animais da Fazenda Modelo: “Maratona de Adoção”,Secretaria Municipal de Proteção e Defesa dos Animais,Animais,Publicado,Fica - Validado
Informações sobre o Projeto de Empreendedorismo Comunitário,Secretaria Municipal de Assistência Social,Família,Em Edição,Provavelmente fica
Abertura de termo para transporte escolar,Secretaria Municipal de Transportes,Transporte,Publicado,Fica
Reparação pós-destoca,Companhia Municipal de Limpeza Urbana,Cidade,Publicado,Fica
Manutenção de relógio digital,Superintendência Executiva de Patrimônio Imobiliário,Cidade,Publicado,Fica
Implantação de praças,Fundação Parques e Jardins,Meio Ambiente,Publicado,Fica
"Vistoria em deslizamento de barreira, encosta e talude",Subsecretaria de Proteção e Defesa Civil,Cidade,Publicado,Fica
ISS – Ciência de Decisão da Gerência de Fiscalização do ISS,Secretaria Municipal de Fazenda,Tributos,Em Edição,Fica
Solicitação para implantação de canteiros  e dispositivos especiais,Secretaria Municipal de Conservação e Serviços Públicos,Cidade,Publicado,Fica
Informações sobre pensão alimentícia de dependente de servidor inativo ou pensionista,Instituto de Previdência e Assistência do Município do Rio de Janeiro,Servidor,Publicado,Fica
ISS – Atividade de incorporação-construção imobiliária,Secretaria Municipal de Fazenda,Tributos,Aguardando Aprovação,Fica
Revisão de Projeto de Alinhamento (P.A.),Secretaria Municipal de Desenvolvimento Urbano e Licenciamento,Cidade,Publicado,Fica
Informações sobre implantação de área para embarque e desembarque,Companhia de Engenharia de Tráfego do Rio de Janeiro,Trânsito,Publicado,Fica
Conservação e manutenção de monumentos e chafarizes,Secretaria Municipal de Conservação e Serviços Públicos,Cidade,Publicado,Fica
Locação de Espaços no Planetário do Rio,Fundação Planetário da Cidade do Rio de Janeiro,Cultura,Em Edição,Fica
Informações sobre multas da SMDU,Secretaria Municipal de Desenvolvimento Urbano e Licenciamento,Cidade,Publicado,Fica
Informações sobre o Programa Hortas Cariocas,Secretaria Municipal de Meio Ambiente e Clima,Meio Ambiente,Publicado,Fica
Informações sobre a Contribuição para Custeio do Serviço de Iluminação Pública (COSIP),Secretaria Municipal de Fazenda,Tributos,Publicado,Fica
Registro de engenheiros e empresas do ramo de ar-condicionado e ventilação mecânica,Companhia Municipal de Energia e Iluminação,Licenças,Publicado,Fica
ISS – Prorrogação de prazo para apresentação de impugnação ou recurso,Secretaria Municipal de Fazenda,Tributos,Publicado,Fica
Revisão de pensão por falecimento,Instituto de Previdência e Assistência do Município do Rio de Janeiro,Servidor,Publicado,Fica
Informações sobre implantação de área de lazer,Companhia de Engenharia de Tráfego do Rio de Janeiro,Cidade,Publicado,Fica
Nota Carioca – Microempreendedor Individual,Secretaria Municipal de Fazenda,Tributos,Em Edição,Fica
Instalação de rampa de acesso em vias públicas,Companhia de Engenharia de Tráfego do Rio de Janeiro,Cidade,Publicado,Fica
Nota Carioca - Pagamento ou recurso de auto de infração,Secretaria Municipal de Fazenda,Tributos,Em Edição,Fica
Nota Carioca – Declaração de ausência de movimento,Secretaria Municipal de Fazenda,Tributos,Em Edição,Fica
Certificado de Aceitação das Condições de Acessibilidade,Secretaria Municipal de Transportes,Licenças,Publicado,Fica
"Transferência de matrícula por falecimento em Feiras Livres, Feiras Móveis, Feiras Especiais e Feirartes",Secretaria Municipal de Ordem Pública,Licenças,Publicado,Fica
"Limpeza, desassoreamento e manutenção de rios e canais",Fundação Instituto das Águas do Município do Rio de Janeiro,Cidade,Aguardando Aprovação,Fica - Validado
Informações sobre o Centro de Referência de Inclusão Produtiva - CRIP,Secretaria Municipal de Assistência Social,Família,Em Edição,Fica
Atendimento para pessoas vítimas de violência,Secretaria Municipal de Assistência Social,Família,Em Edição,Não fica - validado
Histórico de pagamentos em Dívida Ativa,Procuradoria Geral do Município do Rio de Janeiro,Tributos,Publicado,Fica
Licença Ambiental Municipal Prévia (LMP),Secretaria Municipal de Desenvolvimento Urbano e Licenciamento,Licenças,Publicado,Fica
Nota Carioca - Informações sobre crédito pendente,Secretaria Municipal de Fazenda,Tributos,Em Edição,Fica
Informações sobre o sistema Veritas,Secretaria Municipal de Fazenda,Servidor,Publicado,Fica
Desconto em contracheque de débito de encerramento de folha-servidor aposentado,Instituto de Previdência e Assistência do Município do Rio de Janeiro,Servidor,Publicado,Fica
Solicitação de desinterdição em serviços de alimentos e ensino,"Instituto Municipal de Vigilância Sanitária, Vigilância de Zoonoses e de Inspeção Agropecuária",Saúde,Publicado,Fica
"Isenção de TUAP para Feiras Livres, Feiras Móveis, Feiras Especiais e Feirartes",Secretaria Municipal de Ordem Pública,Licenças,Publicado,Fica
Instalação de equipamentos fotovoltaicos em imóveis protegidos,Secretaria Municipal de Desenvolvimento Urbano e Licenciamento,Licenças,Publicado,Fica
Licença para instalação de antenas,Secretaria Municipal de Desenvolvimento Urbano e Licenciamento,Licenças,Publicado,Fica
Informações sobre cães e gatos agressivos ou agressores,Secretaria Municipal de Proteção e Defesa dos Animais,Animais,Publicado,Fica - Validado
Informações sobre assistência financeira para funeral de dependente,Instituto de Previdência e Assistência do Município do Rio de Janeiro,Servidor,Publicado,Fica
"Fiscalização de aterro, terraplanagem ou extração mineral irregular",Secretaria Municipal de Meio Ambiente e Clima,Meio Ambiente,Publicado,Fica
"Nota Carioca - Alteração de usuário, definição de perfil, acesso do contador",Secretaria Municipal de Fazenda,Tributos,Aguardando Aprovação,Fica
Notificação de descumprimento de acordo - Procon Carioca,Secretaria Especial de Proteção e Defesa do Consumidor,Cidadania,Publicado,Fica
"ISS – Pedido de exclusão do nome do responsável, pessoa jurídica (escritório contábil) ou contador, do perfil da Nota Carioca",Secretaria Municipal de Fazenda,Tributos,Aguardando Aprovação,Fica
Projeto Voluntários para atuação em proteção e Defesa Civil,Subsecretaria de Proteção e Defesa Civil,Cidadania,Publicado,Fica
Consulta sobre a regularidade de funcionamento de escola privada de Educação Infantil,Secretaria Municipal de Educação,Educação,Publicado,Fica
Centros Municipais de Referência da Pessoa com Deficiência,Secretaria Municipal da Pessoa com Deficiência,Cidadania,Publicado,Fica - Validado
Informações sobre financiamento imobiliário (carta de crédito),Instituto de Previdência e Assistência do Município do Rio de Janeiro,Servidor,Publicado,Fica
Desarquivamento de processo na Secretaria Municipal de Transportes,Secretaria Municipal de Transportes,Transporte,Publicado,Fica
Solicitação de Licença para tratamento de saúde para servidores municipais,Secretaria Municipal de Administração,Servidor,Publicado,Fica
Fiscalização de captação irregular de água,Secretaria Municipal de Meio Ambiente e Clima,Meio Ambiente,Publicado,Fica
Legislação do Regulamento do IPTU,Secretaria Municipal de Fazenda,Tributos,Em Edição,Fica
Fiscalização de obras de contenção em andamento,Fundação Instituto de Geotécnica do Município do Rio de Janeiro,Cidade,Publicado,Fica
CAD – Conselho de Administração do Previ-Rio,Instituto de Previdência e Assistência do Município do Rio de Janeiro,Servidor,Publicado,Não fica - validado
Cadastro de animais no Sisbicho,Secretaria Municipal de Proteção e Defesa dos Animais,Animais,Publicado,Fica
Editais Rio Capital Mundial do Livro 2025,Secretaria Municipal de Cultura,Cultura,Em Edição,Não fica - validado
Informações sobre o Programa Zonas de Cultura,Secretaria Municipal de Cultura,Cultura,Publicado,Não fica - validado
Informações sobre contagem volumétrica de veículos,Companhia de Engenharia de Tráfego do Rio de Janeiro,Transporte,Em Edição,Fica - Validado
Imposto de Renda para servidor inativo residente no exterior,Instituto de Previdência e Assistência do Município do Rio de Janeiro,Servidor,Publicado,Fica
Informações sobre troca de agência do Banco Santander para servidor inativo e pensionista,Instituto de Previdência e Assistência do Município do Rio de Janeiro,Servidor,Publicado,Fica
Isenção de ISS para empresas que realizaram obras em imóveis protegidos,Secretaria Municipal de Desenvolvimento Urbano e Licenciamento,Tributos,Publicado,Fica
Informações sobre a fiscalização ambiental,Secretaria Municipal de Meio Ambiente e Clima,Meio Ambiente,Publicado,Não fica - validado
Licença Municipal de Instalação (LMI),Secretaria Municipal de Desenvolvimento Urbano e Licenciamento,Licenças,Publicado,Fica
Arborização para liberação de Habite-se,Fundação Parques e Jardins,Meio Ambiente,Publicado,Fica
Vistoria em ameaça de rolamento de pedra,Subsecretaria de Proteção e Defesa Civil,Cidade,Publicado,Fica
Laudo Técnico de imóveis com data de construção igual ou anterior a 1938 e imóveis situados no entorno de bens tombados,Secretaria Municipal de Desenvolvimento Urbano e Licenciamento,Cidade,Publicado,Fica
Informações sobre desapropriação de imóvel para obras de Infraestrutura da SMI,Secretaria Municipal de Infraestrutura,Cidade,Publicado,Fica
Solicitação de transferência de titularidade de comércio ambulante,Coordenadoria de Licenciamento e Fiscalização,Licenças,Publicado,Fica
Licença de obras,Secretaria Municipal de Desenvolvimento Urbano e Licenciamento,Licenças,Publicado,Fica
Licença Municipal de Instalação e Operação (LMIO),Secretaria Municipal de Desenvolvimento Urbano e Licenciamento,Meio Ambiente,Publicado,Fica
Informações sobre vacinação de idosos contra a gripe em domicílio,Secretaria Municipal de Saúde,Saúde,Publicado,Fica
Projetos para novas construções no mesmo lote de imóveis protegidos,Secretaria Municipal de Desenvolvimento Urbano e Licenciamento,Cidade,Publicado,Fica
Corregedoria da Procuradoria Geral do Município do Rio de Janeiro,Procuradoria Geral do Município do Rio de Janeiro,Servidor,Publicado,Fica
Vistoria anual obrigatória - Transporte Complementar,Secretaria Municipal de Ordem Pública,Transporte,Publicado,Fica
Informações sobre a Família Acolhedora,Secretaria Municipal de Assistência Social,Família,Em Edição,Fica
Informações sobre o Parque Nacional da Tijuca,Secretaria Municipal de Meio Ambiente e Clima,Cidade,Publicado,Não fica - validado
Informações sobre fiscalização das instalações de aparelhos de transporte,Companhia Municipal de Energia e Iluminação,Transporte,Publicado,Fica
Busca e cadastramento de locações para produção audiovisual - Rio Film Commission,Distribuidora de Filmes S.A. - RIOFILME,Cultura,Publicado,Fica
Programa Idoso em Família,Secretaria Municipal do Envelhecimento Saudável e Qualidade de Vida,Cidadania,Publicado,Fica
Cópia de acordo de parcelamento em Dívida Ativa,Procuradoria Geral do Município do Rio de Janeiro,Tributos,Publicado,Fica
Informações sobre o Projeto de Volta à Terra Natal,Secretaria Municipal de Assistência Social,Família,Em Edição,Fica - Validado
Informações sobre Educação de Jovens e Adultos (EJA),Secretaria Municipal de Educação,Educação,Publicado,Fica
Verificação de achados e perdidos em táxis,Secretaria Municipal de Transportes,Transporte,Publicado,Fica
Cursos para Servidor Público Municipal - Informações,Secretaria Municipal de Administração,Servidor,Em Edição,Não fica - validado
Restituição de indébito de ISS,Secretaria Municipal de Fazenda,Tributos,Em Edição,Fica - Validado
Suspensão ou não reversão de pensão para filha solteira,Instituto de Previdência e Assistência do Município do Rio de Janeiro,Servidor,Publicado,Fica
Informações sobre inscrição para estágio na Riotur,Empresa de Turismo do Município do Rio de Janeiro,Cultura,Publicado,Fica
Encerramento de folha de pagamento do servidor público ativo,Secretaria Municipal de Administração,Servidor,Publicado,Fica
Naves do Conhecimento,"Secretaria Municipal de Ciência, Tecnologia e Inovação",Educação,Publicado,Fica
Cadastro para acesso às Cozinhas Comunitárias,Secretaria Municipal de Trabalho e Renda,Cidadania,Publicado,Fica
Busca e cadastramento de prestadores de serviço para produção audiovisual - Rio Film Commission,Distribuidora de Filmes S.A. - RIOFILME,Cultura,Publicado,Fica
Informações sobre a MultiRio,MULTIRIO - Empresa Municipal de Multimeios Ltda.,Educação,Publicado,Não fica - validado
Licenciamento de obra para atendimento ao consumidor em vias públicas,Secretaria Municipal de Conservação e Serviços Públicos,Licenças,Publicado,Fica
Instalação de temporizador de iluminação pública,Companhia Municipal de Energia e Iluminação,Cidade,Publicado,Fica - Validado
Informações sobre o programa de educação animal,Secretaria Municipal de Proteção e Defesa dos Animais,Animais,Publicado,Fica
Abertura de termo para transporte fretamento - Turismo / Eventos,Secretaria Municipal de Transportes,Transporte,Publicado,Fica
Termo Municipal de Encerramento (TME),Secretaria Municipal de Desenvolvimento Urbano e Licenciamento,Meio Ambiente,Publicado,Fica
Nota Carioca – Base de Cálculo: Deduções,Secretaria Municipal de Fazenda,Tributos,Em Edição,Fica
Autorização para Manejo de Fauna (AMF),Secretaria Municipal de Desenvolvimento Urbano e Licenciamento,Meio Ambiente,Publicado,Fica
Informações sobre Educação Ambiental no município do Rio de Janeiro,Secretaria Municipal de Meio Ambiente e Clima,Meio Ambiente,Publicado,Fica
Inscrição em Programa de Tratamento Antitabagismo,Secretaria Municipal de Saúde,Saúde,Publicado,Fica
Procuradoria Administrativa – PADM,Procuradoria Geral do Município do Rio de Janeiro,Servidor,Em Edição,Fica
Informações sobre posicionamento por tempo de serviço,Secretaria Municipal de Administração,Servidor,Publicado,Fica
Postos de Informações Turísticas da RIOTUR,Empresa de Turismo do Município do Rio de Janeiro,Cultura,Publicado,Fica
Informações sobre o Programa Documenta Rio,Secretaria Municipal de Assistência Social,Cidadania,Publicado,Fica
Cartão de Estacionamento para prestadores de serviços de utilidade pública,Secretaria Municipal de Transportes,Transporte,Publicado,Fica
Inclusão de Auxiliar - Transporte Complementar,Secretaria Municipal de Ordem Pública,Transporte,Publicado,Fica
Informações sobre Isenção / Imunidade / Não incidência no ISS,Secretaria Municipal de Fazenda,Tributos,Em Edição,Fica
"Solicitação de desinterdição em serviços de saúde, embelezamento e atividades físicas","Instituto Municipal de Vigilância Sanitária, Vigilância de Zoonoses e de Inspeção Agropecuária",Saúde,Publicado,Fica
Processo de Desapropriação,Procuradoria Geral do Município do Rio de Janeiro,Cidade,Publicado,Fica
Proteção de bens culturais de natureza material e imaterial,Secretaria Municipal de Desenvolvimento Urbano e Licenciamento,Cultura,Publicado,Fica
Pagamento do financiamento imobiliário do Previ-Rio – 2ª via de boleto bancário,Instituto de Previdência e Assistência do Município do Rio de Janeiro,Servidor,Publicado,Fica
Carteira de Projetos Urbanísticos Estruturantes da SMDU/SUBPU,Secretaria Municipal de Desenvolvimento Urbano e Licenciamento,Cidade,Publicado,Fica
Patrimônio – Parcelamento de débitos pelo uso de imóvel público do patrimônio municipal,Superintendência Executiva de Patrimônio Imobiliário,Tributos,Em Edição,Fica
Verificação de desrespeito à gratuidade,Secretaria Municipal de Transportes,Cidadania,Publicado,Fica
Verificação de ocorrências no BRT,Companhia Municipal de Transportes Coletivos,Transporte,Publicado,Fica
ISS – Impugnação ao Termo de Exclusão do Simples Nacional,Secretaria Municipal de Fazenda,Tributos,Publicado,Fica
Constituição de Pessoa Jurídica para atividade dispensada de alvará de licença de estabelecimento,Coordenadoria de Licenciamento e Fiscalização,Licenças,Publicado,Fica
Requerimento para aprovação de projeto técnico de pavimentação,Secretaria Municipal de Conservação e Serviços Públicos,Cidade,Publicado,Fica
Atualização cadastral - Transporte Complementar,Secretaria Municipal de Ordem Pública,Transporte,Publicado,Fica
TAXI.RIO Cidades - Informações sobre objeto perdido e verificação de irregularidades em táxi,Empresa Municipal de Informática S.A.,Transporte,Publicado,Fica
Parcelamento em casos de posse em Dívida Ativa,Procuradoria Geral do Município do Rio de Janeiro,Tributos,Publicado,Fica
Notificação de casos de intolerância religiosa,Secretaria Municipal da Casa Civil,Cidadania,Publicado,Fica
Informações sobre o DATA.RIO,Instituto Municipal de Urbanismo Pereira Passos,Cidade,Publicado,Fica - Validado
Informação sobre autorização para funcionamento de cemitérios e serviços funerários,Secretaria Municipal de Conservação e Serviços Públicos,Licenças,Aguardando Aprovação,Fica
Informações sobre emissão de licença para obras de contenção de encosta e de extração mineral,Fundação Instituto de Geotécnica do Município do Rio de Janeiro,Licenças,Aguardando Aprovação,Fica
"Pontos de referência, garagens e áreas de uso comum",Secretaria Municipal de Fazenda,Tributos,Em Edição,Fica
Fiscalização sanitária em criações de animais para fins comerciais,"Instituto Municipal de Vigilância Sanitária, Vigilância de Zoonoses e de Inspeção Agropecuária",Animais,Publicado,Fica
Informações sobre Medicina Alternativa para servidores,Secretaria Municipal de Administração,Servidor,Publicado,Fica
SERVIDOR CELETISTA – Atualização da carteira de trabalho do servidor celetista,Secretaria Municipal de Assistência Social,Servidor,Em Edição,Não fica - validado
Informações sobre concurso de bandas especializadas em Carnaval,Empresa de Turismo do Município do Rio de Janeiro,Cultura,Publicado,Não fica - validado
Reativação de autorização de comércio ambulante,Coordenadoria de Licenciamento e Fiscalização,Licenças,Publicado,Fica
Manutenção de obras de drenagem,Fundação Instituto das Águas do Município do Rio de Janeiro,Cidade,Aguardando Aprovação,Fica
Informações sobre o Conselho Municipal de Defesa dos Direitos da Pessoa Idosa (COMDEPI-RIO),Secretaria Municipal do Envelhecimento Saudável e Qualidade de Vida,Cidadania,Publicado,Fica
Autorização de início de obra de drenagem urbana - AIO,Fundação Instituto das Águas do Município do Rio de Janeiro,Cidade,Publicado,Fica
Informações sobre desconto e isenção do imposto sindical,Secretaria Municipal de Administração,Servidor,Publicado,Fica
Averbação de Licenças e Certidões (AVB),Secretaria Municipal de Desenvolvimento Urbano e Licenciamento,Licenças,Publicado,Fica
Informações sobre a participação da Defesa Civil em eventos,Subsecretaria de Proteção e Defesa Civil,Cidadania,Publicado,Não fica - validado
Orientação para obter o Cartão Nacional SUS (CNS),Secretaria Municipal de Saúde,Saúde,Publicado,Fica
"Análise de criação, extinção ou alteração de linha de ônibus (SPPO)",Secretaria Municipal de Transportes,Transporte,Publicado,Fica
"Vistoria em local com presença de insetos (mosquito, aranha e lacraia)",Secretaria Municipal de Saúde,Saúde,Publicado,Fica
Informações sobre Herança Jacente,Procuradoria Geral do Município do Rio de Janeiro,Cidadania,Em Edição,Fica
Informação sobre licenciamento de produtos da MultiRio,MULTIRIO - Empresa Municipal de Multimeios Ltda.,Educação,Publicado,Fica
Fiscalização de transporte de fretamento,Secretaria Municipal de Ordem Pública,Transporte,Publicado,Fica
Fiscalização de bens adotados,Fundação Parques e Jardins,Cidade,Publicado,Fica
"Transferência de matrícula por renúncia em Feiras Livres, Feiras Móveis, Feiras Especiais e  Feirartes",Secretaria Municipal de Ordem Pública,Licenças,Publicado,Fica
Atendimento em Hospitais Gerais e Especializados,Secretaria Municipal de Saúde,Saúde,Publicado,Fica
Informações sobre acidentes com viaturas/equipamentos da Rioluz,Companhia Municipal de Energia e Iluminação,Cidade,Publicado,Fica
Encerramento de termo - Táxi/Mototáxi,Secretaria Municipal de Transportes,Transporte,Publicado,Fica - Validado
Informações sobre encerramento de folha de pagamento de servidor,Instituto de Previdência e Assistência do Município do Rio de Janeiro,Servidor,Publicado,Fica
Arrematação em Dívida Ativa,Procuradoria Geral do Município do Rio de Janeiro,Tributos,Publicado,Fica
Infração ao Código Disciplinar de Transporte de Passageiros – Segunda Instância,Secretaria Municipal de Transportes,Transporte,Publicado,Fica
"Agendamento, consulta e cancelamento de vistoria por permissão - Transporte Complementar",Secretaria Municipal de Ordem Pública,Transporte,Publicado,Fica
Informações sobre empréstimo de livros nas bibliotecas populares,Secretaria Municipal de Cultura,Cultura,Publicado,Fica
Informações sobre apoio indireto (ISS - Lei de Incentivo à Cultura),Secretaria Municipal de Cultura,Cultura,Publicado,Fica
Fiscalização de pesca predatória,Secretaria Municipal de Meio Ambiente e Clima,Meio Ambiente,Publicado,Fica
Informações sobre trabalho ou estágio na MultiRio,MULTIRIO - Empresa Municipal de Multimeios Ltda.,Educação,Publicado,Não fica - validado
Retirada ou adequação de quebra-molas (após avaliação favorável da CET-RIO).,Secretaria Municipal de Conservação e Serviços Públicos,Transporte,Aguardando Aprovação,Fica
ISS – Visto Fiscal/Inclusão Predial – Reenvio da Certidão de Visto Fiscal,Secretaria Municipal de Fazenda,Tributos,Em Edição,Fica
Fiscalização de transporte escolar,Secretaria Municipal de Ordem Pública,Transporte,Publicado,Fica
ISS – Recurso especial,Secretaria Municipal de Fazenda,Tributos,Publicado,Fica
Programa Rio Dignidade,Secretaria Municipal do Envelhecimento Saudável e Qualidade de Vida,Cidadania,Publicado,Fica
Juntada de documentos em Dívida Ativa,Procuradoria Geral do Município do Rio de Janeiro,Tributos,Publicado,Fica
Vistoria em imóvel apresentando trepidação,Subsecretaria de Proteção e Defesa Civil,Cidade,Publicado,Fica
Solicitação de autorização para do desfile de Blocos de Rua,Empresa de Turismo do Município do Rio de Janeiro,Cultura,Publicado,Fica
Licença Municipal de Recuperação e Operação (LMRO),Secretaria Municipal de Desenvolvimento Urbano e Licenciamento,Licenças,Publicado,Fica
Nota Carioca – Arquivos: envio em lote (notas convencionais recebidas) e importação,Secretaria Municipal de Fazenda,Tributos,Em Edição,Fica
Alteração de endereço para atividades dispensadas de alvará,Coordenadoria de Licenciamento e Fiscalização,Licenças,Publicado,Fica
Informações sobre autorização para realização de pesquisa acadêmica,Secretaria Municipal de Educação,Educação,Publicado,Fica
ISS – Incorporação de Empresas,Secretaria Municipal de Fazenda,Tributos,Aguardando Aprovação,Fica
Licença Municipal Simplificada de Habitação (LSH),Secretaria Municipal de Desenvolvimento Urbano e Licenciamento,Licenças,Publicado,Fica
Emissão de TUAP para feirantes,Secretaria Municipal de Ordem Pública,Tributos,Publicado,Fica
Informações sobre a vacina antirrábica em humanos,Secretaria Municipal de Proteção e Defesa dos Animais,Saúde,Publicado,Fica
Projeto de arborização para urbanização de endereço,Fundação Parques e Jardins,Meio Ambiente,Publicado,Fica
"Fiscalização sanitária de fumo em mercados, supermercados e agroindústria","Instituto Municipal de Vigilância Sanitária, Vigilância de Zoonoses e de Inspeção Agropecuária",Saúde,Publicado,Fica
Certificado de Adequação de Imóvel (CAI) em Unidades de Conservação Ambiental,Secretaria Municipal de Meio Ambiente e Clima,Meio Ambiente,Publicado,Fica
Fiscalização de ocupação por atividade irregular na natureza,Secretaria Municipal de Meio Ambiente e Clima,Meio Ambiente,Publicado,Fica
Infração ao Código Disciplinar de Transporte de Passageiros - Cancelamento (Primeira Instância),Secretaria Municipal de Transportes,Transporte,Publicado,Fica
"Fiscalização de obras em passarela, viaduto, ponte e túnel revestido",Secretaria Municipal de Infraestrutura,Cidade,Publicado,Fica
Informações sobre o Terreirão do Samba,Empresa de Turismo do Município do Rio de Janeiro,Cultura,Publicado,Não fica - validado
Informações sobre a Política Nacional Aldir Blanc (PNAB),Secretaria Municipal de Cultura,Cultura,Em Edição,Não fica - validado
Licenciamento Sacolão Volante,Secretaria Municipal de Ordem Pública,Licenças,Publicado,Fica
Atendimento em Centro de Emergência Regional (CER),Secretaria Municipal de Saúde,Saúde,Publicado,Fica
Autorização para cemitérios e crematórios particulares de animais,Secretaria Municipal de Proteção e Defesa dos Animais,Animais,Publicado,Fica
Programa de visitas à CGM,Controladoria Geral do Município do Rio de Janeiro,Cidadania,Publicado,Fica
Vistoria em escavação ou aterro irregular,Subsecretaria de Proteção e Defesa Civil,Cidade,Publicado,Fica
Declaração de Conformidade Ambiental (DCA),Secretaria Municipal de Meio Ambiente e Clima,Meio Ambiente,Publicado,Fica
Solicitação de desinterdição em estabelecimentos comerciais em geral,"Instituto Municipal de Vigilância Sanitária, Vigilância de Zoonoses e de Inspeção Agropecuária",Saúde,Publicado,Fica
ITBI – Petição para depósito administrativo do crédito tributário,Secretaria Municipal de Fazenda,Tributos,Em Edição,Fica
Situação de nota de débito na SMDU,Secretaria Municipal de Desenvolvimento Urbano e Licenciamento,Tributos,Publicado,Fica
Informações sobre o monitoramento da qualidade do ar,Secretaria Municipal de Meio Ambiente e Clima,Meio Ambiente,Publicado,Fica
"Prova de Vida - Feirantes, Expositores e Ambulantes em feiras",Secretaria Municipal de Ordem Pública,Licenças,Publicado,Fica
Recurso de notificação de atividade econômica,Coordenadoria de Licenciamento e Fiscalização,Licenças,Publicado,Fica
Emissão de segunda via do CIAT - Transporte Complementar,Secretaria Municipal de Ordem Pública,Transporte,Publicado,Fica
Requerimento de fruição de valor de cargo de confiança,Secretaria Municipal de Administração,Servidor,Publicado,Fica
Recurso de notificação e intimação emitidas pela Rio-Águas,Fundação Instituto das Águas do Município do Rio de Janeiro,Cidade,Publicado,Fica
Responsabilidade tributária,Secretaria Municipal de Fazenda,Tributos,Em Edição,Não fica - validado
Informações sobre o tratamento de dados pessoais pela Prefeitura do Rio de Janeiro,Secretaria Municipal de Integridade e Transparência,Lei Geral de Proteção de Dados (LGPD),Publicado,Não fica - validado
Desfile Blocos de Embalo e Enredo,Empresa de Turismo do Município do Rio de Janeiro,Cultura,Aguardando Aprovação,Não fica - validado
Informações sobre imposto sindical,Secretaria Municipal de Administração,Tributos,Publicado,Não fica - validado
Informações sobre uso de espaços para projetos culturais,Secretaria Municipal de Cultura,Cultura,Publicado,Fica
Informações sobre compensação das emissões de gases do efeito estufa de obras (Resolução Conjunta nº 14/2009),Secretaria Municipal de Meio Ambiente e Clima,Meio Ambiente,Publicado,Fica
Alteração do sentido de circulação de vias,Companhia de Engenharia de Tráfego do Rio de Janeiro,Trânsito,Publicado,Fica
"Criação de novas Feiras Livres, Feiras Móveis, Feiras Especiais e Feirartes",Secretaria Municipal de Ordem Pública,Licenças,Publicado,Fica
Cadastro Nacional de Estabelecimento de Saúde,Secretaria Municipal de Saúde,Saúde,Publicado,Fica
Fiscalização sanitária de fumo em estabelecimentos fechados de alimento ou de ensino,"Instituto Municipal de Vigilância Sanitária, Vigilância de Zoonoses e de Inspeção Agropecuária",Saúde,Publicado,Fica
Fiscalização da manutenção da pavimentação de vias privatizadas – Linha Amarela,Secretaria Municipal de Coordenação Governamental,Cidade,Publicado,Fica
Pesquisa ao acervo arqueológico do Laboratório Aberto de Arqueologia Urbana (LAAU),Secretaria Municipal de Desenvolvimento Urbano e Licenciamento,Cultura,Publicado,Fica
Consulta Prévia de Imóveis em Área de Entorno de Bens Tombados,Secretaria Municipal de Desenvolvimento Urbano e Licenciamento,Cidade,Publicado,Fica - Validado
Fiscalização sanitária de fumo em estabelecimentos comerciais em geral,"Instituto Municipal de Vigilância Sanitária, Vigilância de Zoonoses e de Inspeção Agropecuária",Saúde,Publicado,Fica
"Vistoria de Táxi - 1ª Autonomia, Inclusão e Permuta de Veículo e Vistoria Extra",Secretaria Municipal de Transportes,Transporte,Publicado,Fica
Informações sobre atendimento em Classe Domiciliar,Secretaria Municipal de Educação,Educação,Publicado,Fica
Informações sobre o Programa Territórios Sociais,Instituto Municipal de Urbanismo Pereira Passos,Cidadania,Publicado,Fica
Consulta Prévia - Intervenções em espaços públicos protegidos pelo Patrimônio Cultural,Secretaria Municipal de Desenvolvimento Urbano e Licenciamento,Cidade,Publicado,Fica
Concurso de Folião Original,Empresa de Turismo do Município do Rio de Janeiro,Cultura,Aguardando Aprovação,Não fica - validado
Levantamento de depósito em Dívida Ativa,Procuradoria Geral do Município do Rio de Janeiro,Tributos,Publicado,Fica
"Atualização de dados cadastrais em Feiras Livres, Feiras Móveis, Feiras Especiais e  Feirartes",Secretaria Municipal de Ordem Pública,Licenças,Publicado,Fica
Processo de fatura para fornecedor da Rio-Águas,Fundação Instituto das Águas do Município do Rio de Janeiro,Cidade,Publicado,Fica
"Inclusão e exclusão de substituto ou preposto em Feiras Livres, Feiras Móveis, Feiras Especiais e  Feirartes",Secretaria Municipal de Ordem Pública,Licenças,Publicado,Fica
Exames laboratoriais para diagnóstico de Raiva animal,Secretaria Municipal de Proteção e Defesa dos Animais,Animais,Publicado,Fica
Manutenção do túnel Marcelo Alencar (Mergulhão),Secretaria Municipal de Desenvolvimento Econômico,Cidade,Publicado,Fica
Solicitação de rebaixamento de meio fio para acesso de veículos,Secretaria Municipal de Conservação e Serviços Públicos,Cidade,Publicado,Fica
"Emissão de segunda via de carteira e cartão em Feiras Livres, Feiras Móveis, Feiras Especiais e Feirartes",Secretaria Municipal de Ordem Pública,Licenças,Publicado,Fica
Sinalização gráfica horizontal viária,Companhia de Engenharia de Tráfego do Rio de Janeiro,Transporte,Aguardando Aprovação,Fica
Informações sobre as Casas da Juventude,Secretaria Especial da Juventude Carioca,Cidadania,Publicado,Fica - Validado
Participa.Rio – População,Secretaria Municipal da Casa Civil,Cidadania,Em Edição,Fica
"Consulta Prévia para imóveis em área do Sitio Paisagens Cariocas, bem como instalação de mobiliário e publicidade em áreas urbanas protegidas.",Secretaria Municipal de Desenvolvimento Urbano e Licenciamento,Cidade,Aguardando Aprovação,Fica - Validado
Projeto de arborização para loteamento,Fundação Parques e Jardins,Meio Ambiente,Publicado,Fica
Atendimento em Centros Especializados de Reabilitação,Secretaria Municipal de Saúde,Saúde,Publicado,Fica
Licença Ambiental Municipal Comunicada para obras públicas de infraestrutura (LAC),Secretaria Municipal de Desenvolvimento Urbano e Licenciamento,Meio Ambiente,Publicado,Fica
Certidão Municipal de Inexigibilidade de Licenciamento Ambiental para obras,Secretaria Municipal de Desenvolvimento Urbano e Licenciamento,Licenças,Publicado,Fica
Informações sobre seguro contra danos físicos de imóvel financiado pelo Previ-Rio,Instituto de Previdência e Assistência do Município do Rio de Janeiro,Servidor,Publicado,Fica
Solicitação de fiscalização de instalações de ar-condicionado central,Companhia Municipal de Energia e Iluminação,Cidade,Publicado,Fica
Valores pagos indevidamente ao Previ-Rio - Ressarcimento,Instituto de Previdência e Assistência do Município do Rio de Janeiro,Servidor,Publicado,Fica
ISS – Recurso contra Declaração de Perempção,Secretaria Municipal de Fazenda,Tributos,Publicado,Fica
TAXI.RIO Cidades - Solicitação de devolução de pagamento,Empresa Municipal de Informática S.A.,Transporte,Publicado,Fica
Acolhimento em Residência Inclusiva para pessoas com deficiência,Secretaria Municipal da Pessoa com Deficiência,Cidadania,Publicado,Fica
Desarquivamento em Dívida Ativa,Procuradoria Geral do Município do Rio de Janeiro,Tributos,Publicado,Fica
Manutenção de bicicletas do sistema Bike Rio,Superintendência Executiva de Patrimônio Imobiliário,Transporte,Publicado,Fica
Disponibilização do acervo da Biblioteca da PGM,Procuradoria Geral do Município do Rio de Janeiro,Cultura,Publicado,Fica - Validado
Consulta à Comissão de Integridade Pública,Secretaria Municipal de Integridade e Transparência,Cidadania,Publicado,Fica
Fiscalização de árvore plantada em local irregular,Fundação Parques e Jardins,Meio Ambiente,Publicado,Fica
Serviços de Iluminação na Transolímpica,Secretaria Municipal de Conservação e Serviços Públicos,Cidade,Em Edição,Fica
Fiscalização de plantio recente de árvore em vias públicas,Fundação Parques e Jardins,Meio Ambiente,Publicado,Fica
"Instalação de publicidade, gradil e toldos em Imóveis protegidos",Secretaria Municipal de Desenvolvimento Urbano e Licenciamento,Licenças,Publicado,Fica
Informações sobre monumentos e chafarizes,Secretaria Municipal de Conservação e Serviços Públicos,Cidade,Aguardando Aprovação,Não fica - validado
Notificação de irregularidades em contratos de empresas terceirizadas da Secretaria de Educação,Secretaria Municipal de Educação,Trabalho,Publicado,Fica
Apoio à produções audiovisuais - Rio Film Commission,Distribuidora de Filmes S.A. - RIOFILME,Cultura,Publicado,Fica
Participa.Rio – Gestores da Prefeitura,Secretaria Municipal da Casa Civil,Cidadania,Em Edição,Fica
Solicitação de fiscalização de instalações de exaustão mecânica de cozinha industrial,Companhia Municipal de Energia e Iluminação,Meio Ambiente,Publicado,Fica
Reparo de píer de madeira,Secretaria Municipal de Conservação e Serviços Públicos,Cidade,Aguardando Aprovação,Fica
Colocação de mesas e cadeiras em Área de Proteção do Ambiente Cultural (APAC) ou em Áreas de Entorno de Bem Tombado (AEBT),Secretaria Municipal de Desenvolvimento Urbano e Licenciamento,Licenças,Publicado,Fica
Licença Municipal de Recuperação (LMR),Secretaria Municipal de Desenvolvimento Urbano e Licenciamento,Meio Ambiente,Publicado,Fica
Suspensão de cobrança em Dívida Ativa,Procuradoria Geral do Município do Rio de Janeiro,Tributos,Publicado,Fica
"Afastamento por licença em Feiras Livres, Feiras Móveis, Feiras Especiais e Feirartes",Secretaria Municipal de Ordem Pública,Licenças,Publicado,Fica
Vistoria de imóvel para emissão de laudo técnico de ausência de animais em demolições,"Instituto Municipal de Vigilância Sanitária, Vigilância de Zoonoses e de Inspeção Agropecuária",Saúde,Publicado,Fica
Solicitação de revisão do FGTS do servidor celetista,Secretaria Municipal de Administração,Servidor,Publicado,Fica
Nota Carioca – Benefícios para pessoa jurídica: prestador e tomador de serviços,Secretaria Municipal de Fazenda,Tributos,Em Edição,Fica
Fiscalização de comércio ilegal de animais silvestres,Secretaria Municipal de Meio Ambiente e Clima,Meio Ambiente,Publicado,Fica
Licenciamento de reparos de emergência especiais em vias públicas,Secretaria Municipal de Conservação e Serviços Públicos,Licenças,Publicado,Fica
Extinção de serviço de transporte de passageiros complementar comunitário (STPC),Secretaria Municipal de Transportes,Transporte,Publicado,Fica
Pesquisa arqueológica nas obras de intervenção urbana,Secretaria Municipal de Desenvolvimento Urbano e Licenciamento,Cidade,Publicado,Não fica - validado
Baixa de Auxiliar - Transporte Complementar,Secretaria Municipal de Ordem Pública,Transporte,Publicado,Fica
Emissão da Certidão Municipal de Cumprimento de Condicionantes (CMCC),Secretaria Municipal de Meio Ambiente e Clima,Licenças,Publicado,Fica - Validado
Cartão de estacionamento para veículos prestadores de serviços de mobiliário urbano,Secretaria Municipal de Transportes,Transporte,Publicado,Fica
Planta de Demarcação Faixa Non Aedificandi (FNA) ou Faixa Marginal de Proteção (FMP),Fundação Instituto das Águas do Município do Rio de Janeiro,Cidade,Publicado,Fica
Informações sobre Plano Diretor de Arborização Urbana,Fundação Parques e Jardins,Meio Ambiente,Publicado,Não fica - validado
Procuradoria de Serviços Públicos – PSE,Procuradoria Geral do Município do Rio de Janeiro,Cidadania,Em Edição,Não fica - validado
"Baixa de matrícula em Feiras Livres, Feiras Móveis, Feiras Especiais e  Feirartes",Secretaria Municipal de Ordem Pública,Licenças,Publicado,Fica
Informações sobre atendimento em Classe Hospitalar,Secretaria Municipal de Educação,Educação,Publicado,Fica
Revisão dos valores da declaração de rendimentos inativos e pensionistas – DIRF,Instituto de Previdência e Assistência do Município do Rio de Janeiro,Servidor,Publicado,Fica
Vistoria em rolamento de pedra,Subsecretaria de Proteção e Defesa Civil,Cidade,Publicado,Fica
Informações sobre Cartilha de Educação Animal,Secretaria Municipal de Proteção e Defesa dos Animais,Animais,Publicado,Não fica - validado
Análise de alteração de linha de STPL,Secretaria Municipal de Transportes,Transporte,Publicado,Fica
"Informações técnicas sobre obras, projetos e instrução processual",Fundação Instituto das Águas do Município do Rio de Janeiro,Cidade,Publicado,Não fica - validado
Informações sobre continuidade de pensão “post mortem”,Instituto de Previdência e Assistência do Município do Rio de Janeiro,Servidor,Publicado,Fica
"Cidade das Artes - Solicitação de pauta para espetáculos, shows e eventos",Fundação Cidade das Artes,Cultura,Publicado,Fica
Solicitação de Licença médica por acidente de trabalho para servidores municipais,Secretaria Municipal de Administração,Servidor,Publicado,Fica
Ressarcimento de saldo remanescente de arrematação de veículo leiloado,Secretaria Municipal de Ordem Pública,Tributos,Publicado,Fica
Informações sobre o Programa Ações Locais,Secretaria Municipal de Cultura,Cultura,Publicado,Não fica - validado
Notificação de irregularidades em contratos de empresas terceirizadas da COMLURB,Companhia Municipal de Limpeza Urbana,Trabalho,Publicado,Fica
Cartão de estacionamento para veículos de imprensa,Secretaria Municipal de Transportes,Transporte,Publicado,Fica
"Fiscalização do uso de fumo em estabelecimentos de saúde, estética e atividade física","Instituto Municipal de Vigilância Sanitária, Vigilância de Zoonoses e de Inspeção Agropecuária",Saúde,Publicado,Fica
Suporte técnico à plataforma MultiRio,MULTIRIO - Empresa Municipal de Multimeios Ltda.,Educação,Publicado,Fica - Validado
Informações sobre o Programa de Saúde Vocal do Professor,Secretaria Municipal de Administração,Saúde,Publicado,Fica
Informações sobre benefícios para moradores de imóveis interditados pela Defesa Civil,Secretaria Municipal de Habitação,Cidade,Publicado,Fica
Informações sobre aumento da tarifa modal,Secretaria Municipal de Transportes,Transporte,Publicado,Não fica - validado
Consulta de multas por permissão - Transporte Complementar,Secretaria Municipal de Ordem Pública,Transporte,Publicado,Fica
Notificação de irregularidades em contratos de empresas terceirizadas da Secretaria da Pessoa com Deficiência,Secretaria Municipal da Pessoa com Deficiência,Trabalho,Publicado,Fica
Programa Jovens Cientistas Cariocas 2026,"Secretaria Municipal de Ciência, Tecnologia e Inovação",Cidadania,Publicado,Fica
Recurso de edital de atividade econômica,Coordenadoria de Licenciamento e Fiscalização,Licenças,Publicado,Fica
Informações sobre limites de áreas protegidas,Secretaria Municipal de Meio Ambiente e Clima,Meio Ambiente,Publicado,Fica
Informações sobre desfiles das Escolas de Samba no Sambódromo,Empresa de Turismo do Município do Rio de Janeiro,Cultura,Publicado,Não fica - validado
Declaração de possibilidade de esgotamento pluvial (DPEP),Fundação Instituto das Águas do Município do Rio de Janeiro,Cidade,Publicado,Fica
Informações sobre abertura de processos de Licenciamento Ambiental Municipal e legislações pertinentes,Secretaria Municipal de Desenvolvimento Urbano e Licenciamento,Meio Ambiente,Publicado,Não fica - validado
Fiscalização sanitária em agroindústrias e cervejas artesanais,"Instituto Municipal de Vigilância Sanitária, Vigilância de Zoonoses e de Inspeção Agropecuária",Saúde,Publicado,Fica
Encerramento de termo dos Modais de Transporte,Secretaria Municipal de Transportes,Transporte,Publicado,Fica
"Solicitação de desinterdição em mercados, supermercados e agroindústria","Instituto Municipal de Vigilância Sanitária, Vigilância de Zoonoses e de Inspeção Agropecuária",Licenças,Publicado,Fica - Validado
ISS - Informações sobre desconto/parcelamento para empresas no entorno da Avenida Brasil,Secretaria Municipal de Fazenda,Tributos,Publicado,Fica
Relação de autorizações de remoção de vegetação emitidas,Secretaria Municipal de Desenvolvimento Urbano e Licenciamento,Meio Ambiente,Publicado,Não fica - validado
"Abono de faltas em Feiras Livres, Feiras Móveis, Feiras Especiais, Antiquários e Feirartes",Secretaria Municipal de Ordem Pública,Licenças,Publicado,Fica
Autorização para instalação de paraciclos em local público,Secretaria Municipal de Meio Ambiente e Clima,Transporte,Publicado,Fica
Declaração de Cota de Infradorso,Fundação Instituto das Águas do Município do Rio de Janeiro,Licenças,Em Edição,Não fica - validado
Informações sobre controle de queimadas - Incêndio florestal,Secretaria Municipal de Meio Ambiente e Clima,Meio Ambiente,Publicado,Não fica - validado
"Certidão de tempo de serviço em Feiras Livres, Feiras Móveis, Feiras Especiais e  Feirartes",Secretaria Municipal de Ordem Pública,Licenças,Publicado,Fica
Consulta prévia - Rio-Águas,Fundação Instituto das Águas do Município do Rio de Janeiro,Cidade,Publicado,Fica
Verificação de ocorrências nas bilheterias do BRT,Companhia Municipal de Transportes Coletivos,Transporte,Publicado,Fica
Informações sobre desmatamento no Parque Nacional da Tijuca,Secretaria Municipal de Meio Ambiente e Clima,Cidade,Publicado,Provavelmente não fica
Selo Amigo dos Animais,Secretaria Municipal de Proteção e Defesa dos Animais,Animais,Publicado,Fica
Notificação de irregularidades em contratos de empresas terceirizadas da CET-Rio,Companhia de Engenharia de Tráfego do Rio de Janeiro,Trabalho,Publicado,Fica
Notificação de irregularidades em contratos de empresas terceirizadas da Secretaria de Assistência Social,Secretaria Municipal de Assistência Social,Trabalho,Publicado,Fica
"Restabelecimento de matrícula em Feiras Livres, Feiras Móveis, Feiras Especiais, Antiquários e Feirartes",Secretaria Municipal de Ordem Pública,Licenças,Publicado,Fica
"Análise de projeto arquitetônico e pronunciamento, de acordo com a arquitetura e/ou geometria do terreno",Fundação Instituto de Geotécnica do Município do Rio de Janeiro,Licenças,Publicado,Fica
Fiscalização de retirada e comércio ilegal de plantas nativas,Secretaria Municipal de Meio Ambiente e Clima,Meio Ambiente,Publicado,Não fica - validado
Abertura de termo para Serviço de Transporte de Passageiros Complementar Comunitário (STPC),Secretaria Municipal de Transportes,Transporte,Publicado,Fica
Aumento de feira em Feiras Livres e Feiras Móveis,Secretaria Municipal de Ordem Pública,Licenças,Publicado,Fica
Licença Municipal de Recuperação e Instalação (LMRI),Secretaria Municipal de Desenvolvimento Urbano e Licenciamento,Meio Ambiente,Publicado,Fica
Certidão de vinculação de imóvel com unidade de conservação da natureza,Secretaria Municipal de Meio Ambiente e Clima,Meio Ambiente,Publicado,Fica
Autorização para plantio voluntário de árvore em área pública,Fundação Parques e Jardins,Meio Ambiente,Publicado,Fica
Fiscalização de projetos e obras executados pela RIO-URBE em unidades municipais,Empresa Municipal de Urbanização - RIO-URBE,Cidade,Publicado,Fica
Capacitação em boas práticas e normas sanitárias para serviços veterinários e de interesse à saúde do animal,"Instituto Municipal de Vigilância Sanitária, Vigilância de Zoonoses e de Inspeção Agropecuária",Saúde,Publicado,Fica
Emissão de segunda via do Certificado de Vistoria - Transporte Complementar,Secretaria Municipal de Ordem Pública,Transporte,Publicado,Fica
Projeto de arborização para enriquecimento florístico,Fundação Parques e Jardins,Meio Ambiente,Publicado,Fica
"Transferência de feira em Feiras Livres, Feiras Móveis e Feirartes",Secretaria Municipal de Ordem Pública,Licenças,Publicado,Fica
Informações sobre atendimentos pela Assistência Social em situações de desastres,Secretaria Municipal de Assistência Social,Cidadania,Publicado,Não fica - validado
Solicitação de alteração de ponto final de ônibus,Secretaria Municipal de Transportes,Transporte,Publicado,Fica
Notificação de irregularidades em contratos de empresas terceirizadas da Secretaria de Ordem Pública,Secretaria Municipal de Ordem Pública,Trabalho,Publicado,Fica
Notificação de irregularidades em contratos de empresas terceirizadas da Secretaria de Transportes,Secretaria Municipal de Transportes,Trabalho,Publicado,Fica
Infração ao Código Disciplinar de Transporte de Passageiros – Baixa de recurso,Secretaria Municipal de Transportes,Transporte,Aguardando Aprovação,Fica
Emissão de taxas por permissão - Transporte Complementar,Secretaria Municipal de Ordem Pública,Transporte,Publicado,Fica
Informações sobre o Calendário Oficial de Eventos da Cidade - Rio o Ano Inteiro,Empresa de Turismo do Município do Rio de Janeiro,Cultura,Publicado,Fica - Validado
"Funcionamento extraordinário ou em datas especiais em Feiras Livres, Feiras Móveis, Feiras Especiais e Feirartes",Secretaria Municipal de Ordem Pública,Licenças,Publicado,Fica
Serviço de tradução e interpretação em Libras da Central Carioca de Intérpretes de Libras (CCIL),Secretaria Municipal da Pessoa com Deficiência,Cidadania,Publicado,Fica
Programa Empreenda.Rio,Secretaria Municipal de Trabalho e Renda,Trabalho,Publicado,Fica
Ingresso ou baixa em Cooperativa - Transporte Complementar,Secretaria Municipal de Ordem Pública,Transporte,Publicado,Fica
Notificação de irregularidades em contratos de empresas terceirizadas da Fundação Parques e Jardins,Fundação Parques e Jardins,Trabalho,Publicado,Fica
Solicitação de mudança na localização de poste na calçada,Companhia Municipal de Energia e Iluminação,Cidade,Publicado,Fica
Vistoria extra para segunda via de selo - Transporte Complementar,Secretaria Municipal de Ordem Pública,Transporte,Publicado,Fica
Certificado de isenção da Aceitação das Condições de Acessibilidade,Secretaria Municipal de Transportes,Licenças,Publicado,Fica
Notificação de irregularidades em contratos de empresas terceirizadas da Rio-Águas,Fundação Instituto das Águas do Município do Rio de Janeiro,Trabalho,Publicado,Fica
Baixa de permissão em Feiras Livres e Feiras Móveis,Secretaria Municipal de Ordem Pública,Licenças,Publicado,Fica
Informações sobre incêndio no Parque Nacional da Tijuca,Secretaria Municipal de Meio Ambiente e Clima,Cidade,Publicado,Não fica - validado
Licença de obra de instalação de suporte ETR's,Secretaria Municipal de Conservação e Serviços Públicos,Licenças,Em Edição,Fica
Solicitação de desinterdição em serviços veterinários e de interesse à saúde do animal,"Instituto Municipal de Vigilância Sanitária, Vigilância de Zoonoses e de Inspeção Agropecuária",Saúde,Publicado,Fica
Encerramento de contrato de trabalho para servidor celetista,Secretaria Municipal de Administração,Servidor,Publicado,Fica
Autorização para ligação de efluentes sanitários,Secretaria Municipal de Conservação e Serviços Públicos,Licenças,Publicado,Fica
Consulta a processos na Secretaria Municipal de Cultura,Secretaria Municipal de Cultura,Cultura,Publicado,Não fica - validado
Informações sobre concurso para eleição da Corte Real do Carnaval,Empresa de Turismo do Município do Rio de Janeiro,Cultura,Publicado,Não fica - validado
Realização de necropsia em animais de médio e pequeno porte,Secretaria Municipal de Proteção e Defesa dos Animais,Animais,Publicado,Fica
Notificação de irregularidades em contratos de empresas terceirizadas da Procuradoria Geral do Município,Procuradoria Geral do Município do Rio de Janeiro,Trabalho,Publicado,Fica
Informações sobre o BioParque do Rio,Fundação Jardim Zoológico da Cidade do Rio de Janeiro,Cidade,Publicado,Fica
Licença para desmonte de rocha ou estabilização de encosta,Fundação Instituto de Geotécnica do Município do Rio de Janeiro,Licenças,Publicado,Fica
"Cumprimento de exigências do Corpo de Bombeiros, Light e CEG em Imóveis protegidos",Secretaria Municipal de Desenvolvimento Urbano e Licenciamento,Licenças,Publicado,Fica
Informações sobre patrocínio em eventos esportivos,Secretaria Municipal de Esportes,Cultura,Publicado,Fica
Programa de Dispensação de Tecnologia Assistiva da SMS (OPM's),Secretaria Municipal de Saúde,Saúde,Publicado,Fica
Informações sobre Programa Academia Carioca da Saúde,Secretaria Municipal de Saúde,Saúde,Aguardando Aprovação,Fica
Notificação de irregularidades em contratos de empresas terceirizadas do Riocentro,"Riocentro S.A. - Centro de Feiras, Exposições e Congressos do Rio de Janeiro",Trabalho,Publicado,Fica
Agendamento de vistoria por permissão em táxi,Secretaria Municipal de Transportes,Transporte,Publicado,Provavelmente não fica
Inclusão e exclusão de técnica artística ou produto em Feirartes,Secretaria Municipal de Ordem Pública,Licenças,Publicado,Fica
Inscrição de chapa de eleição para Comissão de Administração de Feirartes e representantes de Feiras de Ambulantes,Secretaria Municipal de Ordem Pública,Licenças,Publicado,Fica
Notificação de irregularidades em contratos de empresas terceirizadas da Guarda Municipal,Guarda Municipal do Rio de Janeiro,Trabalho,Publicado,Fica
Informações sobre ações para reassentamento,Secretaria Municipal de Habitação,Cidade,Publicado,Fica
Informações sobre custeio em projetos esportivos,Secretaria Municipal de Esportes,Cultura,Publicado,Fica
Notificação de irregularidades em contratos de empresas terceirizadas da Secretaria de Infraestrutura,Secretaria Municipal de Infraestrutura,Trabalho,Publicado,Fica
Notificação de irregularidades em contratos de empresas terceirizadas da Controladoria Geral do Município,Controladoria Geral do Município do Rio de Janeiro,Trabalho,Publicado,Fica
Notificação de irregularidades em contratos de empresas terceirizadas da Fundação Cidade das Artes,Fundação Cidade das Artes,Trabalho,Publicado,Fica
Licenciamento de movimento de material terroso para fins de recuperação de áreas degradas por terraplanagem,Fundação Instituto de Geotécnica do Município do Rio de Janeiro,Meio Ambiente,Publicado,Fica
Notificação de irregularidades em contratos de empresas terceirizadas da Companhia Municipal de Transportes Coletivos,Companhia Municipal de Transportes Coletivos,Trabalho,Publicado,Fica
Declaração de cota de greide,Fundação Instituto das Águas do Município do Rio de Janeiro,Cidade,Publicado,Fica
Notificação de irregularidades em contratos de empresas terceirizadas da RioFilme,Distribuidora de Filmes S.A. - RIOFILME,Trabalho,Publicado,Fica
Notificação de irregularidades em contratos de empresas terceirizadas da Secretaria Municipal de Desenvolvimento Urbano e Licenciamento,Secretaria Municipal de Desenvolvimento Urbano e Licenciamento,Trabalho,Publicado,Fica
Fiscalização de caça e/ou captura de animais silvestres,Secretaria Municipal de Meio Ambiente e Clima,Animais,Publicado,Fica
Cadastramento de cotista para pensão alimentícia paga por servidor municipal,Secretaria Municipal de Administração,Servidor,Publicado,Fica
Fiscalização de danos à arborização urbana,Fundação Parques e Jardins,Meio Ambiente,Publicado,Fica
Declaração de isenção de reservatório de retardo,Fundação Instituto das Águas do Município do Rio de Janeiro,Cidade,Publicado,Fica
Notificação de irregularidades em contratos de empresas terceirizadas da GEO-Rio,Fundação Instituto de Geotécnica do Município do Rio de Janeiro,Trabalho,Publicado,Fica
Acompanhamento de processo na Coordenadoria de Feiras,Secretaria Municipal de Ordem Pública,Licenças,Publicado,Fica
Informações sobre o Conselho Municipal de Política Cultural,Secretaria Municipal de Cultura,Cultura,Publicado,Não fica - validado
Notificação de irregularidades em contratos de empresas terceirizadas da Secretaria de Fazenda,Secretaria Municipal de Fazenda,Trabalho,Publicado,Fica
Consulta prévia para emissão de Relatório de Diretrizes Territoriais (RDT),Secretaria Municipal de Desenvolvimento Urbano e Licenciamento,Licenças,Publicado,Fica
Notificação de irregularidades em contratos de empresas terceirizadas da Secretaria de Conservação,Secretaria Municipal de Conservação e Serviços Públicos,Trabalho,Publicado,Fica
Solicitação de material de divulgação de informações turísticas,Empresa de Turismo do Município do Rio de Janeiro,Cultura,Publicado,Fica
Informações sobre eventos nas salas de exibição da RioFilme,Distribuidora de Filmes S.A. - RIOFILME,Cultura,Publicado,Fica
Notificação de irregularidades em contratos de empresas terceirizadas da Rio-Urbe,Empresa Municipal de Urbanização - RIO-URBE,Trabalho,Publicado,Fica
Informações sobre o Programa de Fomento Cultural - Viva o Talento,Secretaria Municipal de Cultura,Cultura,Publicado,Não fica - validado
TAXI.RIO Cidades - Verificação de comportamento de taxistas contra usuários do aplicativo,Empresa Municipal de Informática S.A.,Transporte,Publicado,Fica
Vistoria para inclusão de veículo - Transporte Complementar,Secretaria Municipal de Ordem Pública,Transporte,Publicado,Fica
Navezinhas Cariocas,"Secretaria Municipal de Ciência, Tecnologia e Inovação",Educação,Publicado,Fica
Notificação de irregularidades em contratos de empresas terceirizadas da MultiRio,MULTIRIO - Empresa Municipal de Multimeios Ltda.,Trabalho,Publicado,Fica
Notificação de irregularidades em contratos de empresas terceirizadas da Secretaria de Desenvolvimento Econômico,Secretaria Municipal de Desenvolvimento Econômico,Trabalho,Publicado,Fica
Notificação de irregularidades em contratos de empresas terceirizadas da Secretaria Especial de Inclusão,Secretaria Especial de Inclusão,Trabalho,Publicado,Fica
Notificação de irregularidades em contratos de empresas terceirizadas da Secretaria de Políticas para Mulheres e Cuidados,Secretaria Especial de Políticas para Mulheres e Cuidados,Trabalho,Publicado,Fica
Requerimento de aprovação de projeto geométrico viário,Secretaria Municipal de Infraestrutura,Obras,Publicado,Fica
"Notificação de irregularidades em contratos de empresas terceirizadas da Secretaria de Ciência, Tecnologia e Inovação","Secretaria Municipal de Ciência, Tecnologia e Inovação",Trabalho,Publicado,Fica
Informações sobre a Procuradoria de Pessoal – PPE,Procuradoria Geral do Município do Rio de Janeiro,Servidor,Em Edição,Não fica - validado
Notificação de irregularidades em contratos de empresas terceirizadas da Previ-Rio,Instituto de Previdência e Assistência do Município do Rio de Janeiro,Trabalho,Publicado,Fica
Notificação de irregularidades em contratos de empresas terceirizadas da Secretaria da Juventude Carioca,Secretaria Especial da Juventude Carioca,Trabalho,Publicado,Fica
Notificação de irregularidades em contratos de empresas terceirizadas da Secretaria de Integração Metropolitana,Secretaria Especial de Integração Metropolitana,Trabalho,Publicado,Fica
Recurso de Auto de Infração emitido pela Rio-Águas,Fundação Instituto das Águas do Município do Rio de Janeiro,Cidade,Publicado,Fica
Solicitação de certidão de existência de iluminação pública,Companhia Municipal de Energia e Iluminação,Cidade,Publicado,Não fica - validado
Gerenciamento de operações dentro das Unidades de Conservação e áreas protegidas,Secretaria Municipal de Meio Ambiente e Clima,Meio Ambiente,Publicado,Não fica - validado
Informações turísticas sobre a cidade,Empresa de Turismo do Município do Rio de Janeiro,Cultura,Publicado,Fica
Notificação de irregularidades em contratos de empresas terceirizadas da Secretaria Municipal de Governo,,Trabalho,Publicado,Fica
Solicitação de atestado de capacidade técnica Rioluz,Companhia Municipal de Energia e Iluminação,Cidade,Publicado,Fica
"Solicitação de projetores, chaves de alimentação e desligamento de iluminação para eventos e filmagens em áreas públicas",Companhia Municipal de Energia e Iluminação,Cultura,Publicado,Fica
Informações sobre o projeto Coral Atrás da Nota,Secretaria Municipal de Administração,Cultura,Publicado,Não fica - validado
Informações sobre o uso de canudos de papel biodegradável e/ou reciclável,"Instituto Municipal de Vigilância Sanitária, Vigilância de Zoonoses e de Inspeção Agropecuária",Saúde,Publicado,Não fica - validado
Informações sobre a RioFilme,Distribuidora de Filmes S.A. - RIOFILME,Cultura,Publicado,Não fica - validado
Informações sobre consulta técnica sobre drenagem - Audiência com o engenheiro,Fundação Instituto das Águas do Município do Rio de Janeiro,Cidade,Publicado,Fica
Naves Satélites,"Secretaria Municipal de Ciência, Tecnologia e Inovação",Educação,Publicado,Fica
Prorrogação do prazo de vistoria - Transporte Complementar,Secretaria Municipal de Ordem Pública,Transporte,Publicado,Fica
Fiscalização de obras de drenagem sem autorização,Fundação Instituto das Águas do Município do Rio de Janeiro,Cidade,Publicado,Fica
Solicitação de Certidão de Inteiro Teor (CIT) da Vigilância Sanitária,"Instituto Municipal de Vigilância Sanitária, Vigilância de Zoonoses e de Inspeção Agropecuária",Saúde,Publicado,Fica
"Análise de criação, ajuste de itinerário ou perímetro do transporte comunitário",Secretaria Municipal de Transportes,Transporte,Publicado,Fica
"Informações sobre a mostra de Artesanato ""Feira do Servidor""",Secretaria Municipal de Administração,Cultura,Publicado,Fica - Validado
Solicitação de atestado de fornecimento de material à Rioluz,Companhia Municipal de Energia e Iluminação,Cidade,Publicado,Fica
Informações sobre o monitoramento do nível da Lagoa Rodrigo de Freitas,Fundação Instituto das Águas do Município do Rio de Janeiro,Meio Ambiente,Publicado,Não fica - validado
Solicitação de uso da logomarca da Secretaria Municipal de Cultura,Secretaria Municipal de Cultura,Cultura,Publicado,Fica
Informações sobre a Procuradoria Trabalhista (PTA),Procuradoria Geral do Município do Rio de Janeiro,Cidadania,Publicado,Não fica - validado
Requerimento de aprovação de Projeto Estrutural de Obras de Arte Especiais,Secretaria Municipal de Infraestrutura,Licenças,Publicado,Fica
Análise e concessão do benefício de gratuidade no transporte público municipal para não munícipes - Passe Livre Especial,Secretaria Municipal da Pessoa com Deficiência,Transporte,Em Edição,Fica
"Análise, orientação ou fiscalização de animais comunitários",Secretaria Municipal de Proteção e Defesa dos Animais,Animais,Publicado,Fica
Atendimento em Centros Especializados de Reabilitação Auditiva - EXCLUIR,Secretaria Municipal de Saúde,Saúde,Aguardando Aprovação,Não fica - validado
"Atendimento Integral à Saúde do Adulto (Homem, Mulher e Pessoa Idosa)",Secretaria Municipal de Saúde,Saúde,Aguardando Aprovação,Fica
Autorização para Cooperativa e Associação de Táxi/Mototáxi - Abertura de Termo,Secretaria Municipal de Transportes,Transporte,Publicado,Fica
Cadastro de veterinários na plataforma do registro geral de animais – Sisbicho,Secretaria Municipal de Proteção e Defesa dos Animais,Animais,Publicado,Fica
Cartão de Identificação de Auxiliar de Transportes - CIAT,Secretaria Municipal de Transportes,Transporte,Publicado,Fica
Como andar pelo Rio usando transporte público,Secretaria Municipal de Transportes,Transporte,Publicado,Não fica
Consulta de Processos Administrativos,Secretaria Municipal da Casa Civil,Cidadania,Em Edição,Fica
Emissão de guia de liquidação de parcelamento de Dívida Ativa,Procuradoria Geral do Município do Rio de Janeiro,Tributos,Publicado,Fica
EXCLUIR - Patrimônio – Solicitação de instalação e manutenção de abrigo em ponto de ônibus,Superintendência Executiva de Patrimônio Imobiliário,Transporte,Aguardando Aprovação,Não fica - validado
"Fiscalização de caçamba particular, empresas e autônomos não credenciados, veículos não permitidos e fora do padrão",Companhia Municipal de Limpeza Urbana,Cidade,Publicado,Fica
Fiscalização sanitária de serviços veterinários e de interesse à saúde do animal,"Instituto Municipal de Vigilância Sanitária, Vigilância de Zoonoses e de Inspeção Agropecuária",Animais,Publicado,Fica
Inclusão de aluno para acompanhamento escolar,Secretaria Municipal de Educação,Educação,Publicado,Fica
Informações sobre a Procuradoria de Atenção à Saúde (PAS),Procuradoria Geral do Município do Rio de Janeiro,Saúde,Publicado,Não fica - validado
Informações sobre a Procuradoria de Urbanismo e Meio Ambiente,Procuradoria Geral do Município do Rio de Janeiro,Cidadania,Em Edição,Não fica - validado
Informações sobre a Procuradoria Tributária (PTR),Procuradoria Geral do Município do Rio de Janeiro,Tributos,Publicado,Não fica - validado
Informações sobre Bailes Populares e Baile da Cinelândia,Empresa de Turismo do Município do Rio de Janeiro,Cultura,Aguardando Aprovação,Não fica - validado
Informações sobre concessão de autorização de matrícula nova em Feirartes,Secretaria Municipal de Ordem Pública,Cultura,Publicado,Fica
Informações sobre juntada de documentos nos processos localizados na fiscalização ambiental,Secretaria Municipal de Meio Ambiente e Clima,Meio Ambiente,Publicado,Fica
Informações sobre o Jaé,Secretaria Municipal de Transportes,Transporte,Publicado,Fica
Informações sobre o Programa de Controle da Hanseníase,Secretaria Municipal de Saúde,Saúde,Em Edição,Fica - Validado
Informações sobre os produtos e projetos da MultiRio,MULTIRIO - Empresa Municipal de Multimeios Ltda.,Educação,Publicado,Fica - Validado
Informações sobre Restaurantes Populares,Secretaria Municipal de Trabalho e Renda,Cidadania,Publicado,Fica
Informações sobre transporte público,Secretaria Municipal de Transportes,Transporte,Publicado,Fica
Informações sobre valores de serviços funerários e recadastramento de jazigos,Secretaria Municipal de Conservação e Serviços Públicos,Cidade,Aguardando Aprovação,Fica
IPTU - Denúncia de imóvel não cadastrado no IPTU ou com dados incorretos,Secretaria Municipal de Fazenda,Tributos,Publicado,Fica
"IPTU – Informação sobre reconhecimento de imunidade, isenção e não incidência",Secretaria Municipal de Fazenda,Tributos,Em Edição,Fica
ISS - Baixa de autônomos estabelecidos - EXCLUIR,Secretaria Municipal de Fazenda,Tributos,Em Edição,Não fica - validado
ISS - Baixa para autônomos estabelecidos,Secretaria Municipal de Fazenda,Tributos,Aguardando Aprovação,Fica
ISS - Cancelamento/Substituição de NF-e ou Declaração de serviços prestados/tomados.,Secretaria Municipal de Fazenda,Tributos,Aguardando Aprovação,Fica
ISS - Emissão certidões de situação fiscal de ISS de autônomos,Secretaria Municipal de Fazenda,Tributos,Aguardando Aprovação,Fica
ISS - Simples Nacional – Declaração Retida em Malha Fiscal PGDAS-D,Secretaria Municipal de Fazenda,Tributos,Publicado,Fica
ISS – Certidão de Situação Fiscal - ELIMINAR,Secretaria Municipal de Fazenda,Tributos,Em Edição,Não fica - validado
ISS – Parcelamento / Reparcelamento de débito não inscrito em dívida ativa,Secretaria Municipal de Fazenda,Tributos,Aguardando Aprovação,Fica
ISS – Requerimento para Apropriação de guias do ISS (exclusivo para código de receita 129.5),Secretaria Municipal de Fazenda,Tributos,Aguardando Aprovação,Fica
ISS – Tributação de Sociedades Uniprofissionais,Secretaria Municipal de Fazenda,Tributos,Em Edição,Fica
ITBI - Consulta de protocolo/guia,Secretaria Municipal de Fazenda,Tributos,Publicado,Fica
ITBI - Correção de dados da guia paga em folha suplementar,Secretaria Municipal de Fazenda,Tributos,Publicado,Fica
Licenciamento de instalações de ar-condicionado central e de exaustão de cozinha industrial,Companhia Municipal de Energia e Iluminação,Licenças,Publicado,Fica
Manutenção/Instalação/Remoção de abrigo de ônibus com ou sem publicidade,Superintendência Executiva de Patrimônio Imobiliário,Transporte,Aguardando Aprovação,Fica
Nota Carioca - Consulta aos créditos e abatimento no IPTU,Secretaria Municipal de Fazenda,Tributos,Publicado,Fica
Nota Carioca - Desbloqueio de senha web,Secretaria Municipal de Fazenda,Tributos,Publicado,Fica
Nota Carioca - Esclarecimento de dúvidas e legislação,Secretaria Municipal de Fazenda,Tributos,Publicado,Fica
Notificação de irregularidades trabalhistas em contratos de empresas terceirizadas da Secretaria de Saúde,Secretaria Municipal de Saúde,Trabalho,Publicado,Fica - Validado
Oportunidades Cariocas,Secretaria Municipal da Casa Civil,Educação,Publicado,Fica - Validado
Programa Adote.Rio,Fundação Parques e Jardins,Cidade,Aguardando Aprovação,Fica
Programa Adote Rio (Unidades de Conservação),Secretaria Municipal de Meio Ambiente e Clima,Meio Ambiente,Publicado,Fica
Projeto de greide e galeria de águas pluviais,Fundação Instituto das Águas do Município do Rio de Janeiro,Cidade,Publicado,Fica
Questões com álcool e drogas,Secretaria Especial de Cidadania e Família,Cidadania,Aguardando Aprovação,Fica - Validado
Recurso ao auto de multa da Vigilância Sanitária,"Instituto Municipal de Vigilância Sanitária, Vigilância de Zoonoses e de Inspeção Agropecuária",Saúde,Publicado,Fica
Renovação da garantia contratual de vans (STPL),Secretaria Municipal de Transportes,Licenças,Publicado,Fica
Ressarcimento de taxas de diárias e remoção de veículo,Secretaria Municipal de Ordem Pública,Transporte,Publicado,Fica
Solicitação de autorização para rebaixamento de meio-fio,Secretaria Municipal de Conservação e Serviços Públicos,Cidade,Aguardando Aprovação,Não fica - validado
Solicitação de prorrogação de prazo do Termo de Intimação,"Instituto Municipal de Vigilância Sanitária, Vigilância de Zoonoses e de Inspeção Agropecuária",Saúde,Publicado,Fica
Solicitações de profissionais da imprensa para a Assessoria de Comunicação da Riotur,Empresa de Turismo do Município do Rio de Janeiro,Cultura,Publicado,Não fica - validado
Vistoria para permuta de veículo - Transporte Complementar,Secretaria Municipal de Ordem Pública,Transporte,Publicado,Fica
Vistoria técnica em local onde há maus tratos de animais domésticos,Secretaria Municipal de Proteção e Defesa dos Animais,Animais,Publicado,Fica
Informações sobre inscrição e atualização do Cadastro Único,Secretaria Municipal de Assistência Social,Família,Em Edição,Não fica - validado
Informações sobre o Programa Bolsa Família,Secretaria Municipal de Assistência Social,Família,Em Edição,Não fica - validado
Informações sobre o Programa Auxílio Gás dos Brasileiros,Secretaria Municipal de Assistência Social,Família,Em Edição,Não fica - validado
Informações sobre a Carteira da pessoa Idosa,Secretaria Municipal de Assistência Social,Família,Em Edição,Não fica - validado
Informações sobre o projeto de empreendedorismo comunitário,Secretaria Municipal de Assistência Social,Família,Em Edição,Não fica - validado
