titulo_servico,descricao_completa
IPTU 2026,"## **O que é:**

Este serviço permite a **emissão da guia de pagamento** do Imposto sobre a Propriedade Predial e Territorial Urbana (IPTU) e/ou da Taxa de Coleta Domiciliar de Lixo (TCL) para o ano de 2026.

Em alguns casos específicos, pode não haver guia de cobrança disponível, sendo necessário acessar o demonstrativo de lançamento através do serviço “[IPTU - Notificação de Lançamento](https://pref.rio/servicos/categoria/tributos/iptu-notificacao-de-lancamento-inclusive-guias-1de88e0b)”.


## Informações importantes:

Estão isentos do IPTU:

- Imóveis residenciais com valor venal não superior a R$ 85.260,00;
- Imóveis não residenciais até R$ 37.207,00;
- Imóveis não edificados até R$ 57.358,00;
- A TCL também isenta imóveis residenciais com valor venal inferior a R$ 85.260,00;
- Imóveis cuja soma de IPTU e TCL não exceda 30 UFIR (R$ 149,00) também são isentos.

Pagamentos efetuados fora do prazo de vencimento ficam sujeitos a acréscimos moratórios e a atualização monetária incide quando o débito é pago no exercício seguinte ao de cobrança, corrigida pelo IPCA-E.


## **Para que serve:**

Este serviço serve para que os contribuintes possam **gerar e pagar o IPTU e a TCL referentes ao ano de 2026**.


## **Quem pode solicitar:**

Qualquer cidadão ou proprietário de imóvel no município do Rio de Janeiro que seja contribuinte do IPTU e/ou da TCL."
Alvará - Consulta Prévia de Local,"## **O que é:**

A Consulta Prévia de Local é um serviço que permite verificar se uma atividade econômica específica pode ser exercida em um determinado endereço. Este processo considera as leis de zoneamento e uso do solo urbano do município.

O serviço é **gratuito** e essencial para quem planeja abrir ou mudar a localização de um negócio.


## **Para que serve:**

Este serviço serve para **garantir a conformidade** da atividade econômica com as regulamentações urbanísticas antes de iniciar o processo de licenciamento. Ele evita que empreendedores invistam em um local inadequado para sua operação.

É fundamental para o planejamento e a segurança jurídica ao **licenciar uma empresa** ou atividade autônoma.


## **Quem pode solicitar:**

Este serviço pode ser solicitado por **empresas** e **autônomos** que desejam iniciar uma nova atividade ou alterar o local de uma já existente no município.

É destinado a qualquer pessoa jurídica ou física que precise verificar a viabilidade de um endereço para fins comerciais."
IPTU - Certidão de Situação Fiscal e Enfitêutica,"## **O que é:**

Este serviço permite a **geração da Certidão de Situação Fiscal e Enfitêutica** de um imóvel. O documento exibe a existência, ou não, de débitos de IPTU relacionados à propriedade, concentrando todas as informações fiscais para comprovar sua regularidade.

A certidão é estruturada em quatro quadros principais:

- **Quadro I** detalha os débitos inscritos em dívida ativa, sob a responsabilidade da Procuradoria da Dívida Ativa (PDA).
- **Quadro II** informa sobre débitos ainda não inscritos em dívida ativa, referentes a guias de cobrança com prazo para pagamento na rede bancária, sob a Secretaria Municipal de Fazenda (SMF). Caso existam débitos sem prazo de pagamento na rede bancária, é necessário abrir um processo administrativo para quitação.
- **Quadro III** apresenta informações complementares sobre processos pendentes que podem resultar em futuras cobranças.
- **Quadro IV**, a Situação Enfitêutica, registra a condição de aforamento do imóvel em relação ao Município do Rio de Janeiro.


## **Para que serve:**

A certidão serve para **comprovar a regularidade fiscal e enfitêutica** de um imóvel perante o Município do Rio de Janeiro. Ela permite verificar de forma oficial a existência de débitos de IPTU e a condição de aforamento da propriedade.

É um documento essencial para diversas finalidades, como transações imobiliárias, obtenção de financiamentos, comprovações em processos legais ou administrativos, e para o acompanhamento da situação fiscal do imóvel.


## **Quem pode solicitar:**

O serviço pode ser solicitado por **qualquer cidadão ou entidade** que precise verificar a situação fiscal e enfitêutica de um imóvel localizado no Rio de Janeiro."
Informações sobre inscrição e atualização do Cadastro Único,"## O que é  
Este serviço oferece informações detalhadas sobre como se inscrever e manter atualizado o Cadastro Único (CadÚnico) no município do Rio de Janeiro. O CadÚnico é uma ferramenta essencial para identificar e caracterizar famílias brasileiras de baixa renda.

Ele considera famílias com renda mensal de até meio salário-mínimo por pessoa. Famílias com renda superior também podem ser cadastradas para acessar programas ou serviços específicos dos governos municipal, estadual ou federal.

O CADRio é a rede de Centrais de Atendimento do Cadastro Único na cidade, focada em garantir a qualidade do cadastro e a dignidade das famílias. O sistema CADRio Agendamento permite que as famílias marquem seus atendimentos com antecedência, escolhendo o melhor horário e reduzindo o tempo de espera.

## Para que serve  
O principal objetivo deste serviço é **identificar e caracterizar famílias de baixa renda** para que possam ser incluídas em diversos programas sociais. Ele serve como porta de entrada para benefícios importantes.

Entre os programas coordenados pelo Governo Federal que utilizam o Cadastro Único para seleção de beneficiários estão o **Programa Bolsa Família (PBF)**, o **Benefício de Prestação Continuada (BPC)** e a **Tarifa Social de Energia Elétrica (TSEE)**. Além desses, o CadÚnico é usado para muitos outros programas federais, estaduais e municipais.

## Quem pode solicitar  
Este serviço é destinado a **qualquer cidadão** que faça parte de uma família de baixa renda, ou seja, com renda mensal de até meio salário-mínimo por pessoa. Também podem solicitar famílias que buscam inclusão em programas sociais específicos.

A atualização dos dados cadastrais deve ser feita pelo **Responsável pela Unidade Familiar** em até 24 meses após a última entrevista, ou sempre que houver mudanças na composição familiar, endereço, renda, documentação ou escolaridade.

É importante notar que famílias compostas por apenas uma pessoa, para fins de concessão ou manutenção de benefícios, terão a entrevista para coleta de dados realizada em domicílio, tanto para novos cadastros quanto para atualizações."
Licença Sanitária de Funcionamento,"## **O que é:**

O Licenciamento Sanitário é um requisito essencial para o funcionamento de estabelecimentos que realizam qualquer atividade econômica comercial, industrial ou de prestação de serviços que tenham relação com a saúde individual ou coletiva da população.


Este serviço abrange diferentes tipos de licenças:

1. **Licença Sanitária de Funcionamento (LSF)** e a **Licença Sanitária de Atividades Relacionadas (LSAR)**, que devem ser revalidadas anualmente até 30 de abril do ano em exercício;
2. **Licença Sanitária de Atividades Transitórias (LSAT)**, para eventos e obras;
3. **Registro de Estabelecimento de Produção Agropecuária (REPA)**;
4. **Licenciamento de veículos de transporte**.


## LSF – Licença Sanitária de Funcionamento

Concedida a estabelecimentos regulados pela Vigilância Sanitária ou de interesse da Vigilância de Zoonoses.  
Abrange, entre outros:

- Comércio de alimentos e bebidas;
- Farmácias e distribuidoras;
- Hospitais e serviços de saúde;
- Serviços de embelezamento;
- Escolas, clubes, hotéis;
- Veterinárias e pet shops.


## LSAR – Licença Sanitária de Atividades Relacionadas

Obrigatória para pessoas jurídicas, considerando os riscos advindos dos ambientes e locais de uso coletivo que exerçam:

- Atividades industriais;
- Atividades comerciais;
- Prestação de serviços.


## LSAT – Licença Sanitária de Atividades Transitórias

Concedida por até 180 dias, obrigatória em eventos públicos ou privados.  
Aplica-se a:

- Serviços de alimentação, saúde e estética;
- Ambulantes, stands, barracas, veículos e atividades localizadas no entorno dos eventos;
- Obras e canteiros de trabalho com fornecimento de refeições e/ou serviço de saúde.

A LSAT deve estar fixada em local visível e disponível para as autoridades sanitárias.

Os manipuladores de alimentos devem possuir certificado do Curso de Noções Básicas e Boas Práticas de Manipulação de Alimentos do IVISA-RIO. A inscrição deve ser realizada através de links divulgados nas redes sociais do IVISA-RIO.


## REPA – Registro de Estabelecimento de Produção Agropecuária

Concedido por adesão voluntária, com revalidação até 30 de abril do ano em exercício.  
Abrange comércio municipal de produtos de origem animal ou vegetal, com exigência de certificação e registro dos produtos que comercializa.


## ASP – Autorização Sanitária Provisória

Concedida em caráter precário e improrrogável até 30 de abril do ano em exercício.  
Destinada a estabelecimentos com pendências de Alvará junto à SMF, como:

- Quiosques;
- *Food trucks, food bikes* e similares;
- Equipamentos fixados em áreas públicas;
- Minimercados/*delivery;*
- Empresas prestadoras de serviço de alimentação ou saúde em outros estabelecimentos (públicos ou privados);
- Atividades em residências usadas como apoio (produção, pré-preparo, armazenamento).

A ASP pode ser revogada a qualquer momento, não gerando direito adquirido.


## **Para que serve:**

O licenciamento sanitário serve para regularizar e autorizar o funcionamento de estabelecimentos e atividades que podem impactar a saúde pública. Ele assegura que os locais operem dentro dos padrões sanitários exigidos, minimizando riscos e protegendo a população de potenciais danos ou riscos advindos de ambientes coletivos.


## **Quem pode solicita**r:

Pode solicitar o licenciamento sanitário qualquer pessoa jurídica ou física responsável por estabelecimentos que realizam atividades econômicas comerciais, industriais ou de prestação de serviços com relação à saúde.


## Informações complementares:

Acesse **[aqui](https://vigilanciasanitaria.prefeitura.rio/wp-content/uploads/sites/84/2026/04/rio_de_janeiro_2026-01-05_44_45.pdf)** a tabela com valores da Taxa de Licenciamento Sanitário, das multas e dos preços públicos no âmbito do Instituto Municipal de Vigilância Sanitária, Vigilância de Zoonoses e de Inspeção Agropecuária, de acordo com a publicação no DOM de 05/01/2026, para o exercício 2026."
ITBI - Simulação de valor e pedido de guia,
Fiscalização de estacionamento irregular de veículo,"## **O que é:**

Este serviço consiste no envio da Guarda Municipal para fiscalizar estacionamentos irregulares de veículos e uso de cones e/ou obstruções irregulares na via para demarcar vagas. A fiscalização abrange situações em desacordo com o Código de Trânsito Brasileiro, incluindo estacionamento indevido de ônibus e excesso de ônibus em pontos terminais.


A atuação da Guarda Municipal também se estende a áreas de **shoppings** e **supermercados**, nos casos de fiscalização de estacionamento de vagas de idosos, gestantes, pessoas com deficiências.


Este serviço também se aplica à proibição de colocar **objetos **(cones, cavaletes, caixotes, etc) por terceiros e/ou particulares para obstruir a via. Segundo o Art. 246 do CTB, reservar vagas ou bloquear ruas caracteriza infração de trânsito gravíssima, com multa de R$ 195,23 (que pode ser multiplicada), acréscimo de 5 pontos na CNH e remoção imediata do objeto.


## **Para que serve:**

Garantir a fiscalização e coibição de estacionamentos irregulares, promovendo a organização do trânsito e o cumprimento das normas. A fiscalização pode resultar em **multa **do veículo, dependendo da avaliação da situação no local. Caso haja a necessidade de remoção do veículo, será acionada a Gerência de Controle Operacional para a Gerência de Fiscalização de Estacionamento e Reboque da Secretaria Municipal de Ordem Pública, conforme a viabilidade e disponibilidade do guincho.


## **Quem pode solicitar:**

Qualquer cidadão que identifique um estacionamento irregular de veículo no município do Rio de Janeiro pode solicitar este serviço."
IPTU 2025 e anteriores - cobrança na Fazenda,"## **O que é:**

Este serviço permite a **emissão de guias para pagamento e/ou depósito do IPTU e/ou TCL (Taxa de Coleta Domiciliar de Lixo)**. Ele é destinado a cobranças referentes ao exercício de 2025 ou anos anteriores que ainda não foram inscritas em Dívida Ativa.

O DARM (Documento de Arrecadação de Receitas Municipais) para pagamento é emitido com os valores atualizados. Pagamentos fora do prazo de vencimento estão sujeitos a acréscimos moratórios, já calculados no boleto.

A atualização monetária incide quando o débito é pago no exercício seguinte ao de cobrança, corrigida pelo FAT (Fator de Atualização), que corresponde ao IPCA-E do IBGE. Para guias de depósito, o código de receita é 312-3 e a guia se refere à Receita de depósito.

Para saber como é calculado o IPTU em atraso, clique **[aqui](https://carioca.rio/wp-content/uploads/2021/12/Calculo-do-IPTU-em-atraso-2023-6.pdf)**.


## **Para que serve:**

Este serviço serve para **regularizar débitos de IPTU e TCL** de anos anteriores que ainda não foram inscritos em Dívida Ativa. Ele permite que o contribuinte obtenha a guia de pagamento com os valores atualizados, incluindo juros e correção monetária.


## **Quem pode solicitar:**

Qualquer cidadão que possua débitos de IPTU e/ou TCL (Taxa de Coleta Domiciliar de Lixo) referentes ao exercício de 2025 ou anos anteriores, desde que essas cobranças não estejam inscritas em Dívida Ativa."
ISS - Comprovante de Inscrição e de Situação Cadastral,"## **O que é:**

Este serviço permite a emissão do Comprovante de Inscrição e de Situação Cadastral. Ele atesta a existência ou não de um contribuinte no Cadastro Mobiliário da Secretaria Municipal de Fazenda do Município do Rio de Janeiro.

Ao consultar ou imprimir o comprovante, todos os dados cadastrais do contribuinte são fornecidos, garantindo a transparência e a oficialidade das informações.


## **Para que serve:**

O comprovante serve para atestar e comprovar a situação cadastral de um contribuinte junto à Secretaria Municipal de Fazenda. Este documento é essencial para diversas finalidades que exigem a verificação da regularidade fiscal de pessoas ou empresas no município.


## **Quem pode solicitar:**

Qualquer contribuinte que necessite comprovar sua inscrição e situação cadastral no Cadastro Mobiliário da Secretaria Municipal de Fazenda do Rio de Janeiro."
ISS - Certidão de Situação Fiscal,"## **O que é:**

Este serviço permite a solicitação da certidão de situação fiscal de ISS (Imposto Sobre Serviços) para contribuintes do município.

As certidões solicitadas através deste serviço poderão ser:

- **Certidão negativa**: quando não houver auto de infração, nota de lançamento, parcelamento, débito confessado em pedido de parcelamento ou certidão de dívida ativa pendentes do pagamento integral.
- **Certidão de regularização** (positiva com efeitos de negativa): quando constar débito com exigibilidade suspensa em virtude de haver parcelamento em curso; auto de infração ou nota de lançamento em litígio administrativo; prazo legal para pagamento, impugnação ou recurso; concessão de medida liminar em mandado de segurança e outras formas de ação judicial; ou certidão de dívida ativa parcelada, suspensa, que possua cobrança garantida ou que esteja com a exigibilidade suspensa por qualquer outro motivo.
- **Certidão positiva**: quando houver parcelamento sem pagamento da primeira parcela ou suspenso, impugnação ou recurso intempestivo, recurso contra declaração de perempção, ou certidão de dívida ativa que não esteja liquidada, cancelada ou com exigibilidade suspensa.
- **Certidão de não contribuinte**: quando o requerente não constar no cadastro de contribuintes do município como prestador de serviço.

As certidões terão validade de até 90 dias, podendo ser inferior conforme o caso.


## **Para que serve:**

A certidão de situação fiscal de ISS serve para comprovar a regularidade ou a situação dos débitos de um contribuinte perante a Secretaria Municipal de Fazenda (SMF). Ela é essencial para diversas finalidades, como participação em licitações, obtenção de financiamentos ou comprovação de regularidade fiscal em geral.


## **Quem pode solicitar:**

Este serviço pode ser solicitado por qualquer contribuinte do município que possua uma inscrição municipal e necessite comprovar sua situação fiscal referente ao ISS. A certidão emitida é válida para todas as inscrições vinculadas ao CPF ou à raiz do CNPJ do solicitante."
Multa de trânsito - Consulta de multa,
Consulta de contracheques,
IPTU - Certidão de Elementos Cadastrais,"## **O que é:**

Este serviço permite a geração de uma certidão com os dados cadastrais do imóvel, conforme constam no cadastro imobiliário na data da consulta. Esta certidão concentra as informações relativas aos dados cadastrais do imóvel (como área, posição, idade, utilização, etc.) e dos contribuintes relacionados que constam no cadastro do IPTU.


## **Para que serve:**

O serviço tem como objetivo fornecer um registro dos dados cadastrais do imóvel, essencial para o cálculo e lançamento do IPTU. Permite também que o contribuinte verifique as informações constantes no cadastro do IPTU do imóvel.

Caso haja divergências entre os dados apresentados na certidão e a situação real do imóvel, o contribuinte pode iniciar um processo administrativo para correção, utilizando o serviço ""Regularização de dados cadastrais"".


## **Quem pode solicitar:**

Qualquer cidadão que precise consultar ou obter uma certidão com os dados cadastrais de um imóvel. Para acessar o serviço, é necessário ter o número da inscrição imobiliária do imóvel."
Remoção de entulho,
ITBI - Impressão de guia para pagamento,
Emissão de certidão de Dívida Ativa,"## **O que é:**

Este serviço se refere à emissão da Certidão de Dívida Ativa, um documento gerado pela Procuradoria da Dívida Ativa do Município do Rio de Janeiro. Esta certidão informa e certifica a situação fiscal de contribuintes, sejam pessoas físicas ou jurídicas, quanto à existência de débitos inscritos em dívida ativa municipal.


A Procuradoria da Dívida Ativa realiza uma análise dos créditos sob sua administração para certificar a situação fiscal. É importante notar que a certidão ressalva o direito do Município do Rio de Janeiro de cobrar e inscrever quaisquer dívidas de responsabilidade do contribuinte que venham a ser apuradas futuramente.


## **Para que serve:**

A Certidão de Dívida Ativa é essencial para comprovar a situação fiscal de um contribuinte perante o Município. Ela é utilizada para diversas finalidades, como a realização de **escrituras**, a celebração de **convênios** e a **participação em licitações e concursos públicos**, entre outras situações que exigem tal comprovação.


## **Quem pode solicitar:**

O serviço é destinado a **contribuintes** (sejam pessoas físicas ou pessoas jurídicas) que necessitam de uma certificação de sua situação fiscal em relação a débitos municipais."
ITBI - Emissão da certidão de pagamento,
Multa de Trânsito - Defesa Prévia de Autuação,
Reparo de luminária,
Multa de Trânsito - Informações sobre como pagar,
ISS - Emissão de DARM para pagamento,
IPTU – Parcelamento 2025 – Solicitação e emissão de boletos,"## **O que é?**

Este serviço permite a solicitação de parcelamento e a emissão de guias o pagamento do Imposto Predial e Territorial Urbano (IPTU) e da Taxa de Coleta Domiciliar de Lixo (TCL). Ele é destinado a débitos que estejam consignados em guias com todas as cotas já vencidas e que ainda não tenham sido inscritos em Dívida Ativa.


## **Para que serve?**

O serviço serve para regularizar débitos de IPTU e TCL junto à Secretaria Municipal de Fazenda.


## **Quem pode solicitar?**

Pode solicitar o parcelamento o cidadão que possua débitos de IPTU ou TCL não inscritos em Dívida Ativa."
Consultar Declaração de Escolaridade,
IPTU - Notificação de Lançamento (inclusive guias extraordinárias),"## **O que é:**

Este serviço permite a exibição dos dados utilizados no lançamento do IPTU, incluindo a consulta, pela leitura no campo de informações complementares, se o imóvel possui algum benefício fiscal cadastrado, como isenção ou imunidade.

É possível verificar os dados cadastrais do imóvel e as informações do lançamento. No campo de informações complementares, o serviço indica se o imóvel possui algum benefício fiscal cadastrado, como isenção ou imunidade, tanto para o IPTU quanto para a Taxa de Coleta Domiciliar de Lixo (TCL).


## **Para que serve:**

O serviço serve para que o contribuinte possa consultar os detalhes do cálculo do seu IPTU e verificar a existência de benefícios fiscais aplicados ao seu imóvel. Isso inclui isenções ou imunidades para o IPTU e/ou a TCL, garantindo transparência sobre a tributação.


## **Quem pode solicitar:**

Qualquer cidadão que necessite consultar os dados de lançamento do IPTU de um imóvel. Para acessar o serviço, é obrigatório ter o número da inscrição imobiliária do imóvel em questão."
Solicitação de orientações sobre o alvará pela internet,"## **O que é:**

Este serviço oferece **orientações e esclarecimentos** sobre os procedimentos relacionados ao licenciamento de estabelecimentos na cidade do Rio de Janeiro.   
Ele abrange a Consulta Prévia de Local (CPL), o requerimento eletrônico, a emissão do Alvará de Licença de Estabelecimento e a Taxa de Licença de Estabelecimento.

Também auxilia na impressão desses documentos via internet e na resolução de problemas ou dúvidas sobre a emissão do DARM e do próprio Alvará.


## **Para que serve:**

O serviço serve para **fornecer suporte e orientação** em casos de dúvidas ou problemas com a Consulta Prévia de Local (CPL) e a concessão do Alvará de Licença de Estabelecimento. Ele visa solucionar questões relacionadas à emissão do DARM e do Alvará.

Além disso, o serviço esclarece outras dúvidas gerais sobre o Alvará de Licença de Estabelecimento e a CPL, garantindo que os usuários possam prosseguir com seus processos de licenciamento de forma correta.


## **Quem pode solicitar:**

Este serviço é destinado a **empresas e autônomos** que precisam de orientações ou enfrentam dificuldades nos processos de licenciamento de estabelecimentos no município do Rio de Janeiro. É para quem busca esclarecimentos sobre a Consulta Prévia de Local, o requerimento eletrônico e a emissão de alvarás."
Fiscalização de perturbação do sossego,
"Reparo de buraco, deformação ou afundamento na pista","## **O que é:**

Este serviço é responsável pelo reparo de buracos, deformações, afundamentos e outras irregularidades encontradas no pavimento das ruas, especificamente na pista de rolamento dos veículos. Abrange também a manutenção de buracos em ciclovias, na pista da Transoeste, e em túneis e viadutos.

O serviço inclui o renivelamento de tampões e grelhas que estejam desnivelados. É importante notar que, em casos de afundamento ou renivelamento de tampão/grelha, o serviço passará por uma vistoria e poderá ser qualificado para outro tipo de intervenção, com um prazo diferente. O cidadão será informado por e-mail sobre qualquer alteração.


## **Para que serve:**

Garantir a segurança e a fluidez do trânsito nas vias públicas do Rio de Janeiro, corrigindo imperfeições no pavimento que podem causar acidentes ou dificultar a circulação de veículos e ciclistas. O objetivo é manter a infraestrutura viária em boas condições para todos os usuários.


## **Quem pode solicitar:**

Qualquer cidadão que identifique buracos, deformações ou afundamentos nas vias públicas do município do Rio de Janeiro pode solicitar este serviço."
Consulta de débitos de IPTU em Dívida Ativa,"## **O que é:**

Este serviço permite a consulta detalhada de débitos pendentes referentes ao Imposto sobre a Propriedade Predial e Territorial Urbana (IPTU) de um imóvel. Esses débitos estão registrados na Dívida Ativa do município do Rio de Janeiro e são administrados pela Procuradoria Geral do Município (PGM).


## **Para que serve:**

Serve para que cidadãos e proprietários de imóveis possam verificar a situação fiscal de uma propriedade de forma clara e objetiva. A consulta é fundamental para identificar e planejar a regularização de débitos, contribuindo para evitar complicações legais e financeiras.


## **Quem pode solicitar:**

Qualquer cidadão interessado em consultar os débitos de IPTU de um imóvel específico no município do Rio de Janeiro. Isso inclui proprietários, futuros compradores ou seus representantes legais que necessitam verificar a situação fiscal do bem."
IPTU - Alteração de nome do proprietário,"**O que é:**

A alteração do nome do proprietário no Cadastro Imobiliário da Secretaria Municipal de Fazenda (IPTU) é um processo fundamental para manter os registros fiscais do imóvel atualizados e em conformidade com a titularidade.


**Para que serve:**

Atualizar o nome do proprietário no Cadastro Imobiliário da Secretaria Municipal de Fazenda. Isso garante que todas as informações fiscais do imóvel estejam corretas, refletindo a titularidade atual e assegurando a regularidade cadastral.


**Quem pode solicitar:**

O serviço pode ser solicitado pelo proprietário do imóvel, seja ele uma pessoa física ou jurídica. Além disso, um procurador legalmente constituído e devidamente autorizado pode realizar a solicitação em nome do proprietário."
Informações sobre matrícula na rede municipal - 2026,
IPTU - Consulta a pagamentos e débito automático,"## **O que é:**

Este serviço permite a consulta de pagamentos realizados na guia do Imposto Predial e Territorial Urbano (IPTU), além de fornecer dados sobre o débito automático. É possível verificar pagamentos efetuados em um ano específico, seja na guia anual ou parcelamento, desde que não inscritos em dívida ativa.  
A consulta pode ser feita para pagamentos a partir do ano de 1995, e os referentes a parcelamentos são limitados aos últimos 5 anos, incluindo o ano corrente.


## **Para que serve:**

O serviço tem como objetivo permitir a **verificação detalhada** dos pagamentos de IPTU, a consulta do código de débito automático e a geração de uma **Certidão de Pagamento**. Esta certidão exibe informações como valores cobrados, valores pagos, datas de vencimento e pagamento, e a origem do pagamento, auxiliando no controle fiscal do contribuinte.


## **Quem pode solicitar:**

Qualquer cidadão que precise consultar pagamentos do IPTU ou informações relacionadas ao débito automático de um imóvel."
Cartão de estacionamento para pessoas com deficiência - PCD,
IPTU - Certidão de Valor Venal,"## **O que é:**

Este serviço permite a emissão da certidão de valor venal de um imóvel, abrangendo até 10 exercícios fiscais consecutivos. A certidão apresenta o valor do imóvel em 1º de janeiro dos exercícios solicitados, apurado de acordo com os dados cadastrais registrados nessa data e expresso na moeda da época.

O documento é emitido a partir das informações contidas no sistema de dados informatizados do IPTU. Os valores venais são apurados de acordo com os critérios estabelecidos pela Lei nº 691, de 24 de dezembro de 1984, e pela legislação tributária em vigor para cada lançamento, e não devem ser considerados equivalentes aos respectivos valores de mercado.


## **Para que serve:**

A certidão de valor venal é um documento essencial para comprovar o valor de um imóvel em diversas situações. Ela é exigida em processos de **regularização cadastral**, **inventários** e **financiamentos de imóveis**, fornecendo uma base oficial para essas transações e procedimentos legais.


## **Quem pode solicitar:**

Qualquer cidadão ou contribuinte que necessite da comprovação do valor venal de um imóvel. Isso inclui proprietários, herdeiros, compradores, vendedores ou seus representantes legais, para fins de regularização, inventário ou financiamento."
Licenciamento de eventos - Autorização Transitória,"**O que é:**

Este serviço permite a obtenção de uma autorização transitória para realizar eventos em áreas públicas ou particulares no município do Rio de Janeiro. Abrange o licenciamento de festas, eventos esportivos, culturais, religiosos, shows, feiras de artesanato e similares.


Também inclui a instalação de estandes imobiliários e a realização de encontros ou aglomerações de qualquer natureza com objetivos econômicos ou corporativos. Quando há instalação de estruturas em espaços públicos, o prazo de autorização considera tanto o tempo de montagem quanto a antecedência exigida pela legislação.


## Para que serve:

Este serviço serve para garantir a legalidade e a conformidade de eventos diversos, assegurando que todas as atividades realizadas em espaços públicos ou particulares estejam devidamente autorizadas pela administração municipal.


## Quem pode solicitar:

Qualquer pessoa física ou jurídica que deseje organizar ou promover um evento em áreas públicas ou particulares no município do Rio de Janeiro. Isso inclui promotores de festas, shows, eventos esportivos, culturais, religiosos, feiras e encontros corporativos."
Alvará a Jato,"## **O que é:**

O Alvará a Jato é um sistema de cadastro para empreendedores que desejam formalizar seus negócios na Cidade do Rio de Janeiro. Este serviço permite o registro de atividades econômicas, habilitando o empreendedor a desenvolver suas operações.


É importante notar que, ao final do cadastro, apesar da necessidade de recolher valores referentes à Taxa de Licença de Estabelecimento (TLE), **não** há disponibilização de um Alvará físico.


## **Para que serve:**

Este serviço serve para formalizar a atividade econômica do empreendedor, permitindo que ele desenvolva suas operações com atividades de baixo risco na Cidade do Rio de Janeiro de forma regular e apta.


## **Quem pode solicitar:**

Pode solicitar o Alvará a Jato o empreendedor, seja comerciante ou empresário, que tenha sua atividade econômica enquadrada como de **baixo risco** e possua **porte adequado**."
Contracheque de servidor inativo e pensionista,
Declaração do Imposto de Renda na Fonte para aposentados e pensionistas,
Manutenção/Desobstrução de ramais de águas pluviais e ralos,"## **O que é:**

Este serviço realiza a manutenção e desobstrução de ramais e galerias de águas pluviais, bem como de ralos entupidos. Ele atua em situações onde a água retorna para as casas ou não escoa, causando alagamentos nas ruas.

O serviço também abrange a manutenção e desobstrução de ramais de ralo localizados nas vias Transcarioca e Transoeste, garantindo o fluxo adequado da água da chuva nessas importantes vias.


## **Para que serve:**

O serviço serve para garantir o escoamento adequado da água da chuva, evitando o retorno de água para as residências e prevenindo alagamentos nas ruas. Seu objetivo é normalizar o fluxo das galerias pluviais e manter a funcionalidade da infraestrutura de drenagem.


## **Quem pode solicitar:**

Qualquer cidadão pode solicitar este serviço. Para fazer a solicitação, é necessário informar o bairro, a rua e o número da residência ou estabelecimento que esteja em frente ao bueiro ou ralo, além de fornecer pontos de referência para facilitar a localização da ocorrência."
IPTU - Atualização de CPF/CNPJ,"## O que é:

Este serviço permite a atualização do CPF ou CNPJ do proprietário no Cadastro Imobiliário da Secretaria Municipal de Fazenda (IPTU). Ele é utilizado quando o nome do contribuinte (titularidade) está correto na notificação de lançamento do IPTU, mas existe uma divergência nos dados de CPF/CNPJ.


**Aviso: **Informamos que as alterações de titularidade e destinatário processadas após 26/12/25 só constarão na notificação de lançamento (antigo carnê) do IPTU de 2027.

Todavia, as alterações realizadas após essa data poderão ser confirmadas por meio de certidões que podem ser emitidas pela internet:


- Certidão de elementos cadastrais do IPTU disponível no link:

[https://www2.rio.rj.gov.br/smf/iptucertcadastral/](https://www2.rio.rj.gov.br/smf/iptucertcadastral/)

- Certidão de situação fiscal e enfitêutica no link:

[https://www2.rio.rj.gov.br/smf/iptucertfiscal/](https://www2.rio.rj.gov.br/smf/iptucertfiscal/)


## Para que serve:

O serviço tem como objetivo principal possibilitar o pagamento de dívidas do IPTU de forma parcelada junto à dívida ativa municipal. Além disso, ele permite a correta geração do QR Code para pagamentos via PIX, garantindo a regularização fiscal do imóvel.


## Quem pode solicitar:

Proprietários de imóveis no município do Rio de Janeiro que necessitam corrigir ou atualizar o CPF ou CNPJ associado ao seu Cadastro Imobiliário (IPTU). É destinado a contribuintes cuja titularidade está correta, mas os dados de identificação fiscal precisam ser ajustados. O serviço pode ser solicitado o ano todo, exceto durante o período de emissão anual do IPTU (entre o final de dezembro e o início de janeiro)."
Multa de trânsito - Troca do Real Infrator,
Controle de roedores e caramujos africanos,
Solicitação de correção de falhas e de cadastro no portal e app 1746,
Remoção de resíduos em vias públicas,
Informações sobre o Programa Bolsa Família,"## O que é

O Programa Bolsa Família é o maior programa de transferência de renda do Brasil, relançado em março para substituir o Auxílio Brasil. Ele é reconhecido por ter tirado milhões de famílias da fome, oferecendo um modelo de benefício que considera o tamanho e as características de cada família.

Este serviço fornece informações completas sobre o programa, incluindo os critérios de elegibilidade, como realizar o cadastro e os diversos benefícios que são oferecidos aos participantes.

## Para que serve

O programa serve para **garantir renda básica** a famílias em situação de pobreza, promovendo a integração de políticas públicas. Ele fortalece o acesso a direitos essenciais como saúde, educação e assistência social.

Além disso, o Bolsa Família proporciona diversos benefícios financeiros, como o Benefício de Renda de Cidadania (R$142,00 por integrante), Benefício Primeira Infância (R$ 150,00 por criança de 0 a 7 anos) e Benefício Variável Familiar (R$ 50,00 para gestantes, crianças de 7 a 12 anos e adolescentes de 12 a 18 anos).

## Quem pode solicitar

O Programa Bolsa Família pode ser solicitado por **cidadãos que compõem famílias em situação de pobreza**. A principal regra de elegibilidade é que a renda de cada pessoa da família seja de, no máximo, R$ 218,00 por mês.

Para se cadastrar, é necessário que a família atenda a este critério de renda e realize o registro nos Centros de Referência de Assistência Social (CRAS) ou na Central CADRio."
Fiscalização de má conduta do motorista/despachante,
Poda de árvore em vias públicas,
Verificação de frequência irregular da coleta domiciliar com retirada do resíduo,
Atendimento em unidades de Atenção Primária em Saúde,"## **O que é:**

O Atendimento nas Unidades de Atenção Primária constitui o principal ponto de entrada da população na rede de saúde do município do Rio de Janeiro. Esse atendimento é realizado nas Clínicas da Família e nos Centros Municipais de Saúde (CMS), organizados por território para garantir proximidade, vínculo e continuidade do cuidado. Nessas unidades, equipes de saúde da família e multiprofissionais coordenam a atenção à saúde, acolhendo o usuário desde sua chegada e oferecendo orientação e atendimento conforme suas necessidades.


## **Para que serve:**

As unidades oferecem consultas, exames, procedimentos, dispensação de medicamentos, imunizações e acompanhamento em diversas linhas de cuidado. Também desenvolvem ações de promoção da saúde, como o Programa Academia Carioca e o Programa Saúde na Escola. As atividades seguem as diretrizes da Secretaria Municipal de Saúde descritas na Carteira de Serviços da Atenção Primária (2021).


## **Quem pode solicitar:**

O atendimento pode ser solicitado por qualquer cidadão que resida na área de cobertura da Clínica da Família ou CMS. Para isso, é necessário realizar o cadastro na unidade, que pode ser feito pelo ACS durante a visita domiciliar ou diretamente na recepção.

Os serviços são ofertados conforme avaliação inicial realizada pela equipe. O atendimento segue critérios de acolhimento, escuta qualificada e agendamento conforme critérios clínicos, podendo ocorrer no mesmo dia ou ser agendado em até 30 dias de acordo com a gravidade e a necessidade de cada caso."
IPTU – Certidão de Histórico Fiscal,"## O que é

Este serviço permite a abertura de um procedimento para obter a Certidão de Histórico Fiscal de um imóvel. Essa certidão contém os dados cadastrais e fiscais do imóvel, com base nos registros e no sistema informatizado do IPTU.

Ela detalha informações como o ano de criação da inscrição, o proprietário, a área, a utilização, a tipologia, a posição em relação ao logradouro, o ano de desdobramento (se houver), suas alterações e o número do processo administrativo que gerou essas mudanças.


## Para que serve

A certidão serve para apresentar o histórico fiscal completo de um imóvel, sendo útil para fins gerais e também para processos de usucapião. Ela fornece um panorama detalhado das informações fiscais e cadastrais do imóvel ao longo do tempo.


## Quem pode solicitar

Este serviço pode ser solicitado por proprietários de imóveis, seus procuradores, sucessores (como inventariantes) ou representantes legais de pessoas jurídicas que necessitem do histórico fiscal de uma inscrição imobiliária. Também é destinado a quem precisa da certidão para processos de usucapião."
Autorização e legalização de comércio ambulante,"## **O que é:**

Este serviço consiste na autorização para o exercício do comércio ambulante em logradouros públicos e praias, incluindo a utilização de módulos. Ele permite que cidadãos atuem como vendedores ambulantes de forma regularizada. O serviço é pago, com valores que variam conforme a legislação e a possibilidade de isenção em alguns casos.

Além disso, pintores e artistas plásticos podem expor quadros, telas e peças de arte em logradouros públicos, independentemente de qualquer ônus, mediante a mesma autorização.


## **Para que serve:**

Garantir a legalização e a regularização das atividades de comércio ambulante em espaços públicos, como ruas e praias. Também permite a exposição de obras de arte por pintores e artistas plásticos em logradouros públicos, assegurando o cumprimento das normas municipais.


## **Quem pode solicitar:**

Este serviço pode ser solicitado por cidadãos que desejam atuar como comerciantes ambulantes em logradouros públicos e praias. Também é destinado a** **pintores e artistas plásticos que pretendem expor suas obras de arte em espaços públicos, necessitando da devida autorização."
Resgate de animais silvestres,
Informações sobre liberação de veículos rebocados,
Emissão de guia de pagamento de Dívida Ativa em atraso,"## **O que é:**

Quando houver atraso no pagamento de uma das parcelas, o contribuinte poderá emitir guia de regularização, desde que o parcelamento não tenha sido automaticamente cancelado.

O pagamento das prestações do acordo é mensal e o atraso das cotas poderá acarretar o cancelamento do parcelamento.


## **Para que serve:**

O objetivo é permitir que o contribuinte compreenda a situação de seu parcelamento de Dívida Ativa com parcelas em atraso. Isso possibilita a regularização do débito e ajuda a evitar o cancelamento do acordo.


## **Quem pode solicitar:**

Qualquer cidadão ou empresa que possua um acordo de parcelamento de Dívida Ativa com o município e que esteja com parcelas vencidas."
Histórico de Tarifas,
"IPTU - Regularização, parcelamento, restituição, alegação ou transposição","## O que é:

Regularização de débitos de Imposto Predial e Territorial Urbano (IPTU) e da Taxa de Coleta de Lixo e Limpeza Pública (TCL).


## **Para que serve:**

- **Parcelamento - **permite que o pagamento seja facilitado em até 86 parcelas;
- **Restituição - **permite o reembolso e valores pagos indevidamente;
- **Alegação - **só deve ser feita no caso de pagamento não registrado no sistema e;
- **Transposição -** serve para quando o pagamento foi feito para o imóvel errado.


## **Quem pode solicitar:**

Pessoas físicas e jurídicas que possuam débitos de IPTU e TCL junto ao Município do Rio de Janeiro e desejam regularizar sua situação fiscal."
Informações sobre gratuidade no transporte municipal,"### O que é:

O direito à gratuidade no transporte público municipal do Rio de Janeiro é previsto na Lei nº 3.167/2000 e o benefício é concedido por meio do **Cartão Jaé**, garantindo o acesso gratuito ao transporte para determinados grupos da população, conforme as regras estabelecidas pela legislação.


### Como funciona:

A gratuidade permite que pessoas que se enquadram nos critérios legais utilizem o transporte público municipal sem pagamento da tarifa, respeitando as condições específicas de cada categoria.


O benefício é assegurado nas seguintes situações:

- **Idosos com 65 anos ou mais:** acesso mediante cartão eletrônico ou documento de identidade, sem limite de viagens;
- **Pessoas com deficiência e seus acompanhantes:** uso mediante cartão eletrônico, sem limite de viagens;
- **Pessoas com doenças crônicas:** uso mediante cartão eletrônico, com limite mensal de viagens definido por prescrição médica, conforme a frequência necessária ao tratamento;
- **Estudantes da rede pública de ensino fundamental e médio**, universitários beneficiados por programas federais de acesso ao ensino superior ou estudantes universitários com renda familiar per capita de até um salário mínimo: limite de **76 viagens por mês**, com cartão eletrônico;
- **Crianças de até 5 anos:** gratuidade no transporte municipal.


### Público-alvo:

Pessoas que se enquadram nas categorias previstas na legislação municipal, como idosos, pessoas com deficiência, pessoas com doenças crônicas, estudantes da rede pública e crianças.


### Informações importantes:

A **gratuidade também é garantida nos** **transportes especiais complementares** do município. Quando o veículo tiver capacidade entre 8 e 11 passageiros, é obrigatório o transporte de pelo menos um passageiro com direito à gratuidade."
ISS – Consulta de Pendências com o Fisco Municipal para Ingresso no Simples Nacional,
Multa de Trânsito - Cancelamento (1ª Instância),
Varrição de vias públicas,
Capina em vias públicas,
Informações sobre o Plano de Saúde do Servidor Municipal - PSSM,
Consulta e emissão de Auto de Infração - Coordenadoria de Controle Urbano,
Pesquisa de existência de alvará,"## O que é:

Este serviço permite consultar a base de dados da Prefeitura para verificar a existência de um alvará de funcionamento. Por meio deste serviço, é possível verificar se há um alvará ativo para os dados fornecidos e quais atividades estão licenciadas para aquele local ou profissional. A pesquisa pode ser feita utilizando o número do CPF, do CNPJ ou da Inscrição Municipal.


## Para que serve:

Verificar de forma rápida e oficial se um estabelecimento ou profissional possui um alvará de funcionamento válido. O serviço também detalha as atividades que estão licenciadas, garantindo transparência e conformidade com as regulamentações municipais.


## Quem pode solicitar:

Empresas e profissionais autônomos que desejam verificar a situação de um alvará de funcionamento. Qualquer cidadão interessado em consultar a existência de um alvará para um CPF, CNPJ ou Inscrição Municipal específica pode utilizar este serviço."
Certidão Negativa de Débito (Nada Consta),
Reparo de sinal de trânsito apagado,
Informações sobre o portal SISREG,"## O que é:

Serviço de informações sobre o Portal Transparência do SISREG Ambulatorial, ferramenta online que permite ao cidadão consultar, pela internet, o andamento das solicitações de consultas especializadas e exames registradas no Sistema de Regulação do município.


## Como funciona:

O Portal Transparência do SISREG Ambulatorial é atualizado semanalmente, com dados extraídos diretamente do sistema do DATASUS, vinculado ao Ministério da Saúde.


A plataforma disponibiliza:

- Todas as solicitações pendentes e devolvidas registradas no SISREG;
- Solicitações autorizadas (agendadas) a partir de janeiro de 2018, com data e local do procedimento;
- Solicitações já realizadas;
- Pedidos com pendências ainda em aberto;
- Classificação por prioridade (vermelha, amarela, verde ou azul), conforme a gravidade do caso;
- Tempo médio de espera para os pedidos ainda não atendidos.

O acesso é feito clicando **[aqui](http://smsrio.org/transparencia)**.


As solicitações de consultas e exames continuam sendo inseridas no SISREG pelas equipes das clínicas da família. Para acompanhar o andamento, o usuário deve acessar o portal e informar o número do Cartão Nacional de Saúde (CNS).


Por se tratarem de dados pessoais e sigilosos, o portal não divulga nomes nem informações cadastrais dos pacientes.


## Público-alvo:

Todo usuário do Sistema Único de Saúde possui número de CNS. Quem não souber o seu número deve procurar sua clínica da família para solicitar a impressão do cartão ou obter essa informação."
Minhas Empresas/Cadastrar Procurador de Empresa,"## O que é:

Este serviço permite que um procurador seja incluído no cadastro de uma empresa dentro do sistema Sei.rio. Com essa inclusão, o procurador poderá acessar e utilizar os serviços digitais disponíveis em nome da empresa que representa.


## Para que serve:

Possibilitar que pessoas autorizadas (procuradores) acessem e utilizem os serviços digitais oferecidos pelo SEI.rio em nome da empresa. O SEI verifica se o CPF do usuário externo logado é mesmo do responsável legal pelo CNPJ junto à Receita Federal para permitir ou não a efetivação da vinculação.


## Quem pode solicitar:

Empresários que já possuem suas empresas cadastradas no Portal da Prefeitura e desejam autorizar um procurador a representá-las no acesso aos serviços digitais."
Castração gratuita de cães e gatos - Programa Bicho Rio,"## **O que é:**

O **Programa** **Bicho Rio**, da Secretaria Municipal de Proteção e Defesa dos Animais (SMPDA), oferece atendimento veterinário gratuito. Este serviço realiza cirurgias de esterilização para cães e gatos de forma gratuita.


## **Para que serve:**

Garantir a esterilização gratuita de cães e gatos, contribuindo para o controle populacional e a saúde dos animais no município.


## **Quem pode solicitar:**

O serviço é destinado a residentes do município do Rio de Janeiro que possuam cães e gatos."
Autorização para exibição de publicidade,"## O que é:

Este serviço permite obter a **autorização oficial** para instalar publicidade em diversos locais na cidade do Rio de Janeiro. Isso inclui fachadas, empenas cegas de edifícios, terrenos e áreas públicas.

A autorização é necessária para diferentes tipos de anúncios, como outdoors, painéis, letreiros, tabuletas, placas e publicidade em veículos.


## Para que serve:

Garantir a **regularização e conformidade** da exibição de publicidade no município, assegurando que as instalações estejam de acordo com as normas urbanísticas e fiscais vigentes.

Este serviço permite que empresas e estabelecimentos divulguem suas marcas e produtos de forma legal e organizada no espaço público.


## Quem pode solicitar:

A autorização pode ser solicitada pelos **próprios estabelecimentos** que desejam exibir a publicidade. Também pode ser requerida por **pessoas jurídicas** que atuam na intermediação entre o anunciante e o proprietário do imóvel.

Para empresas, o sistema verifica se há atividade compatível no alvará de licença. O requerente, sendo pessoa física, deve ter vínculo com a pessoa jurídica (sócio ou procurador digital). Se o requerimento for em nome de pessoa física, uma procuração digitalizada será exigida.

Para empresas que intermedeiam a exibição de publicidade, o sistema identificará automaticamente se possuem atividade compatível no alvará de licença para estabelecimento e emitirá o Termo de Registro para impressão."
Remoção de veículo abandonado em via pública,
ITBI - Autenticação da certidão de pagamento,
Recadastramento anual de servidores inativos e pensionistas,"## O que é:

Este serviço consiste no recadastramento anual, também conhecido como prova de vida, para servidores inativos e pensionistas vinculados ao PREVI-RIO. O objetivo principal é manter o cadastro desses beneficiários atualizado.

O recadastramento pode ser feito digitalmente, através do aplicativo GOV.BR, ou presencialmente em qualquer agência do Banco Santander. Ele deve ser realizado no mês de aniversário do servidor aposentado ou pensionista.

É importante notar que, em caso de atraso, a regularização deve ser feita o mais rápido possível para evitar o bloqueio do pagamento. Se o beneficiário tiver duas matrículas, o recadastramento de uma delas será válido para ambas. Não é permitido o recadastramento por procurador, e é fundamental guardar o comprovante.

Pensionistas qualificadas como filhas solteiras também farão o recadastramento anual no mês de aniversário, a partir de 2025, de forma digital ou no Santander. Caso não tenham feito em 2024, precisarão comparecer à Central de Atendimento do Previ-Rio. Inativos curatelados, pensionistas curatelados ou menores não podem realizar o recadastramento de forma digital.


## Para que serve:

Manter o cadastro de servidores inativos e pensionistas do PREVI-RIO sempre atualizado. Isso garante a continuidade do pagamento das aposentadorias e pensões, evitando a suspensão dos proventos para aqueles que não realizarem o recadastramento dentro do prazo estabelecido.


## Quem pode solicitar:

O serviço é destinado a servidores inativos e pensionistas vinculados ao PREVI-RIO.

Em casos específicos, o recadastramento pode ser feito por um representante legal (curador, guardião ou tutor) ou representante natural, que deverá apresentar a documentação completa do segurado.

Existem procedimentos diferenciados para quem está com o recadastramento atrasado (com prazo até 15 de dezembro do ano corrente), reside no exterior, está impossibilitado de se locomover (com laudo médico emitido em até 30 dias), não consegue assinar ou mora em cidades sem agência do Banco Santander."
Vistoria veicular e atualização documental - Táxi,
Carteira Digital de Trânsito - CDT,
IPTU - Formulário de alteração de titularidade,"## **O que é:**

Este serviço consiste no preenchimento e na geração do Formulário de Alteração de Titularidade para ser entregue ao Registro de Imóveis. De acordo com a legislação municipal, todas as pessoas físicas e jurídicas que efetuarem transações imobiliárias que impliquem em alteração de titularidade deverão comunicá-las à Secretaria Municipal de Fazenda (SMF) através do preenchimento do Formulário de Comunicação de Alteração de Titularidade, disponível nesta página.

O formulário deve ser preenchido antes do título ser levado a registro no correspondente Cartório de Registro de Imóveis. No ato da apresentação do título ao cartório deverá ser informado o número do protocolo gerado na finalização do preenchimento.


**Aviso: **Informamos que as alterações de titularidade e destinatário processadas após 26/12/25 só constarão na notificação de lançamento (antigo carnê) do IPTU de 2027.

Todavia, as alterações realizadas após essa data poderão ser confirmadas por meio de certidões que podem ser emitidas pela internet:


Certidão de elementos cadastrais do IPTU disponível no link:

[https://www2.rio.rj.gov.br/smf/iptucertcadastral/](https://www2.rio.rj.gov.br/smf/iptucertcadastral/)


Certidão de situação fiscal e enfitêutica no link:

[https://www2.rio.rj.gov.br/smf/iptucertfiscal/](https://www2.rio.rj.gov.br/smf/iptucertfiscal/)


## **Para que serve:**

O objetivo principal é formalizar a comunicação de alteração de titularidade de imóveis à SMF, em cumprimento à legislação, assegurando a atualização do cadastro imobiliário para fins de IPTU. Ao preencher e gerar este formulário, o novo titular informa à prefeitura sobre a transação, garantindo a correta identificação do proprietário.


## **Quem pode solicitar:**

Este serviço pode ser solicitado por pessoas físicas e jurídicas que realizaram transações imobiliárias impliquem em alteração de sua titularidade no cadastro municipal."
Concessão de alvará para eventos,"## **O que é:**

Este serviço permite a obtenção de uma** autorização transitória para realizar eventos em áreas públicas ou particulares** no município do Rio de Janeiro. Abrange o licenciamento de festas, eventos esportivos, culturais, religiosos, shows, feiras de artesanato e similares.


Também inclui a instalação de estandes imobiliários e a realização de encontros ou aglomerações de qualquer natureza com objetivos econômicos ou corporativos. Quando há instalação de estruturas em espaços públicos, o prazo de autorização considera tanto o tempo de montagem quanto a antecedência exigida pela legislação.


## **Para que serve:**

Este serviço serve para garantir a legalidade e a conformidade de eventos diversos, assegurando que todas as atividades realizadas em espaços públicos ou particulares estejam devidamente autorizadas pela administração municipal.


## **Quem pode solicitar:**

Qualquer **pessoa física ou jurídica** que deseje organizar ou promover um evento em áreas públicas ou particulares no município do Rio de Janeiro. Isso inclui promotores de festas, shows, eventos esportivos, culturais, religiosos, feiras e encontros corporativos."
Verificação de ar condicionado inoperante no ônibus,
Informações sobre a Carteira da Pessoa Idosa,"## O que é:

A Carteira da Pessoa Idosa é um documento oficial que permite o acesso a benefícios no transporte interestadual. Ela é destinada a pessoas com 60 anos ou mais que possuem renda individual de até dois salários mínimos.

Este serviço envolve a emissão dessa carteira para idosos que estão inscritos no Cadastro Único para Programas Sociais do Governo Federal (CadÚnico).


## Para que serve:

Garantir o direito à **gratuidade** ou a **descontos** no valor das passagens de transporte interestadual. O documento facilita a comprovação da condição de idoso de baixa renda para usufruir desses benefícios.


## Quem pode solicitar:

Pessoas com 60 anos ou mais que atendam ao critério de renda, ou seja, que recebam até dois salários mínimos. É obrigatório estar inscrito no Cadastro Único para Programas Sociais do Governo Federal (CadÚnico).

Embora a carteira facilite o acesso, a pessoa idosa que já consegue comprovar sua renda (de até dois salários mínimos) e apresentar um documento de identidade válido não precisa da Carteira da Pessoa Idosa para ter direito aos benefícios de transporte. No entanto, o sistema gera a carteira para todos que se enquadram nos critérios de renda, mesmo que já possuam outras formas de comprovação."
Fiscalização de obras em imóvel privado,
Fiscalização de má condição do ônibus,
ISS - Emissão de DARM de ISS trimestral de contribuintes autônomos,
Multa de Trânsito - Acompanhamento de recurso,
Informações sobre o Bilhete Único Carioca,
Multa de Trânsito - Solicitação de cópia do Auto de Infração (AIT ou foto),
Castração de cães e gatos agendamento on-line,"## **O que é:**

Este é um serviço de agendamento online para a castração gratuita de cães e gatos. As cirurgias são realizadas nas unidades veterinárias : o Centro de Controle de Zoonoses (CCZ) e Hospital Municipal de Medicina Veterinária Jorge Vaitsman (CJV). A SMPDA realiza as castrações de segunda a sexta-feira, das 8h às 17h. Todos os animais castrados têm direito à chipagem gratuita e ao cadastro no Registro Geral de Animais (RGA). É importante destacar que as castrações serão feitas apenas em animais saudáveis.


## **Para que serve:**

O serviço visa oferecer a castração de cães e gatos, contribuindo para o controle populacional e a saúde dos animais. A castração é um procedimento importante para prevenir doenças e comportamentos indesejados, promovendo o bem-estar animal.


## **Quem pode solicitar:**

É necessário que o responsável pelo animal tenha cadastro no Minha Saúde Rio. Cada CPF pode agendar a castração de até três animais por mês. O animal deve estar saudável no momento da avaliação pré-cirúrgica."
Patrimônio – Aviso do foreiro,
Multa de Trânsito - 2ª Instância,
"ISS - Confissão de dívida, parcelamento e reparcelamento de débito não inscrito em Dívida Ativa",
ITBI – Processo de Revisão de valor e Reconsideração de decisão,
Segunda via de alvará,"**O que é:**

Este serviço permite a emissão da segunda via do **Alvará de Licença** e da **Taxa de Licença de Estabelecimento** (TLE).   
Ele é essencial para garantir que empresas e profissionais autônomos tenham sempre em mãos a documentação atualizada de suas licenças.  
O Alvará de Licença é o documento que autoriza o funcionamento de um estabelecimento ou a atuação de um profissional autônomo. Já a TLE é a taxa cobrada pela licença de funcionamento.


**Para que serve:**  
Garantir que empresas e autônomos possuam a documentação legal necessária para o exercício de suas atividades econômicas.   
A segunda via é útil em casos de perda, extravio, dano ou necessidade de atualização do documento original.


**Quem pode solicitar:**  
Empresas e profissionais autônomos que necessitam de uma nova via do Alvará de Licença ou da Taxa de Licença de Estabelecimento (TLE)."
Conselho de Contribuintes,
Fiscalização de buraco na calçada,"## **O que é:**

Este serviço realiza a fiscalização e o reparo de buracos e afundamentos em calçadas, incluindo as de túneis e viadutos. O objetivo é garantir a segurança e a acessibilidade dos pedestres em áreas públicas.

É importante notar que buracos causados por obras de concessionárias, em vias privatizadas ou em calçadas de Pedra Portuguesa, são tratados por outros serviços específicos.


## **Para que serve:**

Garantir a segurança e a fluidez do trânsito de pedestres e veículos em calçadas, túneis e viadutos, prevenindo acidentes e danos. O serviço visa manter a infraestrutura urbana em boas condições para o uso diário da população.

Em situações onde um buraco ou afundamento cause dano a um veículo e impeça sua movimentação, a CET-RIO pode ser contatada para reboque gratuito, funcionando 24 horas por dia, 7 dias por semana.


## **Quem pode solicitar:**

Qualquer cidadão pode solicitar este serviço."
Reposição de grelha ou tampão,"**O que é:**

Este serviço consiste na reposição de grelhas ou tampões que estejam quebrados, soltos ou ausentes em vias públicas e calçadas. O objetivo é restaurar a segurança e a funcionalidade desses elementos essenciais para a infraestrutura da cidade.

A grelha é uma tampa vazada, geralmente retangular, localizada junto ao meio-fio ou em trechos rebaixados de calçadas, projetada para o escoamento da água. Um tampão é uma tampa redonda ou quadrada encontrada na calçada ou no meio da rua, cobrindo galerias, redes de energia, gás, caixas de passagem ou de visitação.


## **Para que serve:**

Garantir a segurança de pedestres e veículos, prevenindo acidentes causados por buracos ou obstruções. O serviço também assegura o correto funcionamento das redes subterrâneas e o escoamento adequado da água da chuva, contribuindo para a manutenção da infraestrutura urbana.


## **Quem pode solicitar:**

Qualquer cidadão que identifique a necessidade de reposição de um tampão ou grelha em vias públicas do Rio de Janeiro."
"Vistoria em foco de Aedes aegypti (Dengue, Chikungunya e Zika)","## O que é:

Este serviço permite solicitar a vistoria e o controle de locais que possam ser focos do mosquito Aedes aegypti.


## Para que serve:

O serviço visa **prevenir e combater a proliferação do mosquito Aedes aegypti** no município. Ao solicitar a vistoria, contribui-se para a redução dos riscos de surtos e transmissão de Dengue, Chikungunya e Zika, protegendo a saúde pública.


## Quem pode solicitar:

Qualquer cidadão que identifique ou suspeite da existência de possíveis focos do mosquito Aedes aegypti em sua residência, vizinhança ou em áreas públicas.


## Informações complementares:

- Dengue, Chikungunya e Zika são transmitidas pela picada do mosquito fêmea Aedes aegypti infectado com o vírus da doença.
- O mosquito costuma picar durante o dia, principalmente no início da manhã e final da tarde. A melhor maneira de prevenir é impedir a reprodução do mosquito, que procura água parada para colocar seus ovos. Deve ser uma rotina diária os cuidados de combate ao mosquito. **Não deixe água acumulada e verifique em sua casa se algum objeto pode virar criadouro do mosquito, tomando os cuidados necessários**:
  - **Caixa d’água**: mantenha-a sempre bem tampada;
  - **Pratinho de vaso de planta ou de xaxim, dentro e fora de casa**: evite o uso do pratinho ou escorra a água e coloque areia até a borda do pratinho ocupando todo o espaço possível;
  - **Bromélia ou outra planta que pode acumular água**: as bromélias devem ser regadas com jateamento de água semanalmente. Esse método ""lava"" as larvas impedindo que o Aedes aegypti complete seu ciclo de vida nas bromélias que acumulam água. O uso de palha de madeira ou fibra de coco, usados como barreira física para que o Aedes aegypti não acesse a água acumulada também é eficaz;
  - **Lixeira dentro e fora de casa**: feche bem o saco plástico e mantenha a lixeira tampada;
  - **Tampa de garrafa, lata, casca de ovo, saco de plástico, embalagem de plástico e vidro, copo descartável e qualquer objeto que possa acumular água**: coloque tudo em um saco plástico, feche bem e encaminhe para a coleta de lixo;
  - **Vasilhame para água de animal doméstico**: lave com uma esponja ou bucha no mínimo uma vez por semana;
  - **Vaso sanitário**: deixe a tampa sempre fechada. Em banheiros pouco usados, dê descarga uma vez por semana;
  - **Ralo de cozinha, banheiro, sauna e ducha**: verifique se há entupimento. Se houver, providencie o desentupimento, se não houver, mantenha bem fechado;
  - **Bandeja externa de geladeira**: retire a água com frequência mínima semanal, lave esfregando com esponja ou bucha;
  - **Suporte de garrafão de água mineral**: lave bem o local onde a água fica acumulada sempre que for trocar o garrafão;
  - **Lago artificial, cascata artificial, espelho d’água decorativo**: mantenha sempre limpo. Mantenha a água tratada com cloro, encha o local de areia ou crie peixes do tipo Guppy, pois se alimentam de larvas;
  - **Tonel e depósito de águas**: lave com esponja ou bucha as paredes internas, pelo menos uma vez por semana. Tampe com tela o recipiente que não tiver tampa própria;
  - **Entulho e lixo**: evite o acumulo de entulho e lixo, pois podem formar criadouros de mosquitos;
  - **Piscina**: Mantenha a piscina limpa e com a água clorada;
  - **Calha de água de chuva**: verifique se está entupida. Remova folhas e outros materiais que possam impedir o escoamento de água;
  - **Laje**: retire a água acumulada;
  - **Caco de vidro no muro**: coloque areia naquele que puder acumular água;
  - **Pneu velho**: entregue ao serviço de limpeza urbana e se precisar mantê-lo, guarde em local coberto;
  - **Garrafa de vidro, PET, balde, vaso de planta**: guarde vazio ou com a boca para baixo."
Consulta de Situação Cadastral por Permissão,
Remoção de resíduos de poda,
Denúncia de corrupção e/ou improbidade administrativa,"## O que é:

A Central Anticorrupção da Prefeitura do Rio de Janeiro é um canal para qualquer cidadão colaborar com a melhoria da integridade e a proteção do interesse público municipal. Permite o registro de denúncias sobre fraude, corrupção, prática de crimes, violação de normas, leis ou qualquer ato ilícito contra a Administração Pública ou por agentes públicos.  
Este serviço reforça o comprometimento com a transparência e a participação social, garantindo um ambiente seguro contra retaliações para quem denuncia de boa-fé.

As informações prestadas serão encaminhadas à Secretaria Municipal de Integridade e Transparência (SMIT), para que sejam avaliadas as ações aplicáveis a partir da análise do conteúdo de sua denúncia.


## Pra que serve:

Permitir o registro e encaminhamento de denúncias sobre fraude, corrupção, crimes, violação de normas, leis ou outros atos ilícitos praticados contra a Administração Pública Municipal ou por seus agentes, visando a investigação e apuração.


## Quem pode solicitar:

Qualquer cidadão pode solicitar o serviço, seja **de forma identificada ou anônima**. **A ferramenta é sigilosa e imparcial**, disponível a todos para colaborar com a integridade da Prefeitura.


## O que pode ser denunciado neste canal:

O cidadão deve realizar o registro de denúncias de crimes contra a Administração Pública ou realizados por agentes públicos no exercício de sua função, classificados como: 

- **Abuso de autoridade: **Quando o agente público se prevalece do seu cargo para fazer valer as suas vontades particulares, ultrapassando os limites de atuação das suas funções;
-  **Assédio moral: **Quando o agente público se comporta de forma abusiva, frequente e intencional, ferindo a integridade física ou psíquica de uma pessoa.
-  **Assédio sexual:** Quando o agente público se comporta de modo a constranger  a outra pessoa com gestos, palavras ou outros meios, de natureza sexual.
- **Conflito de interesses:** Quando o agente público influencia, de forma indevida, o desempenho da sua função pública motivado por seus interesses pessoais, comprometendo o interesse público.
- **Desvio de Função:** Quando o agente público é designado para exercer atividades diferentes daquelas previstas para o cargo que ocupa, sem a devida reclassificação ou alteração formal do cargo;
- **Desvio de finalidade:** Quando o agente público utiliza sua competência administrativa para um propósito diferente daquele previsto em lei. Esse desvio pode ter a intenção de beneficiar ou prejudicar alguém, comprometendo a legalidade e a impessoalidade dos atos administrativos.
- **Discriminação de qualquer natureza:** Quando o agente público trata as pessoas de maneira desigual, fazendo distinção com base em preconceitos, etnias, raça, gênero, orientação sexual, condição social, religião e também em razão de deficiências.
- **Favorecimento: **Quando o agente público usa do seu cargo para obter benefícios para si ou para outros, em prejuízo dos cidadãos.
- **Fraude: **Quando o agente público, usando de má-fé e meios fraudulentos, pratica atos ilegais com o objetivo de enganar e prejudicar terceiros com a finalidade de obter vantagem sobre as outras pessoas, de forma injusta.
- **Irregularidades em contratos ou licitações:** Quando o agente público pratica qualquer conduta ou omissão com o objetivo de fraudar os trâmites legais dos processos de licitações e cláusulas contratuais.
- **Nepotismo: **Quando o agente público usa de sua posição para nomear, contratar ou favorecer um ou mais parentes ao invés de contratar pessoas mais qualificadas para os cargos/funções.
- **Suborno ou corrupção: **Quando o agente público causa danos à Administração Pública ofertando ou recebendo vantagem indevida, em razão da sua função,  prejudicando a correta utilização dos recursos públicos e a adequada prestação dos serviços.
- **Outros ilícitos contra a Administração Pública Municipal**: Todos os atos ilícitos, contrários a legislação municipal e regras de conduta do agente público, diversos dos citados anteriormente, que prejudiquem a Administração Pública Municipal."
Pedido de Acesso à Informação (LAI),
IPTU - Consulta ao valor do m² por nome de rua (logradouro),"## **O que é:**

Este serviço permite que você consulte o **Valor Unitário Padrão (VUP)** da rua onde o imóvel está. O VUP é a informação principal usada pela Prefeitura do Rio de Janeiro para calcular o IPTU. A consulta detalha o valor do metro quadrado ou do metro da frente do terreno. Além disso, a ferramenta fornece o nome e o código da rua (logradouro), o bairro e o trecho que inclui a numeração inicial e final.


## **Entendendo o valor (VUP - Valor Unitário Padrão)**

O cálculo do IPTU mudou em 2018. Por isso, você precisa olhar o valor certo dependendo do ano que está consultando:


**A. **Para fatos geradores e IPTU lançados **até 2017** (inclusive), os valores seguem a Lei 2.539/1997:

- **Vr:** Valor para imóveis **residenciais**.
- **Vc:** Valor para imóveis **não residenciais**.
- **Vo:** Valor para terrenos ou áreas excedentes.


**B.** Para fatos geradores e IPTU lançados **a partir de 2018** (inclusive), os valores seguem a Lei 6.250/2017 e usam categorias mais específicas:

- **Vap: **Apartamentos, Apart-hotéis e Imóveis Especiais (se forem residenciais).
- **Vca: **Casas.
- **Vlj: **Lojas e outros tipos de imóveis não listados acima.
- **Vsc: **Salas comerciais.
- **Vo: **Terrenos ou áreas excedentes.


## **Para que serve:**

Fornecer os **parâmetros de valorização imobiliária**, que é essencial para o cálculo correto do Imposto Predial e Territorial Urbano (IPTU). Ao usar esta consulta, o cidadão pode verificar os valores de referência que compõem a base de cálculo do imposto e, assim, compreender a composição do seu tributo.


## **Quem pode solicitar:**

Qualquer cidadão, proprietário de imóvel ou profissional que necessite consultar os valores unitários padrão de logradouros do Município do Rio de Janeiro para fins de cálculo ou verificação do IPTU. Para realizar a consulta, é necessário informar um nome de rua válido."
Legalização de obras com contrapartida (Mais Valia),
Informações sobre atividades esportivas gratuitas,"## O que é:

Informações detalhadas sobre os locais e a variedade de atividades esportivas gratuitas disponíveis na cidade. As atividades são realizadas em Vilas Olímpicas, Projetos, Parques de Lazer e Centros Esportivos, incluindo opções para pessoas com deficiência.

As Vilas Olímpicas são equipamentos esportivos sócio-educacionais, que promovem lazer, descoberta de talentos e qualidade de vida. Os Centros Esportivos são unidades maiores, voltadas para o rendimento e a identificação de talentos, com quadras de medidas oficiais. Já os Parques de Lazer são espaços para atividades aquáticas e de areia, com maior frequência nos finais de semana. O Projeto Rio em Forma atende moradores em suas comunidades, focando em qualidade de vida através do esporte e lazer.


## Para que serve:

O serviço serve para divulgar e facilitar o acesso a programas e espaços que promovem a prática esportiva e o lazer. Ele visa fomentar a qualidade de vida, agregar conhecimentos e valores através do esporte, e identificar novos talentos em diversas modalidades, ampliando o universo cultural dos participantes.


## Quem pode solicitar:

Qualquer cidadão interessado em praticar atividades esportivas e de lazer gratuitas pode solicitar as informações e participar. O serviço é destinado a moradores das comunidades atendidas pelos projetos e equipamentos, incluindo pessoas com deficiência."
IPTU – Revisão de lançamento,"## O que é:

Este serviço permite que o contribuinte solicite a revisão do lançamento do Imposto sobre a Propriedade Predial e Territorial Urbana (IPTU) e/ou da Taxa de Coleta Domiciliar de Lixo (TCL). A revisão busca corrigir valores cobrados, informações cadastrais incorretas ou alterações no imóvel que não foram atualizadas na prefeitura.


## Para que serve:

O serviço serve para formalizar a contestação de valores ou a própria cobrança do IPTU e/ou TCL, buscando a revisão ou correção do lançamento. Permite ao contribuinte apresentar argumentos e provas para que a cobrança seja reavaliada pela prefeitura, conforme um dos seguintes casos:

1. **Quando o contribuinte não concorda com a cobrança e esta pode ser objeto de impugnação: **Por exemplo: cobrança de anos anteriores, erro na identificação do sujeito passivo, multa e mora indevidas, erro na notificação do lançamento, redução de base de cálculo, suspensão de exigibilidade de crédito, remissão, redução da base de cálculo, etc.
2. **Quando o contribuinte não concorda com o valor venal: **O valor venal de cada imóvel do Município do Rio de Janeiro é calculado por meio de um processo de avaliação de massa, que toma por base os parâmetros técnico-legais, e valores unitários padrão de: Apartamento (Vap); de Casa (Vca); de Sala Comercial (Vsc); de Loja (Vlj) e; Territorial (V0) aprovados por lei. Caso o valor venal obtido para um dado imóvel seja superior ao seu valor de mercado, o contribuinte, ou seu representante legal, deverá, no prazo de 60 dias da notificação do lançamento, apresentar a impugnação do valor venal, por meio de abertura de processo administrativo específico, instruído com os documentos requeridos, entre os quais cabe destacar o laudo de avaliação do imóvel.


## Quem pode solicitar:

Qualquer contribuinte do IPTU e/ou TCL ou um representante legal do contribuinte, mediante apresentação de procuração."
Informações sobre o Auxílio Educação,"## **O que é:**

O Auxílio Educação da Previ-Rio é um benefício concedido em duas modalidades: **Previ-Educação** e **Previ-Creche**. O objetivo é apoiar financeiramente segurados e pensionistas no custeio de despesas educacionais de seus dependentes.

- O **Previ-Educação** auxilia no pagamento de matrícula, uniforme e material escolar para filhos menores de 18 anos matriculados em instituições de ensino oficialmente reconhecidas. Para filhos com deficiência física ou mental, o benefício é concedido sem limite de idade, desde que haja averbação junto ao sistema ERGON/PCRJ. O Previ-Educação cobre despesas como matrícula, uniforme e material escolar.
- O **Previ-Creche** destina-se a filhos de segurados com idade entre 1 e 6 anos e 11 meses, para ajudar no custeio de mensalidades de creches particulares oficialmente reconhecidas. Menores sob guarda ou tutela do segurado também podem ser incluídos.


## Para que serve:

O serviço serve para **auxiliar financeiramente** segurados e pensionistas do Previ-Rio com os custos relacionados à educação de seus dependentes. O Previ-Creche oferece suporte para as mensalidades de creches particulares.

Ambos os auxílios visam garantir o acesso à educação e o desenvolvimento pedagógico dos beneficiários.


## **Quem pode solicitar:**

Podem solicitar o auxílio **segurados ativos, inativos e pensionistas** do Previ-Rio. Para ser elegível, o somatório dos vencimentos do requerente em dezembro do ano anterior à inscrição não pode ter ultrapassado quatro salários mínimos nacionais.

- Para o **Previ-Educação**, o benefício é para filhos menores de 18 anos matriculados em ensino reconhecido. Filhos com deficiência física ou mental podem receber o auxílio sem limite de idade, desde que haja averbação no sistema ERGON/PCRJ.
- Para o **Previ-Creche**, o benefício é para filhos de 1 a 6 anos e 11 meses, devidamente cadastrados no sistema ERGON/PCRJ. Menores sob guarda ou tutela também são elegíveis. É importante notar que a inscrição ao Previ-Creche é vedada para menores até 3 anos e 11 meses que já recebem apoio financeiro de creches conveniadas à Secretaria Municipal de Educação."
IPTU – Declaração de existência/não existência de imóveis,"## O que é:

Este serviço permite solicitação de uma declaração oficial que informe se um determinado CPF (Pessoa Física) ou CNPJ (Pessoa Jurídica) possui ou não imóveis registrados no Cadastro Imobiliário da Secretaria Municipal de Fazenda.


## Para que serve:

Este documento serve para comprovar a situação imobiliária em processos administrativos e licitações. Ao obter uma declaração oficial da Secretaria Municipal de Fazenda, é possível comprovar a existência ou inexistência de imóveis registrados em nome de uma pessoa através de um CPF ou CNPJ.


## Quem pode solicitar:

Pessoas físicas (CPF) ou pessoas jurídicas (CNPJ) que necessitem de uma declaração sobre a existência ou inexistência de imóveis registrados em seu nome no Cadastro Imobiliário municipal. A solicitação também pode ser feita por um procurador legalmente constituído."
Consulta e encaminhamento para vagas de emprego,"## O que é:

Este serviço realiza cadastro e encaminhamento de candidatos que buscam uma vaga no mercado de trabalho para entrevistas em empresas parceiras. As vagas são cadastradas no Sistema Nacional de Emprego.


O cadastramento de currículo e consulta por vagas de emprego podem ser feitos de maneira on-line ou presencialmente em um dos postos da Central do Trabalhador.


## Para que serve:

Conectar cidadãos em busca de emprego com oportunidades de trabalho no mercado, facilitando o acesso a entrevistas em empresas parceiras que possuem vagas abertas.


## Quem pode solicitar:

Qualquer cidadão que esteja buscando uma vaga no mercado de trabalho pode realizar o cadastro do seu currículo ou buscar pelas vagas de emprego disponíveis."
Fiscalização de obstáculo fixo na calçada,"## **O que é:**

Este serviço consiste na fiscalização e remoção de obstáculos fixos nas calçadas, que dificultam a circulação de pessoas. Isso inclui a verificação e retirada de elementos como jardineiras, tubos, correntes, vasos de plantas, frades, gelo baiano, concreto ou pisos escorregadios.


O processo envolve a emissão de intimação ou notificação para que o proprietário ou responsável remova o obstáculo ou apresente a licença necessária. Em caso de descumprimento, um auto de infração é lavrado.


## **Para que serve:**

Assegurar a livre circulação e a segurança dos pedestres nas calçadas, garantindo que os espaços públicos estejam desobstruídos. O serviço visa fazer cumprir as regulamentações urbanísticas para manter a ordem e a acessibilidade.


## **Quem pode solicitar:**

Qualquer cidadão pode solicitar este serviço ao identificar obstáculos fixos em calçadas que estejam dificultando a passagem ou apresentando risco que possam causar acidentes."
Fiscalização de atividades econômicas sem alvará,"## **O que é:**

Este serviço consiste na fiscalização de estabelecimentos que desenvolvem atividades econômicas de forma irregular no município do Rio de Janeiro. Isso inclui aqueles que funcionam sem o **Alvará de Licença de Estabelecimento** ou em desacordo com as condições do licenciamento já existente.


**Para que serve:**

O serviço tem como objetivo principal garantir a **regularidade** das atividades econômicas na cidade, identificando e combatendo o funcionamento de estabelecimentos que não possuem a licença necessária ou que estão operando em desacordo com as normas estabelecidas, promovendo um ambiente de negócios justo e regulamentado.

A fiscalização pode ocorrer em áreas particulares ou públicas, independentemente do período de funcionamento. Um estabelecimento flagrado em situação irregular está sujeito a um processo que envolve orientação, notificação, autuação com multa, interdição e, em casos extremos, a cassação do alvará.   
Ações de interdição física, que impedem o acesso e fecham compulsoriamente as portas, podem ser realizadas com o apoio policial.


**Quem pode solicitar:**

Qualquer cidadão que identifique um estabelecimento ou atividade econômica funcionando de forma irregular em imóvel particular pode solicitar este serviço."
IPTU – Autenticidade da Certidão de Situação Fiscal e Enfitêutica do Imóvel,"## O que é:

Este serviço permite a confirmação da autenticidade de uma certidão do Imposto Predial e Territorial Urbano (IPTU) e Enfitêutica. Ele verifica se o documento é válido e foi emitido oficialmente.

Ao consultar, são apresentados dados detalhados da emissão da certidão, como a data e hora em que foi gerada, o número de folhas, o valor de débitos existentes e demais informações existentes no quadro de informações complementares, assim como também a situação enfitêutica do imóvel.


## Para que serve:

O serviço serve para validar a originalidade e a integridade de certidões de IPTU e Enfitêutica. Ele garante que as informações contidas no documento são oficiais e correspondem aos registros da Secretaria Municipal de Fazenda.

Isso é essencial para transações imobiliárias, processos legais ou qualquer situação que exija a comprovação da veracidade de uma certidão fiscal do imóvel.


## Quem pode solicitar:

Qualquer cidadão ou entidade que possua o número de uma certidão de IPTU e Enfitêutica e precise confirmar sua autenticidade. É necessário ter o número da certidão em mãos para realizar a consulta."
Limpeza de ralos,
Limpeza de praças e parques,
Fiscalização da atuação do guardador de estacionamento Rio Rotativo,
Solicitação de emissão de BRAT em acidente de trânsito sem vítima,
"Informações sobre o acolhimento institucional de adultos, famílias, idosos em vulnerabilidade","## O que é:

Este é um serviço Tipificado Federal da Proteção Social Especial de Alta Complexidade. Ele oferece acolhimento provisório para famílias e indivíduos que se encontram em situação de abandono, ameaça ou violação de direitos, necessitando de suporte fora de seu núcleo familiar de origem devido à vulnerabilidade social.

O serviço inclui diferentes tipos de unidades. As **Centrais de Recepção de Acolhimento** são unidades de passagem e regulação de vagas, oferecendo acolhimento imediato e emergencial 24 horas por dia, além de realizar os encaminhamentos necessários. Os **Albergues Mais Tempo - CASA SUAS - Acolhimento Institucional** oferecem acolhimento social em regime de pernoite para adultos e idosos, destinado a pessoas em fase de consolidação de autonomia pessoal e financeira que precisam de mais tempo para reinserção social sustentável. As **Unidades de Reinserção Social** proporcionam acolhimento social 24 horas para crianças, adultos, idosos e famílias em situação de vulnerabilidade com vínculos familiares rompidos, especialmente quando todas as possibilidades de autossustento estão esgotadas.


## Para que serve:

O serviço serve para proporcionar **acolhimento provisório e proteção** a famílias e indivíduos em situações de abandono, ameaça ou violação de direitos. Ele garante um espaço seguro e suporte para aqueles que se encontram em vulnerabilidade social, oferecendo um ambiente para a reinserção social e a consolidação da autonomia pessoal e financeira.


## Quem pode solicitar:

Podem solicitar o serviço **famílias e indivíduos** que estejam em situação de abandono, ameaça ou violação de direitos e que necessitem de acolhimento provisório fora de seu núcleo familiar de origem devido à vulnerabilidade social. Isso inclui populações adulta e idosa, bem como crianças e famílias com vínculos familiares rompidos e sem meios de autossustento."
Fiscalização sanitária em serviços de alimentos e ensino,
Emissão de Relatório de Informação Urbanística (RIU),
Autorização para colocação de mesas e cadeiras em área pública,"**O que é:**  
Este serviço destina-se à solicitação de Alvará de Autorização para a instalação e manutenção de mesas e cadeiras em logradouros públicos.

O processo envolve a análise da documentação para assegurar que não haja obstrução à circulação de pedestres ou ao acesso de propriedades vizinhas. A conformidade com as normas urbanísticas e de postura municipal é um requisito fundamental para a emissão do alvará.

**Para que serve:**  
Regularizar a ocupação de espaços públicos por estabelecimentos comerciais, permitindo a instalação de mesas e cadeiras em calçadas de acordo com os parâmetros legais e urbanísticos definidos pela prefeitura do Rio de Janeiro.

**Quem pode solicitar:**  
Proprietários ou representantes legais de estabelecimentos comerciais, como bares, restaurantes, lanchonetes e similares, que desejam ocupar áreas públicas adjacentes para a colocação de mesas e cadeiras, mediante a devida autorização."
Avaliação de risco de queda da árvore,"## **O que é:**

Este serviço consiste na avaliação** **por** **Engenheiro Florestal ou Agrônomo de uma árvore que está em área pública e que demonstra sinais de que pode cair, com posterior remoção da árvore, se o risco for comprovado.


## **Para que serve:**

Garantir a segurança pública, removendo árvores em vias públicas que estejam com risco iminente de queda.


## **Quem pode solicitar:**

Qualquer cidadão pode solicitar este serviço ao identificar que uma árvore que apresente sinais de que esta prestes a cair localizada em via pública de livre acesso."
Inclusão ou exclusão de motorista auxiliar de táxi,
"Verificação de negligência com idoso, abandono ou autonegligência","## O que é:

Este serviço oferece atendimento à pessoa idosa por meio das equipes de Assistentes Sociais da Secretaria Municipal de Envelhecimento Saudável e Qualidade de Vida (SEMESQV). Ele deve ser acionado quando um cidadão tem conhecimento de uma situação de negligência, abandono ou autonegligência envolvendo um idoso.


## Para que serve:

Garantir a proteção e o bem-estar da pessoa idosa, assegurando que situações de negligência, abandono ou autonegligência sejam verificadas. As equipes realizam avaliação técnica e encaminham os casos aos órgãos competentes para a devida proteção dos direitos do idoso.


## Quem pode solicitar:

Qualquer cidadão que tenha conhecimento ou presencie uma situação de negligência, abandono ou autonegligência envolvendo uma pessoa idosa."
Atendimento ao consumidor - Procon Carioca,
Informações sobre tarifas de táxi,
Atendimento em Hospitais de Emergência e Pronto Atendimento,
IPTU - Alteração de dados do destinatário,"## O que é:

Este serviço permite a alteração dos dados do destinatário do Imposto Predial e Territorial Urbano (IPTU). Ele garante que a notificação de lançamento anual do IPTU e outras comunicações administrativas sobre o imóvel sejam enviadas para o endereço correto.

O pedido de alteração pode ser solicitado durante todo o ano, com exceção do período em que o serviço é interrompido para a emissão anual do IPTU.


**Aviso: **Informamos que as alterações de titularidade e destinatário processadas após 26/12/25 só constarão na notificação de lançamento (antigo carnê) do IPTU de 2027.

Todavia, as alterações realizadas após essa data poderão ser confirmadas por meio de certidões que podem ser emitidas pela internet:


- Certidão de elementos cadastrais do IPTU disponível no link:

[https://www2.rio.rj.gov.br/smf/iptucertcadastral/](https://www2.rio.rj.gov.br/smf/iptucertcadastral/)

- Certidão de situação fiscal e enfitêutica no link:

[https://www2.rio.rj.gov.br/smf/iptucertfiscal/](https://www2.rio.rj.gov.br/smf/iptucertfiscal/)


## Para que serve:

Assegurar que as notificações de lançamento anual do IPTU e demais comunicações administrativas relacionadas ao imóvel sejam entregues ao destinatário correto, evitando extravios e garantindo a regularidade fiscal.


## Quem pode solicitar:

Proprietários de imóveis no município do Rio de Janeiro ou seus representantes legais. Isso inclui procuradores, administradoras de imóveis e inquilinos, desde que devidamente autorizados por procuração do proprietário."
Vistoria em imóvel com rachadura e infiltração,
Cópia digital de Planta de Arquitetura,
ITBI - Correção de dados da guia paga (folha suplementar),
Solicitação de transporte da gestante para a maternidade,"## O que é:

Este serviço oferece o transporte por ambulância para gestantes que moram no município do Rio de Janeiro para realização do parto e atendimento obstétrico.


## Para que serve:

Serve para garantir o transporte seguro e adequado de gestantes para as maternidades do programa Cegonha Carioca. Ele assegura que a gestante receba o atendimento obstétrico necessário no local de referência para o parto.


## Quem pode solicitar:

O serviço pode ser solicitado por qualquer cidadão para uma gestante que atenda aos critérios. A gestante deve ser moradora do município do Rio de Janeiro e estar dentro do município no momento da solicitação do transporte.


## Informações complementares:

- O chamado pode ser aberto mesmo que o bebê já tenha nascido;
- A gestante precisa ser moradora do Rio de Janeiro e estar dentro dos limites do município no momento em que o transporte é solicitado;
- O transporte será feito, de forma prioritária, para a maternidade de referência do programa Cegonha Carioca, considerando a unidade onde a gestante faz o pré-natal ou o seu local de moradia. Após a avaliação de uma enfermeira e contato com a central de regulação, a gestante pode ser levada para a maternidade mais adequada ao seu quadro atual;
- É importante saber que o transporte Cegonha Carioca leva a gestante para a maternidade de referência, mas não a retorna para casa caso a internação não seja necessária;
- A gestante tem direito a um acompanhante de livre escolha durante a transferência na ambulância cegonha carioca, porém não será feito o transporte de acompanhantes menores de 16 anos (exceto se for o pai do bebê);
- A previsão de chegada da ambulância é de até 60 minutos. Caso a ambulância não chegue no prazo previsto, alerte a Central 1746 informando o número do protocolo."
Autorização de poda ou remoção de árvore em área particular,
Certidão de Habite-se/Aceitação,
Declaração de rendimentos de servidor ativo,
Informações sobre o Benefício de Prestação Continuada,"## O que é:

O Benefício de Prestação Continuada (BPC/LOAS) é um benefício assistencial que garante o valor de um salário mínimo mensal. Ele é destinado a idosos e pessoas com deficiência que se enquadram nos critérios de renda estabelecidos.

A Secretaria Municipal de Assistência Social (SMAS) atua exclusivamente na inscrição e atualização do Cadastro Único, que é essencial para a manutenção do BPC. A solicitação e a concessão final do benefício são realizadas pelo Instituto Nacional do Seguro Social (INSS).


## Para que serve:

Garantir um benefício assistencial no valor de um salário mínimo para idosos e pessoas com deficiência em situação de vulnerabilidade. O Cadastro Único, necessário para o BPC, também possibilita o acesso a diversos outros programas sociais.


## Quem pode solicitar:

Pessoas idosas a partir de 65 anos e pessoas com deficiência. É necessário que a renda familiar mensal por pessoa seja de até ¼ do salário mínimo.

O responsável pela família deve agendar o atendimento para a inscrição ou atualização no Cadastro Único. O não comparecimento para cadastramento ou atualização pode resultar na suspensão do benefício."
Isenção de Imposto de Renda,"## O que é:


O serviço oferece informações sobre a isenção do Imposto de Renda para servidores aposentados e pensionistas que são portadores de doenças graves. Esta isenção se aplica aos rendimentos de aposentadoria, pensão ou reforma, desde que o beneficiário se enquadre em uma das condições de saúde específicas. As doenças que qualificam para a isenção incluem AIDS (Síndrome da Imunodeficiência Adquirida), Alienação Mental, Cardiopatia Grave, Cegueira, Contaminação por radiação, Doença de Paget em estados avançados (Osteíte Deformante), Doença de Parkinson, Esclerose Múltipla, Espondiloartrose Anquilosante, Fibrose Cística (Mucoviscidose), Hanseníase, Nefropatia, Hepatopatia Grave, Neoplasia Maligna, Paralisia Irreversível e Incapacitante, e Tuberculose Ativa. Também são isentos os proventos de aposentadoria ou reforma motivada por acidente em serviço e os percebidos por portadores de moléstia profissional.


## Para que serve:


O serviço serve para informar e permitir que servidores aposentados e pensionistas, portadores de doenças graves, obtenham a isenção do Imposto sobre a Renda da Pessoa Física (IRPF). Além disso, possibilita que o requerente solicite o ressarcimento de valores junto à Receita Federal, desde que a data do diagnóstico da doença seja registrada no laudo pericial.


## Quem pode solicitar:


Servidores aposentados e pensionistas do município do Rio de Janeiro que sejam portadores de uma das doenças graves listadas. É necessário que os rendimentos sejam relativos à aposentadoria, pensão ou reforma. Para inativos com duas matrículas e/ou que também sejam pensionistas, é preciso citar todas as matrículas e incluir os respectivos documentos no requerimento. Após a solicitação online, o processo será encaminhado para a Coordenadoria de Perícias Médicas, que agendará uma perícia. O requerente deverá apresentar à perícia médica toda a documentação original pertinente para análise do pedido."
Informações sobre pedido de aposentadoria,"## O que é:

Este serviço trata da concessão do benefício de aposentadoria para servidores públicos. Ele permite que o servidor, ao cumprir os requisitos estabelecidos, possa se afastar de suas atividades e receber o benefício previdenciário.


## Para que serve:

Garantir o direito do servidor público à aposentadoria, assegurando a **segurança financeira** após anos de contribuição e serviço. O benefício é concedido conforme as regras de tempo de contribuição e idade.


## Quem pode solicitar:

Servidores públicos que atendam aos critérios de aposentadoria. Atualmente, exige-se 35 anos de contribuição e 60 anos de idade para homens, e 30 anos de contribuição e 55 anos de idade para mulheres.

Para professores, há uma redução de cinco anos no tempo de contribuição e na idade, desde que comprovem a regência. Professores fora de regência seguem os critérios dos demais servidores.

Qualquer servidor pode solicitar a aposentadoria por idade, desde que tenha 65 anos (homem) ou 60 anos (mulher), com mínimo de 5 anos de efetivo exercício no cargo e 10 anos de efetivo exercício no serviço público. A aposentadoria também pode ocorrer por invalidez permanente ou compulsoriamente aos 75 anos de idade."
Previ-Rio – atendimento ao público,"## O que é

Este serviço oferece atendimento ao público do Previ-Rio, disponível tanto de forma presencial quanto online. O atendimento presencial é realizado na Central de Atendimento do Previ-Rio.

O Previ-Rio também disponibiliza o **Painel digital** uma plataforma online que oferece soluções para quase todos os atendimentos relacionados à Prev-Rio que antes eram feitos presencialmente.


## Para que serve

Facilitar o acesso a informações e serviços do Previ-Rio para servidores e pensionistas. O objetivo é proporcionar canais de atendimento eficientes, tanto presenciais quanto digitais, para que os usuários possam resolver suas demandas.

O **Painel digital **serve para centralizar e disponibilizar online informações e formulários, cobrindo a maioria dos atendimentos que antes exigiam a presença física do solicitante.


## Quem pode solicitar

Este serviço é destinado a **servidores e pensionistas** do município do Rio de Janeiro."
Reparo de cabo de iluminação pública,
Cadastramento de vagas de emprego,"## **O que é:**

Este serviço permite que empresas realizem o cadastramento de suas organizações no sistema do portal Mais Emprego, gerenciado pelo Ministério do Trabalho e Emprego.


Após o cadastramento inicial da empresa, a organização deve entrar em contato para fornecer os detalhes necessários sobre as oportunidades. Neste processo, são confirmados dados como o CNPJ da empresa, o perfil profissional desejado e os requisitos dos cargos.


## **Para que serve:**

O objetivo é facilitar a publicação de vagas de emprego e permitir que empresas do Município do Rio de Janeiro disponibilizem suas vagas no portal Mais Emprego. Isso agiliza a conexão entre empregadores e trabalhadores, facilitando o encaminhamento de candidatos qualificados para os processos seletivos.


## **Quem pode solicitar:**

Empresas que desejam ofertar vagas de emprego no Município do Rio de Janeiro."
"Fiscalização da ocupação irregular de área pública por estabelecimentos comerciais, industriais ou serviços","## **O que é:**

Serviço de fiscalização de estabelecimentos comerciais, como lojas, bares, restaurantes e oficinas, que utilizam indevidamente áreas externas e públicas. Inclui a ocupação de calçadas com itens como caixas, araras, mesas e cadeiras, ou a execução de serviços nesses locais.  
A ação fiscal consiste em notificar e autuar os infratores caso seja constatada a ocupação irregular.


## **Para que serve:**

O serviço serve para combater e regularizar a ocupação indevida de áreas públicas por estabelecimentos com o objetivo de garantir o uso adequado do espaço público e evitar práticas que dificultem a circulação de pedestres e o bem-estar da população.


## **Quem pode solicitar:**

Qualquer cidadão que identifique ou presencie o uso irregular de área pública por estabelecimentos comerciais, industriais ou de serviços."
Informações sobre reboque ou remoção de veículos enguiçados ou acidentados,
Emissão de guia para pagamento à vista em Dívida Ativa,"## **O que é:**

Este serviço permite que o cidadão efetue pagamento total do saldo devedor dos débitos inscritos em Dívida Ativa.


## **Para que serve:**

Permite que cidadãos e empresas quitem suas dívidas fiscais com o município, regularizando sua situação perante a Dívida Ativa.


## **Quem pode solicitar:**

Cidadãos e empresas que possuem débitos fiscais inscritos na Dívida Ativa do Município do Rio de Janeiro e desejam efetuar o pagamento total."
"Limpeza de papeleira, contêiner e caçamba da COMLURB",
Solicitação de autorização de filmagem - Rio Film Commission,"## **O que é:**

A autorização para filmagens é um conjunto de documentos emitidos pelos órgãos municipais que permite a produção de conteúdos audiovisuais em áreas públicas do Rio de Janeiro. Isso inclui ruas, calçadas, praças, largos, parques, calçadões, orlas e praias, abrangendo qualquer tipo de obra de audiovisual como:

- longa-metragem,
- curta-metragem,
- reality show,
- programa de TV,
- filme publicitário,
- videoclipes
- web vídeo.
- filmagens internas que necessitem de reserva de vagas também estão incluídas.

Considera-se produção de conteúdo audiovisual em área pública toda intervenção relevante para fixar ou transmitir imagens em movimento, com ou sem som, independentemente dos meios de captação ou veiculação. Filmagens e gravações atendem a esta definição


## Para que serve:

Garantir a **legalidade** e **regularização** da produção de conteúdos audiovisuais em espaços públicos do Rio de Janeiro. O serviço assegura que as filmagens e gravações sejam realizadas em conformidade com as normas municipais, evitando interrupções e garantindo a segurança e o ordenamento urbano. Além disso, serve para **facilitar** a realização da produção do conteúdo audiovisual.


## **Quem pode solicitar:**

Qualquer pessoa jurídica ou física (estudantes) que deseje produzir conteúdo audiovisual em áreas públicas do Município do Rio de Janeiro.

Para isso, é necessário apresentar o requerimento de autorização com antecedência mínima de **7 dias úteis** antes da data de início da filmagem ou gravação.

- **Para produções de maior porte**, que envolvam instalação ou montagem de estrutura anterior à filmagem, bloqueio de via superior a um dia, ou mobilização de mais de 80 indivíduos, o requerimento deve ser apresentado com antecedência mínima de **15 dias úteis** a contar do início da instalação das estruturas.
- **Para gravações fora de praças, parques, largos ou unidades de conservação, com até 20 pessoas na participação da filmagem, sem estrutura e com baixo impacto** – é possível que seu requerimento seja autorizado por meio de um comunicado expresso, emitido pela Rio Film Commission, em** 1 dia útil.**
- A autorização final depende do parecer positivo (nada a opor) de órgãos como CET-RIO, Secretaria Municipal do Meio Ambiente da Cidade (SMAC), Fundação Parques e Jardins (FPJ) e Subprefeitura competente, além da RioFilme."
"Certidão Municipal de Inexigibilidade de Licenciamento Ambiental para atividades industriais, de comércio e serviços (CMI)",
Atendimento em Unidades de Pronto Atendimento (UPA 24 Horas),
Notificação ao proprietário para limpeza de resíduos em terreno baldio,
Reparo de buraco em calçada de Pedra Portuguesa,"## **O que é:**

Este serviço realiza a **fiscalização e o reparo de buracos em calçadas de Pedra Portuguesa**, com o objetivo de garantir a segurança dos pedestres e a conservação do espaço público.

A atuação do órgão responsável envolve a notificação do proprietário do imóvel que faz fronteira com a calçada, solicitando que ele realize o reparo. Caso o proprietário não atenda à solicitação, pode ser emitido um auto de infração.

Se a responsabilidade pelo dano na calçada for de concessionárias de serviços públicos, o órgão emite um edital ou auto de infração diretamente a elas.

É importante lembrar que a manutenção e conservação da calçada em frente ao terreno são de responsabilidade do proprietário do imóvel.


## **Para que serve:**

Este serviço serve para **garantir a conservação das calçadas de Pedra Portuguesa**, promovendo a segurança e o conforto dos pedestres. Ele assegura que os buracos e danos sejam reparados, evitando acidentes e mantendo a qualidade do passeio público.


## **Quem pode solicitar:**

Qualquer cidadão pode solicitar este serviço ao identificar um buraco ou dano em calçadas de Pedra Portuguesa."
Cartão de estacionamento para idosos,"## **O que é:**

Emissão do Cartão de Estacionamento para Idosos, um documento que permite a pessoas, com 60 anos ou mais, utilizar gratuitamente as vagas de estacionamento demarcadas. Este cartão possui validade nacional por 5 anos e pode ser usado em qualquer veículo, desde que o idoso esteja presente.

É possível solicitar uma segunda via do cartão em caso de perda, roubo ou danificação da via original, mediante comprovação. Cada CPF tem direito à emissão de apenas um cartão.


## **Para que serve:**

Garantir o direito de estacionamento gratuito em vagas demarcadas para idosos em todo o território nacional. O cartão assegura a isenção de pagamento em vagas do Rio Rotativo.

Para estacionamentos em shoppings, o cartão concede o direito a vagas especiais, mas não isenta o beneficiário do pagamento da tarifa de estacionamento do local. O documento conta com um QR Code para facilitar a fiscalização.


## **Quem pode solicitar:**

Cidadãos com idade igual ou superior a 60 anos. É necessário atender aos requisitos de idade e apresentar a documentação comprobatória para a emissão do cartão. Cada pessoa pode ter apenas um cartão associado ao seu CPF."
Atendimento em Policlínicas,"### O que é:

Informações sobre atendimentos ambulatoriais especializados realizados nas Policlínicas do Rio de Janeiro. Os serviços são oferecidos por equipes multiprofissionais e incluem consultas, procedimentos e exames.

Entre as especialidades disponíveis estão ginecologia, cardiologia, dermatologia, endocrinologia, ortopedia, pneumologia e otorrinolaringologia.

Também são realizados atendimentos com outros profissionais de nível superior, como nutricionistas, enfermeiros, psicólogos, fonoaudiólogos, terapeutas ocupacionais e fisioterapeutas.


### Como funciona:

O acesso às Policlínicas ocorre por meio de encaminhamento feito por uma Unidade Básica de Saúde de referência.

O paciente deve procurar a unidade onde é atendido e, caso haja necessidade, o médico realiza o encaminhamento para consulta com especialista. O agendamento é feito pelo Sistema de Regulação (SISREG).

Os serviços incluem pequenas cirurgias, suporte diagnóstico e terapêutico, Práticas Integrativas e Complementares e atendimento odontológico especializado nos Centros de Especialidades Odontológicas (CEOs).


## **Horários:**

As Policlínicas funcionam de segunda a sexta-feira, das 8h às 18h.


Unidades que também funcionam aos sábados:

- Policlínica José Paranhos Fontenelle: das 8h às 12h;
- Policlínica Carlos Alberto Nascimento: das 7h às 12h;
- Policlínica Lincoln de Freitas Filho: das 7h às 12h.


### Público-alvo:

Cidadãos que necessitam de atendimento especializado em saúde e que foram encaminhados por uma Unidade Básica de Saúde."
Imóveis penhorados como garantia para o pagamento de Execuções Fiscais,"## **O que é:**

Plataforma que reúne listagem de imóveis penhorados como garantia em execuções fiscais promovidas pela Procuradoria da Dívida Ativa situados na cidade do Rio de Janeiro e que podem ser encaminhados para leilão judicial, oferecendo a oportunidade que o cidadão manifeste interesse no imóvel e que seu proprietário realize os pagamentos das dívidas.


## **Para que serve:**

Oferecer ao cidadão a oportunidade de manifestar interesse em imóveis que podem ser levados a leilão judicial.

Permitir que o proprietário do imóvel realize os pagamentos das dívidas para evitar que o bem seja leiloado.


## **Quem pode solicitar:**

Cidadãos interessados em imóveis penhorados que podem ser encaminhados para leilão judicial.

Proprietários de imóveis, contribuintes, sucessores tributários, terceiros interessados ou responsáveis tributários que desejam pagar os débitos e retirar a unidade imobiliária da lista de imóveis disponíveis para leilão."
Distribuição de kit enxoval do bebê,"### O que é:

A distribuição do kit enxoval para bebês é destinada a gestantes participantes do Programa Cegonha Carioca. 

O enxoval inclui itens essenciais para o cuidado do recém-nascido, como:

- Bolsa;
- Trocador;
- Macacão;
- Casaco com capuz;
- Bodies;
- Calças;
- Toalha de banho;
- Manta e meias.

Os itens são padronizados em cor neutra, sem opção de escolha. Em casos de gestação gemelar, é entregue um kit para cada bebê.


### Como funciona:

O kit é entregue durante a visita à maternidade de referência, indicada ao longo do pré-natal para o atendimento ao parto. Essas visitas são agendadas durante o acompanhamento gestacional e ocorrem no terceiro trimestre, a partir da 28ª semana.

A gestante deve estar vinculada a uma unidade da rede municipal de saúde e seguir o fluxo de acompanhamento do programa para realizar a visita e receber o enxoval.


### Público-alvo:

Gestantes participantes do Programa Cegonha Carioca que realizam a visita guiada à maternidade de referência e têm o parto previsto em unidade da rede da Secretaria Municipal de Saúde."
IPTU - Autenticidade da Certidão de Elementos Cadastrais,"## O que é:

Este serviço permite a confirmar a autenticidade de uma certidão de elementos cadastrais do IPTU que já foi emitida, apresentando os dados da sua emissão como: data, informações do imóvel e dos titulares cadastrados.


## Para que serve:

Permite confirmar se o documento é legítimo e não foi alterado. Desta forma, garante a validade e a veracidade das informações contidas na certidão de elementos cadastrais do IPTU.


## Quem pode solicitar:

Qualquer cidadão ou instituição que precise verificar a autenticidade de uma certidão de elementos cadastrais do IPTU."
Informações sobre o material Rioeduca,
Remoção de carcaça de veículo não identificável,
Verificação do número do processo aberto na Secretaria Municipal de Transportes,
Patrimônio – Remição de Foro,
"Manutenção de mobiliário, brinquedos e equipamentos esportivos em praças e parques públicos",
Informações sobre pecúlio,"## **O que é:**

O Pecúlio é um seguro destinado a servidores ativos, aposentados e seus dependentes. Ele corresponde a uma vez o valor da remuneração sobre a qual incidiu a contribuição previdenciária no mês do óbito do segurado. O benefício tem um valor total limitado ao teto remuneratório vigente no Município no momento do falecimento.


## **Para que serve:**

Este serviço oferece suporte financeiro aos beneficiários do servidor falecido. Garante que os dependentes recebam um valor único, auxiliando nas despesas e na transição após o óbito do segurado.


## **Quem pode solicitar:**

O pecúlio pode ser solicitado pelos beneficiários habilitados pelo servidor no Previ-Rio. Caso o servidor não tenha deixado registro de quem são os beneficiários, o pagamento seguirá a seguinte ordem:

- o cônjuge
- o companheiro ou companheira, com quem o segurado mantivesse união estável ou homoafetiva comprovada na data do óbito
- os filhos até 21 anos de idade
- os filhos inválidos, sem limite de idade
- os menores colocados sob a guarda ou tutela judicial do segurado
- na ausência dos beneficiários anteriores, os pais, ou irmãos menores de 21 anos ou inválidos, desde que comprovadamente dependentes economicamente do segurado
- o ex-cônjuge ou ex-companheiro, desde que seja beneficiário de pensão alimentícia judicial.

Para o pagamento do pecúlio, **não é exigida a comprovação de dependência econômica**."
Informações sobre fiscalização de irregularidades em linhas de ônibus,
Reinstalação de ponto de luz,
Licenciamento Truck Rio,"## **O que é:**

Este serviço consiste na **concessão de autorização** **para o exercício da atividade de Economia Sobre Rodas** no município. É voltado especificamente para a venda de alimentos artesanais e bebidas, produtos e serviços, em veículos automotores, módulos acoplados por reboque, ambos emplacados, e triciclos movidos à propulsão humana em áreas públicas, conhecidos como **Trucks e Triciclos**. A autorização permite que empreendedores atuem de forma regularizada, seguindo as normas municipais para este tipo de comércio.


## **Informações complementares:**

A Coordenação de Economia Sobre Rodas - CESR, fará a análise técnica do requerimento para Consulta Prévia de Local, e encaminhará para as Subprefeituras locais/CET-Rio a solicitação para a liberação da(s) vaga(s) pretendida(s).

O solicitante deverá ficar atento ao encaminhamento de comunicação eletrônica através do e-mail cadastrado com as devidas orientações. As possíveis respostas para o requerimento são:  
• Exigência documental;  
• Locais negados (com possibilidade de indicação de novos locais);  
• Deferido; e  
• Indeferido.


Acesse **[aqui](https://ordempublica.prefeitura.rio/wp-content/uploads/sites/30/2024/10/TERMO-USO_AVISO-PRIVACIDADE_CESR_TRUCKRIO-v1-1.pdf)** o Termo de Uso e Aviso de Privacidade.


## **Para que serve:**

O serviço garante a legalidade e a regularização da atividade de venda de alimentos artesanais e bebidas, produtos e serviços, em Trucks e Triciclos. Ele permite que comerciantes ofereçam seus produtos diretamente aos consumidores em diferentes locais da cidade, sob autorização municipal.


## **Quem pode solicitar:**

Este serviço pode ser solicitado por Empresários, Microempresários (ME) ou Microempreendedores Individuais (MEI)."
Solicitação de vacinação em domicílio,
Requerimento de adiantamento de décimo terceiro salário para servidor ativo,"## **O que é:**

O adiantamento do décimo terceiro salário é um benefício concedido aos servidores municipais em circunstâncias especiais.


## **Para que serve:**

Este serviço permite que servidores recebam uma parte do décimo terceiro salário de forma antecipada. O benefício visa oferecer suporte financeiro em situações como gestação, cirurgias com internação, tratamento de doenças crônicas e adoção formal de filho.


## **Quem pode solicitar:**

Podem solicitar este adiantamento os **servidores ativos**. A concessão ocorre em circunstâncias especiais que justifiquem a necessidade de apoio financeiro antecipado."
Programa Trabalha Rio,"## **O que é:**

O Programa Trabalha Rio divulga vagas de trabalho e cursos de capacitação profissional, atuando por meio de ações descentralizadas e itinerantes.


Semanalmente, equipes do Trabalha Rio realizam ações em locais previamente divulgados para cadastrar currículos de trabalhadores no banco de oportunidades da SMTE.


## **Para que serve:**

O objetivo principal é facilitar o acesso da população aos atendimentos prestados pela Secretaria Municipal de Trabalho e Renda (SMTE). Este serviço serve para aproximar trabalhadores em busca de emprego de empresas com vagas disponíveis.


Além disso, oferece orientação para quem deseja tirar a carteira de trabalho, solicitar o Seguro-Desemprego ou se inscrever em oficinas de qualificação profissional, como o Qualifica.Rio.


## **Quem pode solicitar:**

Cidadãos que estão em busca de uma vaga de emprego, que desejam se capacitar profissionalmente, ou que necessitam de informações e orientações sobre temas como seguro-desemprego e carteira de trabalho digital."
Reparo de poste caído ou em risco de queda,
Fornecedores de bens e serviços – solicitação de cadastro,
Informações sobre ações de acolhimento a pessoas em situação de rua,"### **O que é:**

Informações sobre as ações realizadas pela **Prefeitura da Cidade do Rio de Janeiro**, por meio da **Secretaria Municipal de Assistência Social**, voltadas ao acolhimento de pessoas em situação de rua.

As ações seguem a política nacional de assistência social e são planejadas e executadas de forma contínua, com foco na abordagem social e na busca ativa.


### **Como funciona:**

O atendimento é realizado por equipes especializadas que atuam todos os dias da semana, em todos os turnos, em diferentes regiões da cidade. Participam dessas ações:

- **[Centros de Referência Especializados de Assistência Social (CREAS)](https://assistenciasocial.prefeitura.rio/creas/)**
- **[Centros de Referência Especializados para Pessoas em Situação de Rua (Centros Pop)](https://www.1746.rio/hc/pt-br/articles/14456480918427-Centro-POP-Centro-de-Refer%C3%AAncia-Especializado-para-popula%C3%A7%C3%A3o-em-situa%C3%A7%C3%A3o-de-rua)**
- Equipes do Serviço de Abordagem Social 24h


As equipes oferecem escuta, orientação, encaminhamentos e acesso aos serviços socioassistenciais e a outras políticas públicas, sempre com respeito à dignidade das pessoas atendidas. Não são adotadas medidas de remoção compulsória ou vexatória.


**Se você conhece ou é uma pessoa interessada em acolhimento**: procure voluntariamente um CREAS ou Centro Pop do seu território, de segunda a sexta-feira, das 8h às 17h.


### **Quando a Secretaria não atua:**

A Secretaria Municipal de Assistência Social **não realiza**:

- Remoção de pessoas em situação de rua;
- Apreensão de pertences de pessoas em situação de rua.


### **Informações importantes:**

As ações de abordagem seguem a legislação específica sobre a população em situação de rua e são orientadas por normas como o Protocolo do Serviço Especializado em Abordagem Social (Resolução SMDS nº 64/2016) e demais atos normativos aplicáveis.

- **Em casos de roubo, furto ou agressão**: deve-se acionar a Polícia Militar pelo **190**.
- **Em situações de emergência de saúde, inclusive surtos psíquicos**: deve-se acionar o SAMU pelo **192**.


O atendimento é pautado na sensibilização, na oferta de serviços e no acolhimento, garantindo um cuidado digno, respeitoso e sem coerção."
Acervo de Imagens PAA/PAL,
Fiscalização de obras de concessionárias de serviços públicos,"## **O que é:**

Este serviço realiza a fiscalização de obras e reparos feitos por concessionárias de serviços públicos. O objetivo é verificar irregularidades que possam afetar a via pública e a segurança dos cidadãos.

São observados problemas como buracos, obstruções, sinalização inadequada ou ausente, obras realizadas em horários de pico, falta de proteção para pedestres e o descarte indevido de entulho nas ruas.


## **Para que serve:**

O serviço serve para garantir que as obras de concessionárias sigam as regulamentações, assegurando a ordem e a segurança nas vias públicas. Ele permite a identificação de irregularidades e a tomada de medidas corretivas.

Após a vistoria, se irregularidades forem constatadas e não forem corrigidas, são emitidos editais para regularização e, em caso de não cumprimento, multas podem ser aplicadas imediatamente em situações graves.


## **Quem pode solicitar:**

Qualquer cidadão pode solicitar este serviço."
Autorização de poda ou remoção de árvore em área pública,
Sepultamento no cemitério de pequenos animais,"## **O que é:**

Este serviço oferece o sepultamento de pequenos animais em túmulos verticais individuais, localizados no cemitério de pequenos animais. Ele também permite a visitação das sepulturas, proporcionando um espaço para a memória dos pets.


## **Para que serve:**

Proporcionar um local digno e adequado para o sepultamento de animais de estimação de pequeno porte. O serviço visa oferecer aos tutores um espaço para homenagear e visitar seus companheiros, após o falecimento.


## **Quem pode solicitar:**

Cidadãos que são tutores de pequenos animais e desejam realizar o sepultamento em um cemitério específico para pets. O valor da taxa de sepultamento é cobrado de acordo com o porte do animal. É importante ressaltar que animais diagnosticados ou com suspeita de Esporotricose não são elegíveis para sepultamento, devendo ser encaminhados para cremação gratuita."
Procedimentos para admissão em cargo público efetivo,
Cremação de animais,"## **O que é:**

Este é um serviço de cremação de cadáveres de animais, oferecido de forma coletiva. Atualmente, a cremação individual está temporariamente indisponível. O sepultamento de animais, quando solicitado, é sempre realizado de forma individual.

A cremação coletiva é destinada a proprietários de cães, gatos e outros animais de estimação. Neste tipo de cremação, não há a possibilidade de recolher as cinzas. Animais mortos com diagnóstico de **Esporotricose** ou outras zoonoses, atestado por médico veterinário, serão cremados gratuitamente.


## **Para que serve:**

Proporcionar um destino final digno e sanitariamente adequado para cadáveres de animais de estimação, como cães e gatos, por meio da cremação coletiva. O serviço também oferece a cremação gratuita para animais com zoonoses específicas, contribuindo para a saúde pública.


## **Quem pode solicitar:**

Proprietários de animais de estimação, como cães, gatos e outros, que necessitam do serviço de cremação coletiva.

Para que o serviço seja realizado, o cadáver do animal deve ser entregue embalado separadamente. É obrigatório apresentar uma guia individual de identificação, que inclua a resenha do animal (idade, sexo, espécie e pelagem) e a indicação da causa da morte, atestada por um médico veterinário."
Remoção de árvore em vias públicas,
Licença de transformação de uso de edificação,"## O que é:

Este serviço permite o licenciamento para a transformação de uso de um imóvel particular, seja de comercial para residencial, ou de residencial para comercial e misto. Ele envolve a emissão de uma licença de obras por tempo determinado, conforme a solicitação e a legislação específica.

A licença abrange exclusivamente a mudança de uso do imóvel. Se a obra incluir acréscimo ou decréscimo de área, isso deve ser explicitamente indicado no título do projeto, junto com a transformação de uso.


## Para que serve:

Regularizar urbanisticamente a mudança da finalidade de um imóvel, garantindo que a transformação de uso de comercial para residencial (ou vice-versa) esteja em conformidade com as normas municipais. O serviço também emite a aceitação da obra após sua conclusão.


## Quem pode solicitar:

Proprietários de imóveis que desejam alterar a destinação de suas edificações, seja de uso comercial para residencial, ou de residencial para comercial e misto."
Informações sobre o auxílio moradia,"## **O que é:**

O Auxílio Moradia é um benefício concedido pelo PREVI-RIO a segurados que preenchem requisitos específicos de idade, renda e patrimônio. Ele visa oferecer um suporte financeiro para despesas de aluguel.

O benefício é pago mensalmente por um período de 12 meses, a partir do mês da solicitação. Seu valor é atualizado conforme os índices de reajuste dos vencimentos dos servidores públicos municipais.


## **Para que serve:**

Este serviço tem como objetivo principal proporcionar assistência financeira para o custeio de moradia a servidores e pensionistas do município do Rio de Janeiro que se enquadram nos critérios estabelecidos.

Ele garante que segurados em situação de vulnerabilidade habitacional possam ter acesso a um auxílio para suas despesas de aluguel, contribuindo para sua estabilidade financeira.


## **Quem pode solicitar:**

Podem solicitar o Auxílio Moradia servidores e pensionistas do PREVI-RIO que atendam, cumulativamente, aos seguintes requisitos:

- Ter idade igual ou superior a 65 anos na data do requerimento.
- Perceber, no mês anterior à solicitação, vencimentos, proventos e/ou pensão previdenciária que, somados, não ultrapassem 4 vezes o valor do salário mínimo nacional.
- Residir em imóvel alugado.
- Não possuir financiamento imobiliário.
- Não ser proprietário ou promitente comprador de imóvel residencial.

**Importante:** Haverá apenas uma concessão do benefício por segurado, e se dois ou mais servidores residirem no mesmo imóvel alugado, o auxílio será concedido a apenas um deles."
Patrimônio – Recadastramento Enfitêutico,"## O que é:

Este serviço fornece as informações necessárias para a solicitação de Recadastramento Enfitêutico de imóveis. Ele deve ser utilizado quando a Certidão de Situação Fiscal e Enfitêutica de um imóvel indica que ele não está recadastrado.


## Para que serve:

Permitir a regularização da situação enfitêutica de imóveis junto à Prefeitura. Isso garante que o registro fiscal e patrimonial do imóvel esteja atualizado, conforme as exigências municipais.


## Quem pode solicitar:

Proprietários de imóveis no município do Rio de Janeiro que necessitam regularizar o cadastro enfitêutico de suas propriedades. A solicitação é para casos em que a Certidão de Situação Fiscal e Enfitêutica aponta que o imóvel não está recadastrado."
Emissão de boleto para pagamento de multa (DARM) no VLT,
ITBI – Petição em processo administrativo já aberto,
Informações sobre isenção de taxa de inscrição em concurso,"## O que é:

Este serviço oferece informações detalhadas sobre a isenção da taxa de inscrição em concursos públicos. A isenção é válida para concursos de âmbito federal, municipal e estadual, ou conforme especificado no edital do processo seletivo.


## Para que serve:

Permitir que candidatos elegíveis possam solicitar a isenção da taxa de inscrição em concursos públicos e processos seletivos simplificados. Isso garante o acesso a oportunidades para aqueles que se enquadram nos critérios de renda e inscrição no Cadastro Único.


## Quem pode solicitar:

Qualquer candidato que seja integrante de uma família inscrita no Cadastro Único (CadÚnico) e cuja renda familiar mensal seja de até três salários mínimos. A isenção se aplica a concursos federais ou quando a possibilidade de isenção estiver prevista no edital do concurso."
Limpeza de vala de drenagem,
Fiscalização de irregularidades em táxi,
Multa de Trânsito - Ressarcimento de valor pago,
Fiscalização de carros de som,
Atendimento à Saúde da Criança e do Adolescente,
Solicitação de Cartão Morador,
Benefícios relacionados ao falecimento do servidor,"## O que é:

Este serviço oferece informações detalhadas sobre os benefícios previdenciários e assistenciais disponíveis para os dependentes de servidores do Município do Rio de Janeiro que faleceram. Ele aborda os benefícios post mortem, que são concedidos após o óbito do segurado.

Os benefícios incluem Pensão por Morte, Pecúlio, Auxílio Funeral e o Encerramento de Folha de Pagamento do servidor falecido. O objetivo é orientar os familiares sobre os procedimentos e direitos.


## Para que serve:

Garantir que os dependentes e familiares de servidores ativos e inativos falecidos tenham acesso claro às informações necessárias e possam solicitar os benefícios a que têm direito junto ao Previ-Rio. Isso assegura o suporte financeiro e administrativo pós-falecimento.


## Quem pode solicitar:

Os benefícios podem ser solicitados por dependentes ou familiares de servidores ativos e inativos do Município do Rio de Janeiro. É fundamental que o servidor falecido fosse segurado pelo Previ-Rio, sob o regime estatutário.

Este serviço não se aplica a servidores de outros municípios, estados, federais ou funcionários sob o regime CLT (INSS). O dependente ou familiar deve preencher o formulário de requerimento para iniciar a solicitação."
Informações sobre o Programa Lixo Zero,
"Segunda via de Certificado de Vistoria, CIAT ou Atualização Cadastral para taxistas",
Informações sobre o auxílio funeral,"## O que é:


O Auxílio Funeral é um benefício do Previ-Rio destinado a cobrir as despesas com o sepultamento de seus segurados ou pensionistas, incluindo também o sepultamento de membros amputados. O reembolso dos gastos é feito por crédito em conta corrente do beneficiário (requerente), obrigatoriamente.

O valor do auxílio corresponde às despesas comprovadas, até o limite de 3 vezes o menor vencimento vigente no Município (o menor vencimento não equivale ao salário mínimo nacional). Este valor é atualizado conforme os reajustes dos vencimentos dos servidores municipais. Não é permitida a cessão de crédito, e o pagamento não é feito a pessoas jurídicas, sendo exclusivo para quem não utiliza plano funeral ou seguro privado.


## Para que serve:


Cobrir as despesas com o sepultamento de segurados ou pensionistas do Previ-Rio, incluindo membros amputados, através do reembolso dos gastos efetivamente realizados.


## Quem pode solicitar:


O auxílio pode ser solicitado por quem efetuou a despesa do sepultamento dos servidores e pensionistas do Previ-Rio. É necessário que o requerente comprove ter arcado com as despesas e que não tenha utilizado um plano funeral próprio ou seguro privado para cobrir esses custos."
Relatório de Informações Urbanísticas,
Permissão para veículos de carga e descarga de mudanças residenciais,"## O que é:

Este serviço permite que a CET-Rio emita uma permissão especial de estacionamento para veículos de carga e descarga. Essa permissão é destinada a mudanças residenciais e é obrigatória para veículos com peso bruto total (P.B.T.) superior a 2,2 toneladas.


## Para que serve:

Serve para autorizar o estacionamento de veículos grandes durante a realização de mudanças residenciais, garantindo a organização e fluidez do trânsito local.


## Quem pode solicitar:

Pode ser solicitado pelo transportador responsável pela mudança ou pelo próprio interessado. A solicitação é analisada com base na localização do imóvel que será objeto da mudança."
Informações sobre os procedimentos para sepultamento,
Bloqueio de pagamento de servidor aposentado e pensionista,
Alvará - Solicitação de alteração cadastral,"## **O que é:**

Este serviço permite realizar **alterações cadastrais** no Alvará de Licença de Estabelecimento. Inclui mudanças de nome (empresarial, da pessoa física, nome fantasia), alterações de sócios e participação societária, e mudança de natureza jurídica.


## **Para que serve:**

Este tipo de Consulta Prévia visa manter os dados cadastrais de empresas e autônomos atualizados no Alvará de Licença de Estabelecimento.


## **Quem pode solicitar:**

**Empresas e autônomos** que possuem Alvará de Licença de Estabelecimento e precisam atualizar informações cadastrais que não impliquem em nova análise de uso e ocupação do solo."
Atendimento domiciliar para vacinação antirrábica animal,"## **O que é:**

Atendimento domiciliar para vacinação antirrábica de cães e gatos. Este serviço é oferecido para tutores que não conseguem levar seus animais aos postos de vacinação.

É destinado a pessoas com **dificuldade de locomoção** ou que possuam **10 ou mais animais** em sua residência.


## **Para que serve:**

Garantir a **imunização** de cães e gatos contra a raiva, protegendo a saúde dos animais e da população.

O serviço facilita o acesso à vacinação para tutores com necessidades especiais ou grande número de animais, contribuindo para o controle da doença no município.


## **Quem pode solicitar:**

Pessoas que apresentem **dificuldade de locomoção** e, por isso, não conseguem levar seus animais para vacinar.

Também podem solicitar tutores que possuam **10 ou mais animais** (cães e gatos) em sua residência. Após a solicitação, a gerência responsável fará contato para agendamento da vacinação."
Notificação de falta de água ou luz,
Informações sobre o Centro de Referência Especializado para População em Situação de Rua – CENTRO POP,"## O que é:

O Centro de Referência Especializado para População em Situação de Rua, conhecido como CENTRO POP, é uma unidade socioassistencial municipal. Ele foi criado para oferecer serviços e apoio a pessoas que vivem em situação de rua.

Esta unidade funciona como um ponto de referência, proporcionando um ambiente de convívio social e grupal. O objetivo é desenvolver relações de solidariedade, afeto e respeito entre os usuários.


## Para que serve:

O CENTRO POP serve para oferecer suporte e serviços essenciais à população em situação de rua. Ele proporciona vivências que visam o alcance da autonomia pessoal e social.

Além disso, o centro estimula a organização, mobilização e participação social dessas pessoas. Isso contribui para a reintegração e melhoria da qualidade de vida.


## Quem pode solicitar:

O serviço é destinado exclusivamente a pessoas em situação de rua."
Patrimônio – Consulta Enfiteuse,"## O que é:

Este serviço permite solicitar consultas e obter informações específicas sobre assuntos de enfiteuse de imóveis. Abrange a abertura de processos para requerer cópias de documentos como Alvará, Certificado de Remição de Foro, Carta de Aforamento ou Guias de Pagamento.

Também é possível solicitar certidões sobre a situação enfitêutica do imóvel ou da área da Chácara da Bica e Matacavalos, e aditamentos em documentos existentes que necessitem de atualização.


## Para que serve:

O serviço serve para que cidadãos e interessados possam obter informações detalhadas e documentos oficiais relacionados à enfiteuse de um imóvel. Isso inclui a regularização de dados, a obtenção de históricos ou a atualização de registros junto à Secretaria Municipal de Fazenda.


## Quem pode solicitar:

Pode solicitar este serviço o proprietário do imóvel ou seu representante legal devidamente constituído por procuração. Caso o requerente no formulário eletrônico não seja o proprietário, ou se apenas um dos proprietários assinou, é necessário apresentar procuração outorgando poderes.

Para a solicitação de cópias de Alvará, Certificado de Remição de Foro ou Guias de Pagamento, o comprador que possua a Escritura definitiva do imóvel (compra e venda) também pode realizar o pedido. Nesses casos, além da documentação exigida, deverá ser encaminhada cópia da referida escritura."
Solicitação de plantio de árvore em área pública,
Reparo de calçada danificada por raiz,"## **O que é:**

Este serviço consiste na vistoria de calçadas em vias públicas que foram danificadas por raízes de árvores. O objetivo é fornecer orientação sobre os procedimentos necessários para resolver a situação.

Após a vistoria, a COMLURB pode orientar o cidadão responsável pela calçada sobre como ajustar a gola, que é o canteiro ao redor da árvore. A remoção da árvore, se necessária, só será feita com um laudo da Defesa Civil que comprove danos estruturais ao imóvel causados pelas raízes.


## **Para que serve:**

Este serviço serve para orientar os cidadãos** **sobre as medidas corretivas para calçadas danificadas por raízes de árvores em áreas públicas.


## **Quem pode solicitar:**

Qualquer cidadão pode solicitar a orientação sobre reparo de calçada em via pública e que esteja danificada por raízes de árvores. A solicitação é para calçadas localizadas em áreas de livre acesso."
Reparo de sinal de trânsito travado,
Informações sobre abertura de escola de Educação Infantil,"## O que é:

Este serviço oferece informações detalhadas e um guia passo a passo para a abertura de escolas de Educação Infantil no Município do Rio de Janeiro. Todo o processo é supervisionado pela Secretaria Municipal de Educação (SME).


A orientação fornecida garante que os interessados compreendam e atendam às exigências da Deliberação E/CME nº 56/2023 alterada pela E/CME nº 60/2025, cobrindo os procedimentos necessários para a autorização e o funcionamento legal da instituição.


Para abrir uma escola de Educação Infantil no Município do Rio de Janeiro, é necessário atender às exigências da Deliberação E/CME nº 56/2023 e suas alterações.


## Para que serve:

Orientar e guiar os interessados no processo de abertura e regularização de escolas de Educação Infantil no município do Rio de Janeiro. O serviço visa garantir que as novas instituições atendam aos padrões e exigências da Secretaria Municipal de Educação.


## Quem pode solicitar:

Pessoas físicas ou jurídicas (entidades mantenedoras) que desejam fundar e operar uma escola de Educação Infantil na área do Município do Rio de Janeiro. É destinado a empreendedores e instituições educacionais que buscam estabelecer novas unidades de ensino."
Realização de exames laboratoriais em animais,"## **O que é:**

Este serviço consiste na realização de exames laboratoriais para animais. Os exames são feitos em animais que recebem atendimento no Hospital de Medicina Veterinária Jorge Vaitsman, Centro de Controle de Zoonoses Paulo Dacorso Filho e, Hospital Municipal Veterinário São Francisco de Assis.

O objetivo é apoiar o diagnóstico de doenças que foram identificadas durante o atendimento clínico dos animais.


## **Para que serve:**

O serviço serve para fornecer resultados de exames laboratoriais que são cruciais para o **diagnóstico de doenças** em animais. Isso permite que os médicos veterinários identifiquem corretamente as condições de saúde e planejem o tratamento adequado.


## **Quem pode solicitar:**

Cidadãos que encaminham seus animais para atendimento em uma das unidades hospitalares mencionadas."
Fiscalização sanitária de estabelecimentos comerciais em geral,
Taxas – Emissão de DARM da Taxa de Fiscalização de Cemitérios,
Remoção de toco e raiz (destoca),"## **O que é:**

Este serviço consiste na retirada de tocos de árvores e de raízes que permaneceram no local após a primeira fase da operação de remoção de uma árvore. A ação é realizada em áreas públicas da cidade.


## **Para que serve:**

Remover os tocos e raízes remanescentes de árvores em espaços públicos. Isso contribui para a **segurança** e a **desobstrução** das calçadas e outras áreas, evitando acidentes e facilitando a circulação.


## **Quem pode solicitar:**

Qualquer cidadão que identifique a necessidade de remoção de um toco ou raiz de árvore em uma área pública do município."
Autorização de Táxi/Mototáxi para Motoristas Auxiliares - Abertura de Termo,"## **O que é:**

Este serviço permite que motoristas auxiliares de Táxi ou Mototáxi solicitem autonomia para atuar no transporte individual de passageiros. A solicitação é feita mediante convocação oficial da Prefeitura, seguindo as diretrizes estabelecidas em legislação municipal.


## **Para que serve:**

O processo visa regularizar e formalizar a atuação desses profissionais, garantindo que operem de acordo com as normas vigentes para a prestação do serviço no município.

Essa autonomia é necessária para que motoristas auxiliares de Táxi ou Mototáxi possam exercer a profissão de forma regularizada. Isso assegura que o transporte de passageiros seja realizado dentro dos padrões e exigências estabelecidos pela legislação municipal.


## **Quem pode solicitar:**

Motoristas interessados em atuar como auxiliares de Táxi ou Mototáxi, ou seus representantes legais, que tenham sido convocados pela Prefeitura para requerer a autonomia necessária."
Informações sobre Família Acolhedora – FACO,"## O que é:

O serviço Família Acolhedora (FACO) oferece um acolhimento temporário para crianças e adolescentes. Este acolhimento é destinado àqueles que sofreram violação de direitos e foram afastados de suas famílias por decisão judicial.

É uma alternativa ao acolhimento institucional, como abrigos, buscando proporcionar proteção e cuidado em um ambiente familiar e comunitário. O objetivo é que a criança ou adolescente permaneça nesse ambiente até que possa retornar à sua família de origem ou ser encaminhado para uma família substituta.


## Para que serve:

O serviço serve para garantir** **proteção e cuidado a crianças e adolescentes em situação de vulnerabilidade. Ele proporciona um ambiente familiar e comunitário seguro, essencial para o desenvolvimento, enquanto a situação de sua família de origem é resolvida.

Isso evita que crianças e adolescentes sejam encaminhados para instituições, promovendo a convivência familiar e comunitária como prioridade.


## Quem pode solicitar:

Cidadãos interessados em se tornar uma Família Acolhedora e oferecer um lar temporário para crianças e adolescentes que precisam de proteção.

É necessário que os interessados atendam aos requisitos do programa para serem habilitados a acolher."
"Concessão de autorização de matrícula nova em Feiras Livres, Feiras Móveis, Feiras Especiais e Antiquários","## **O que é:**

Este serviço permite a **concessão de autorização para o exercício de atividades** em Feiras Livres, Feiras Móveis e Feiras Especiais no município, conforme a disponibilidade de vaga. A autorização de matrícula tem caráter precário, podendo ser cassada ou cancelada conforme critérios do órgão municipal competente.


## **Informações importantes:**

É possível obter novas matrículas para diversas categorias de feirantes, como produtor, mercador e cabeceira de feira, respeitando o número máximo estabelecido pela legislação. É necessário que o requerente atenda aos critérios específicos e que haja disponibilidade de vaga na região ou tipo de feira desejada. Contudo, **existem restrições para a concessão de autorização para as Regiões Administrativas II, IV, V e VI**, de acordo com a Lei Complementar nº 170/2007.

Para consultar a relação das Feiras Livres e Feiras Móveis e Feiras Especiais em atividade, acesse **[aqui](https://ordempublica.prefeitura.rio/feiras/)**.


O órgão municipal responsável precisa **identificar em seu pedido a mercadoria possível de ser comercializada, e as categorias** de feirante e ambulante em feira nas Feiras Livres e Feiras Móveis. Para consultar os códigos de comércio e as categorias acesse **[aqui](https://ordempublica.prefeitura.rio/wp-content/uploads/sites/30/2023/07/CODIGOS-DOS-COMERCIOS-E-CATEGORIAS-EM-FEIRAS-LIVRES-E-MOVEIS.pdf)**.


Acesse** ****[aqui](https://ordempublica.prefeitura.rio/wp-content/uploads/sites/30/2024/06/TERMO-DE-USO-AVISO-FEIRAS-LIVRES-MOVEIS-FEIRAS-ESPECIAIS-E-FEIRARTES-v3.pdf)**** **o Termo de Uso e Aviso de Privacidade.


## **Para que serve:**

O serviço tem como objetivo **formalizar a atuação de feirantes, expositores e ambulantes em feiras, permitindo a comercialização de mercadorias. **Ele possibilita que os interessados operem legalmente, contribuindo para a organização e regulamentação das feiras na cidade.


## **Quem pode solicitar:**

Pode solicitar a autorização **qualquer interessado** em atuar como feirante, expositor ou ambulante em feira nas categorias de: produtor, mercador ou cabeceira de feira. A solicitação também pode ser feita por um **representante legal ou despachante**."
Consulta de multas por permissão em táxi,
Informações sobre aferição dos equipamentos de fiscalização eletrônica,
Certidão de cadastro de taxista/mototaxista - Verificação do tempo de serviço,
IPTU – Verificação da Autenticidade da Certidão de Valor Venal,"## O que é:

Este serviço permite verificar a autenticidade de uma Certidão de Valor Venal que já foi emitida. Ele fornece detalhes como o endereço do imóvel, o ano de referência e o valor venal, sendo válido para consultas a partir do ano de 2021.


## Para que serve:

Serve para confirmar a validade e a veracidade de uma Certidão de Valor Venal, garantindo que os dados apresentados no documento, como endereço, ano e valor venal, são oficiais e correspondem aos registros da Secretaria Municipal de Fazenda.


## Quem pode solicitar:

Qualquer pessoa que possua o número de uma Certidão de Valor Venal emitida e precise confirmar sua autenticidade e os dados nela contidos."
Emissão de carta de isenção tributária por permissão de Táxi/Mototáxi,
ISS – Apropriação de guia de pagamento (exceto código de receita 129-5),
Informações sobre empresas conveniadas com a Prefeitura,"## O que é:

Este serviço oferece informações detalhadas sobre os convênios estabelecidos entre a Prefeitura do Rio de Janeiro e diversas instituições. Ele permite que os beneficiários consultem a relação de empresas parceiras ou serviços oferecidos com os respectivos percentuais de desconto.

Os convênios são acordos que proporcionam benefícios e condições especiais para um grupo específico de pessoas, visando valorizar e apoiar os servidores e seus dependentes.


## Para que serve:

O serviço serve para identificar as instituições conveniadas e os benefícios disponíveis, como descontos em produtos e serviços. Ele permite que servidores, pensionistas e seus dependentes utilizem esses acordos para obter vantagens e acesso facilitado a diversas ofertas.


## Quem pode solicitar:

Podem acessar as informações e usufruir dos convênios os servidores ativos e inativos da Prefeitura do Rio de Janeiro. Inclui também os dependentes diretos (filhos e cônjuges) desses servidores, bem como os pensionistas da Prefeitura, do Tribunal de Contas do Município e da Câmara Municipal do Rio de Janeiro.

Além disso, servidores estranhos aos quadros e terceirizados podem ser beneficiados enquanto houver vínculo com o Município."
Informações sobre os Centro de Referência Especializado de Assistência Social – CREAS,"## O que é:

O CREAS (Centro de Referência Especializado de Assistência Social) é uma unidade pública que oferece Proteção Social de Média Complexidade. Seu objetivo é atender famílias e indivíduos que se encontram em situação de risco pessoal ou social, geralmente devido à violação de direitos.


## Para que serve:

O CREAS serve para oferecer apoio, orientação e acompanhamento a famílias com direitos violados ou ameaçados. Ele proporciona atenção socioassistencial a adolescentes em cumprimento de medidas socioeducativas e realiza busca ativa para atender pessoas em situação de rua, promovendo sua inserção em serviços públicos. Além disso, atua na proteção de crianças e adolescentes contra o trabalho precoce e oferece atendimento especializado a vítimas de violência sexual e seus familiares.


## Quem pode solicitar:

Podem solicitar os serviços do CREAS famílias e indivíduos em situação de risco pessoal ou social, que tenham seus direitos violados ou ameaçados. Isso inclui adolescentes e jovens em cumprimento de medidas socioeducativas, pessoas em situação de rua, crianças e adolescentes vítimas de trabalho infantil ou violência sexual, e seus familiares."
Averbação de tempo de contribuição / serviço,"## **O que é:**

A Averbação de Tempo de Contribuição/Serviço é o processo de incorporar o tempo de contribuição de vínculos anteriores ao vínculo atual de um servidor. Isso significa que o tempo trabalhado em outras instituições, sejam elas públicas ou privadas, é somado ao tempo de serviço atual.

Este serviço permite que o servidor utilize períodos de trabalho anteriores para diversos fins. Inclui a contagem de tempo para aposentadoria ou para a concessão de abono de permanência.


## **Para que serve:**

Este serviço serve para somar o tempo de contribuição de vínculos anteriores ao atual, garantindo ao servidor a contagem de tempo para:

- Aposentadoria e abono de permanência.
- Gratificação Adicional por Tempo de Serviço (triênio), em casos de averbação de períodos do próprio Município do Rio de Janeiro ou quando há equivalência entre cargos.
- O requisito de tempo de serviço público necessário para a aposentadoria, ao averbar tempo prestado a outros órgãos públicos."
Fiscalização da higiene em mercados e supermercados,
Informações sobre concursos públicos,"### O que é:

Informações sobre os concursos públicos realizados pela Prefeitura do Rio de Janeiro. O conteúdo reúne dados oficiais sobre todas as etapas do processo seletivo, desde a abertura do concurso até a divulgação dos resultados.


### Como funciona:

As informações disponíveis permitem consultar:

- Editais e bibliografias;
- Número e confirmação de inscrição;
- Orientações sobre pagamento;
- Datas, horários e locais de prova;
- Gabaritos e resultados;
- Declarações de aprovação;
- Procedimentos para pedidos de revisão e recursos.


### Público-alvo:

Qualquer pessoa interessada em participar ou que já esteja participando de concursos públicos promovidos pela Prefeitura do Rio de Janeiro e que precise acompanhar informações oficiais sobre os processos seletivos."
Fiscalização de poluição sonora,
Multa de trânsito paga/não recebida,
Cadastramento de profissional na Rio-Águas,"## **O que é:**

Este serviço permite o cadastro e a habilitação de profissionais junto à Fundação Rio-Águas.


## **Para que serve:**

Habilitar profissionais de engenharia para a apresentação de projetos de Drenagem Urbana, garantindo que os mesmos possam ser analisados e aprovados pela Fundação Rio-Águas.


## **Quem pode solicitar:**

Profissionais da área que desejam apresentar projetos de Drenagem Urbana à Fundação Rio-Águas. É necessário possuir a carteira do Conselho da profissão e a Certidão de Atribuições Profissionais emitida pelo respectivo Conselho. O profissional em questão deverá ter habilitação em disciplinas referentes à drenagem, hidráulica e hidrologia.

Também pode ser solicitado por um representante legal, desde que apresente a devida procuração ou documento comprobatório da representação."
Atendimento da Coordenadoria Técnica de Perícias Médicas,"## O que é:

A Coordenadoria Técnica de Perícias Médicas (CTPM) é um órgão da Subsecretaria do Sistema Municipal de Administração (SUBSAD) da Prefeitura do Rio de Janeiro. Ela é composta por um corpo administrativo e médico, e se organiza em duas gerências principais: a Gerência de Inspeções e Análises de Benefícios (GIAB) e a Gerência de Inspeções e Licenças Médicas (GILM).

A CTPM é responsável por planejar, coordenar e supervisionar todas as atividades relacionadas a exames e perícias médicas no âmbito do município. Seu papel é fundamental para a gestão da saúde e capacidade laboral dos servidores e seus dependentes.


## Para que serve:

O serviço da CTPM tem como objetivo principal realizar perícias médicas em servidores e seus dependentes. Isso subsidia a concessão de direitos e benefícios que dependem de uma avaliação técnica sobre a saúde e a capacidade de trabalho.

A GIAB avalia benefícios como readaptação funcional, redução de carga horária, salário família tríplice, isenção de imposto de renda, pensão Previ-Rio e auxílio medicamento. Já a GILM avalia a capacidade laboral para afastamentos por doença, acidentes de trabalho e necessidade de acompanhar dependente enfermo. Além disso, a GILM realiza exames médicos admissionais para candidatos a cargos efetivos, incluindo a avaliação de pessoas com deficiência para as vagas reservadas. A CTPM também atua em casos de aposentadoria por invalidez, inquéritos administrativos e assistência técnica à Procuradoria do Município.


## Quem pode solicitar:

Este serviço é destinado a servidores públicos do Município do Rio de Janeiro e seus dependentes, que necessitam de avaliação médico-pericial para a concessão de direitos e benefícios.

Também podem solicitar os candidatos a cargos efetivos da Prefeitura da Cidade do Rio de Janeiro, especialmente aqueles inscritos como pessoas com deficiência, para a realização do exame médico admissional e enquadramento nas vagas reservadas."
ISS - Impugnação a auto de infração ou nota de lançamento,
Agendamento e atendimento de audiências,"## O que é:

Esse serviço consiste no agendamento e atendimento de audiências para esclarecimentos relativos ao andamento de processos de licenciamento ou para consultas e orientações para sua abertura.  
O modelo de atendimento pode ser virtual ou presencial, a critério do cidadão, conforme sua necessidade.  
No caso de atendimento virtual, o cidadão agenda a sua audiência pelo link disponibilizado no **Pref.Río** ou no sítio da Secretaria de Desenvolvimento Urbano e Licenciamento – SMDU.  
Caso o cidadão prefira o atendimento presencial, pode solicitá-lo através desse mesmo canal, ou pelos outros canais disponibilizados por cada setor de atendimento em seu sítio na internet.


## Para que serve:

Facilitar a comunicação entre os requerentes e os técnicos, garantindo o esclarecimento de dúvidas e a obtenção de orientações necessárias para o adequado andamento dos processos de licenciamento.


## Quem pode solicitar:

Requerentes que possuam processos de licenciamento em andamento e necessitem de esclarecimentos ou orientações dos técnicos dos setores de licenciamento."
Emissão de taxas por permissão em táxi,
Informação sobre a situação dos imóveis no Município do Rio de Janeiro,
Informações sobre o PIS/PASEP,"**O que é:**

Informações sobre o PIS/PASEP, incluindo saque do saldo principal, possibilidade de revisão de depósitos e direito ao abono salarial.

Também reúne orientações sobre rendimento do PASEP para servidores inscritos até 04/10/1988 que ainda possuam saldo em conta individual, conforme valores definidos pelo Conselho Diretor do Fundo PIS-PASEP.


**Como funciona:**

O cidadão pode consultar:

- Quem tem direito ao abono salarial
- Critérios de elegibilidade
- Valores a receber
- Datas de pagamento
- Como proceder quando o abono não for depositado


**Quem pode receber o abono PIS/PASEP:**

Participantes cadastrados há pelo menos cinco anos, que tenham recebido do empregador contribuinte, no ano-base, remuneração média mensal igual ou inferior a dois salários-mínimos vigentes durante os meses trabalhados e que tenham exercido atividade por, no mínimo, 30 dias nesse ano.


**Pagamento do rendimento e data do pagamento do PASEP:**

Servidores inscritos no PASEP até 04/10/1988, com saldo em conta, têm direito ao recebimento do rendimento anual.

O cronograma é divulgado anualmente, com calendário disponibilizado nas agências do Banco do Brasil e por outros meios de comunicação, conforme o número final de inscrição do participante.


**Quem pode utilizar:**

Qualquer trabalhador ou servidor que queira verificar se tem direito ao PIS/PASEP, consultar valores, acompanhar datas de pagamento ou esclarecer dúvidas sobre o benefício."
Licença Municipal de Operação (LMO),"## O que é:

A Licença Municipal de Operação (LMO) é um documento que autoriza a operação de atividades ou empreendimentos no município do Rio de Janeiro. Ela é emitida após a verificação de que todas as medidas de controle ambiental e outras condições determinadas para a operação foram efetivamente implementadas.

Atualmente, o serviço é prestado de forma digital. O solicitante envia o requerimento e a documentação técnica por e-mail, e a equipe técnica gera um processo digital na plataforma sei.rio.

Após a análise inicial e o cumprimento das exigências para a correta adequação ambiental da atividade, um parecer técnico é elaborado para a emissão da licença. Para requerimentos apresentados em processos físicos, antes da implantação do Processo.Rio, os documentos devem ser entregues presencialmente, através de procurador ou representante legal.


## Para que serve:

Autorizar legalmente a operação de atividades e empreendimentos que cumpriram as exigências ambientais. Garante que as medidas de controle ambiental e outras condições necessárias foram implementadas, promovendo a adequação ambiental do empreendimento.


## Quem pode solicitar:

Qualquer pessoa física ou jurídica responsável por uma atividade ou empreendimento que necessite de autorização para operar no município do Rio de Janeiro. É necessário que o solicitante tenha implementado as medidas de controle ambiental e demais condicionantes exigidas."
Alvará de Licença de Estabelecimento - Solicitação de baixa da atividade,"## **O que é:**

Este serviço permite o encerramento das atividades de um estabelecimento na cidade do Rio de Janeiro. É um procedimento essencial para formalizar a baixa de uma empresa ou autônomo.


## **Para que serve:**

Formalizar o encerramento das atividades de empresas e autônomos, garantindo a regularização da situação cadastral junto à prefeitura.


## **Quem pode solicitar:**

Este serviço pode ser solicitado por empresas e autônomos que desejam encerrar suas atividades e dar baixa em seu alvará de licença de estabelecimento no município do Rio de Janeiro."
Fiscalização sanitária em serviços de saúde,
Patrimônio – Transferência do foreiro,
Informações sobre o uso de quadras de esporte no Aterro,
Redução de carga horária do servidor,"## **O que é:**

A redução de carga horária é um benefício para servidores estatutários municipais. Ele permite a diminuição de 50% (cinquenta por cento) da jornada de trabalho. Este benefício é concedido por períodos de 12 (doze) meses e se destina a casos de doença ou deficiência que levem à **incapacidade permanente ou temporária** do dependente.


## **Para que serve:**

Garantir que o servidor municipal possa prestar **assistência direta e pessoal** a seu dependente com deficiência ou patologia incapacitante. Isso permite adequar a jornada de trabalho do servidor para atender às necessidades do assistido, em horários que coincidam com seu trabalho.


## **Quem pode solicitar:**

Servidores públicos municipais efetivos que sejam responsáveis legais (por lei ou decisão judicial) por pai, mãe ou descendente menor. Também se aplica a quem detém curatela, tutela ou guarda de uma pessoa com deficiência ou patologia incapacitante.

Para renovação do benefício, uma nova solicitação deve ser feita com **15 (quinze) dias de antecedência** em relação ao prazo final da concessão. O benefício é encerrado imediatamente caso o servidor exerça cargo de confiança ou tome posse em segunda matrícula."
Informações sobre leilão de veículos rebocados,
Informações sobre Planta Aerofotogramétrica (Planta Cadastral),
Cancelamento de cobrança em Dívida Ativa,"## **O que é:**

Requerimento administrativo que visa o cancelamento dos créditos (tributários ou não tributários), objetos de cancelamentos pela via judicial ou administrativa.


## **Para que serve:**

Este serviço serve para formalizar o cancelamento de cobranças que já foram extintas ou anuladas. Ele garante que os registros de dívida ativa sejam atualizados, refletindo as decisões de cancelamento obtidas por vias judiciais ou administrativas, evitando cobranças indevidas.


## **Quem pode solicitar:**

Pode solicitar este serviço qualquer cidadão ou pessoa jurídica que possua débitos em Dívida Ativa que já foram cancelados. O cancelamento deve ter ocorrido por decisão judicial ou por processo administrativo. Se a solicitação não for feita pelo próprio interessado, é necessário apresentar uma procuração."
Certidão de inexistência de atividade econômica,"## **O que é:**

Este é um serviço que permite obter a Certidão de Ausência de Atividade Econômica, um documento oficial que atesta que não houve registro de atividade econômica de Pessoa Jurídica em um endereço específico e durante um determinado período no Cadastro de Atividades Econômicas da Prefeitura do Rio de Janeiro.


## **Para que serve:**

A Certidão de Ausência de Atividade Econômica serve para comprovar formalmente a inexistência de vínculo empresarial no local e período especificados, sendo utilizada em processos de regularização de imóveis, atualização de IPTU, baixa de empresas ou em trâmites judiciais que exijam tal comprovação.


## **Quem pode solicitar:**

Este serviço pode ser solicitado pelo proprietário do imóvel ao qual a certidão se refere, por um representante legal da Pessoa Jurídica (mesmo que inativa) ou por um procurador com poderes específicos para tal representação."
Manutenção de sinalização gráfica horizontal viária,
Licença de edificação unifamiliar ou bifamiliar,"## O que é:

Este serviço permite a emissão de licença para construção ou legalização de casas em lotes que contenham até duas unidades residenciais. Ele abrange tanto novas construções quanto a regularização de obras já executadas.

O processo de licenciamento inclui a emissão da licença inicial, após análise e aprovação do projeto, e o pagamento da taxa. Se a obra já estiver pronta, será emitida uma Licença de Legalização, com acréscimo de multa de 100%. Após a conclusão da obra, é necessário solicitar o Habite-se ou a Aceitação das Obras, que certifica que a edificação está apta para ser habitada ou que as modificações foram aceitas.


## Para que serve:

Este serviço serve para regularizar urbanisticamente um imóvel e aprovar projetos de construção de casas. Ele garante a emissão da licença necessária para iniciar ou legalizar obras de edificações residenciais unifamiliares, ou bifamiliares.

Além disso, permite obter o Habite-se ou a Aceitação das Obras, documentos essenciais que atestam a conformidade da edificação com as normas e a sua aptidão para ser habitada, assegurando a legalidade da construção.


## Quem pode solicitar:

Este serviço pode ser solicitado por proprietários de imóveis que desejam construir ou legalizar casas.

Também é destinado a arquitetos e engenheiros, construtores, empreiteiros e urbanistas que atuam como responsáveis técnicos pelos projetos e execução das obras."
Fiscalização de corte ou sacrifício de árvore,
Verificação de alteração indevida de itinerário de ônibus,
ISS – Certidão de Pagamento de ISS ou Taxa,"## O que é:

Este serviço permite a solicitação de uma certidão que comprova o recolhimento de Imposto Sobre Serviços (ISS) ou de uma taxa municipal. O requerente deve indicar a data em que o pagamento foi realizado.

Após a solicitação, é feita uma verificação na ficha financeira do contribuinte no sistema SINAE para identificar o recolhimento na Secretaria Municipal de Fazenda (SMF). Se o pagamento for confirmado, a certidão será emitida.


## Para que serve:

Atestar oficialmente o recolhimento de um tributo municipal, como ISS ou taxa, em uma data específica. Esta certidão serve como comprovante formal de que o pagamento foi devidamente efetuado junto à SMF.


## Quem pode solicitar:

Qualquer contribuinte, seja pessoa física ou jurídica, que necessite comprovar o pagamento de ISS ou de uma taxa municipal. É necessário ter a Inscrição Municipal e, em caso de pessoa jurídica, apresentar o Contrato Social atualizado ou a Ata da última Assembleia."
Informações sobre o auxílio medicamento,"## O que é:

O Auxílio Medicamento é um benefício concedido pelo PREVI-RIO a segurados que preenchem requisitos específicos. Ele visa oferecer suporte financeiro para a aquisição de medicamentos.

O benefício é pago mensalmente por um período de 12 meses a partir do mês do requerimento. Seu valor é atualizado conforme os mesmos índices aplicados ao reajuste dos vencimentos dos servidores públicos municipais.


## Para que serve:

Proporcionar assistência financeira para a compra de medicamentos a segurados do PREVI-RIO que possuem doenças específicas e se enquadram nos critérios de renda.

O auxílio garante que o segurado tenha acesso contínuo ao suporte necessário para seu tratamento de saúde.


## Quem pode solicitar:

Podem solicitar o Auxílio Medicamento os servidores e pensionistas do PREVI-RIO que atendam cumulativamente aos seguintes requisitos:

- Receber, no mês imediatamente anterior ao requerimento, vencimentos ou proventos de até 4 vezes o valor do salário mínimo nacional.
- Ser portador de uma das doenças relacionadas no site do [Previ-Rio](https://previrio.prefeitura.rio/mauxilio-medicamento-descricao/).

A renovação anual é necessária. Se o segurado continuar fazendo jus ao auxílio no ano seguinte, deverá enviar nova documentação para comprovar e solicitar a renovação. Após a concessão inicial, os requerimentos subsequentes devem ser renovados no mês anterior ao final do prazo de 12 meses."
ISS – Acréscimos Moratórios,
Fiscalização de poluição do ar,
Fiscalização de eventos com exposição de animais,
Licença de demolição de edificação,"## O que é:

Este serviço permite a emissão de licença ou a legalização de demolição de imóveis. A licença é para obras a serem realizadas, enquanto a legalização é concedida quando a demolição já foi concluída.

É importante notar que a licença ou legalização é sempre para a totalidade do imóvel. Não são emitidas licenças ou certidões para demolições parciais, que devem ser tratadas como modificação com decréscimo de área.


## Para que serve:

Regularizar urbanisticamente um imóvel através da demolição de edificações, garantindo que o processo esteja em conformidade com as normas municipais e que a aceitação da obra seja emitida após a conclusão.


## Quem pode solicitar:

Este serviço pode ser solicitado pelo proprietário do imóvel que deseja demolir uma edificação em sua totalidade."
Segunda via de cotas de pagamento em Dívida Ativa,"## **O que é:**

Este serviço permite a emissão da segunda via das cotas de pagamento referentes à Dívida Ativa do município.


## **Para que serve:**

Facilitar a regularização de débitos de imóveis inscritos na Dívida Ativa, permitindo que o contribuinte obtenha as guias necessárias para efetuar o pagamento.


## **Quem pode solicitar:**

Cidadãos que possuem débitos de imóveis inscritos na Dívida Ativa do município e necessitam da segunda via das cotas de pagamento para regularizar sua situação."
ISS – Visto Fiscal/Inclusão Predial – Ciência de Nota de Lançamento,
Fiscalização de marquises e estruturas,"## **O que é:**

Este serviço realiza a fiscalização de marquises que foram construídas sobre logradouros públicos e áreas de afastamento frontal. A Gerência de Vistoria Estrutural é responsável por verificar se existe um processo de fiscalização ativo para essas estruturas.


A fiscalização inclui a análise da Declaração de Segurança Estrutural das Marquises (DSEM), que deve ser elaborada e assinada por um engenheiro ou arquiteto habilitado, com registro no Conselho Regional de Engenharia e Agronomia (CREA) ou no Conselho de Arquitetura e Urbanismo (CAU).


## **Para que serve:**

Garantir a segurança estrutural das marquises e a conformidade com as normas urbanísticas do município. O serviço assegura que as estruturas sobre espaços públicos estejam seguras e devidamente regularizadas.

Em caso de irregularidade, como a ausência ou vencimento da DSEM, o imóvel é intimado a apresentar a declaração para regularizar a situação, conforme o Decreto Rio 27663 de 09 de março de 2007.


## **Quem pode solicitar:**

Qualquer cidadão que identifique marquises em logradouros públicos ou áreas de afastamento frontal que possam apresentar irregularidades ou risco. A solicitação pode ser feita para iniciar um processo de fiscalização e verificação da conformidade."
Instalação e manutenção de placas de identificação de rua,"## **O que é:**

Este serviço possibilita a solicitação de instalação de placas de identificação em ruas que ainda não possuam sinalização ou de manutenção e reposição de placas já existentes que estejam danificadas.


As **placas instaladas são do tipo esmaltada**, confeccionadas individualmente em material metálico e esmaltadas a quente. Elas são fixadas em paredes ou postes comuns, sendo este o único tipo de placa que as gerências de conservação instalam.


## **Para que serve:**

Garantir a identificação clara e visível das ruas, facilitando a localização e a navegação de moradores e visitantes, contribuindo para a organização urbana e a segurança viária.


## **Quem pode solicitar:**

Qualquer cidadão pode solicitar este serviço para ruas que necessitem de identificação ou para placas existentes que precisem de manutenção."
Informações sobre consulta e estorno de pagamento de benefícios / auxílios,
"Requerimento para acumulação de cargos, empregos e funções na Administração Direta e Indireta","## **O que é:**

Este serviço realiza a análise de acumulação de cargos, empregos ou funções públicas para servidores que exercem mais de um vínculo simultaneamente. O objetivo é verificar a compatibilidade de horários de trabalho, mesmo que um dos cargos não seja remunerado. A acumulação de cargos públicos é permitida apenas em situações específicas, como para profissionais da saúde ou educação, desde que não haja conflito de horários e não exista vedação legal.


## **Para que serve:**

Verificar a legalidade e a compatibilidade de horários de trabalho para servidores que possuem mais de um vínculo público. Isso assegura que o servidor possa desempenhar suas atividades em todas as posições sem conflitos.


## **Quem pode solicitar:**

Servidores públicos municipais que exercem, ou pretendem exercer, mais de um cargo, emprego ou função pública na administração direta e indireta do município."
Fiscalização de transporte complementar,
Instalação do Validador Jaé,
Requerimento para emissão do Perfil Profissiográfico Previdenciário – PPP,"## **O que é:**

O Perfil Profissiográfico Previdenciário (PPP) é um documento legal e obrigatório que o empregador deve fornecer aos seus trabalhadores. Ele detalha as condições do ambiente de trabalho, especialmente a exposição a agentes nocivos como ruído excessivo, produtos químicos tóxicos, poeiras, calor, entre outros. Este perfil é fundamental para registrar a história laboral do trabalhador.


## **Para que serve:**

O Perfil Profissiográfico Previdenciário (PPP) serve para comprovar a exposição do trabalhador a condições insalubres ou perigosas ao longo de sua carreira. É um documento essencial no processo de solicitação e concessão de benefícios previdenciários, principalmente a **aposentadoria especial**, garantindo os direitos do servidor.


## **Quem pode solicitar:**

Este serviço pode ser solicitado por **servidores públicos municipais** e **ex-servidores** que estiveram expostos a agentes nocivos em seu ambiente de trabalho. É necessário que o requerente seja ou tenha sido um servidor da prefeitura do Rio de Janeiro."
Fornecimento de informações sobre PAA e PAL,
Informações sobre o sistema de custo de obras,
Feiras Especiais de Artes - Feirartes,
Certidão de Histórico de Revisão de Numeração,
Consulta de validade de contracheques,
Insatisfação com o atendimento da Central 1746,
Licenciamento de reparo emergencial em vias públicas,"## **O que é:**

Este serviço consiste na emissão de uma licença para a execução de reparos emergenciais em vias públicas. Ele formaliza a comunicação e a documentação necessárias para intervenções urgentes que afetam a infraestrutura viária.

Os reparos de emergência devem ser comunicados imediatamente, de forma eletrônica, aos órgãos competentes como Gerência de Conservação Local, CET-RIO/CTRT, COR e SC/SE-COR-VIAS. A documentação inicial deve ser apresentada até o segundo dia útil após o início dos trabalhos, resultando na emissão de uma ""Habilitação Precária"".

Após a conclusão do reparo, a documentação comprobatória deve ser entregue na SC/SE-COR-VIAS, através do Peticionamento Intercorrente, num prazo máximo de 05 (cinco) dias úteis para análise e finalização do licenciamento.


## **Para que serve:**

Garantir a regularização e a fiscalização de intervenções emergenciais em vias públicas, assegurando que os reparos sejam realizados conforme as normas técnicas vigentes.

Permite a recomposição adequada da sinalização viária, ciclovias e outras estruturas que possam ser afetadas, mantendo a segurança e a fluidez do trânsito após a intervenção.


## **Quem pode solicitar:**

Empresas ou seus representantes legais que necessitam realizar reparos de emergência em vias públicas do município do Rio de Janeiro."
Patrimônio – Parcelamento de foros anuais em atraso,"## O que é:

Este serviço permite a abertura de um procedimento administrativo para o parcelamento dos foros anuais em atraso, oferecendo ao cidadão a oportunidade de regularizar sua situação com a prefeitura, conforme as normas estabelecidas.


## Para que serve:

Regularizar a situação de débitos referentes aos Foros Anuais em atraso, permitindo o parcelamento desses valores. Isso garante a conformidade do imóvel com as obrigações tributárias municipais.


## Quem pode solicitar:

Qualquer cidadão que seja proprietário de imóvel e possua débitos de Foros Anuais em atraso. O serviço pode ser solicitado diretamente pelo proprietário ou por um procurador legalmente constituído."
ISS – Paralisação temporária da atividade,"## O que é:

Este serviço é a comunicação ao Fisco que o contribuinte se encontra com as atividades paralisadas, a fim de impedir cobranças indevidas do ISS trismestal, no caso de profissionais autônomos, e de multas por falta de comunicação pelos demais órgãos municipais para todos os contribuintes inscritos no Cadastro de Contribuintes, durante o período sem atividades.


## Para que serve:

O objetivo principal é evitar a cobrança de impostos, como o ISS trimestral para autônomos, e multas por falta de comunicação a outros órgãos municipais. Ao informar a paralisação, o contribuinte mantém sua situação cadastral regular e evita penalidades durante o período de inatividade. A comunicação da paralisação temporária também desabilita o contribuinte para a emissão de Notas Fiscais de Serviço na Nota Carioca.


## Quem pode solicitar:

Este serviço é destinado a profissionais autônomos estabelecidos e pessoas jurídicas que necessitam suspender suas atividades por um prazo determinado. Qualquer contribuinte inscrito no Cadastro de Contribuintes do município que precise interromper suas operações temporariamente pode utilizar este serviço.


## Informações complementares:

O período máximo de paralisação é até o último dia do segundo exercício subsequente à data da comunicação da suspensão das atividades."
"ISS - Certidão de Visto Fiscal para fins de ""Habite-se"" ou aceitação da obra","## **O que é:**

Este serviço digital é destinado ao contribuinte que necessita solicitar a emissão da Certidão de Visto Fiscal para fins de “Habite-se” ou aceitação da obra junto ao órgão de Urbanismo. É realizado mediante a abertura de processo administrativo através do Peticionamento Eletrônico da plataforma [SEI.RIO](http://SEI.RIO).


## **Para que serve:**

Permite a regularização e obtenção de um documento fiscal essencial que atesta a correta verificação do Imposto Sobre Serviços (ISS) da construção e suas implicações fiscais. Este documento é obrigatório para a legalização do imóvel junto ao órgão de Urbanismo e para a correta atualização do cadastro do IPTU, se aplicável.


## **Quem pode solicitar:**

Qualquer contribuinte (Pessoa Física ou Jurídica) titular de direitos sobre o imóvel ou seu Representante Legal/Despachante que tenha concluído a obra e necessite da Certidão de Visto Fiscal para legalização do imóvel junto ao urbanismo."
Emissão de Declaração de Tempo de Contribuição,"## **O que é:**

Este serviço permite a emissão da Declaração de Tempo de Contribuição (antigo tempo de serviço). O documento é destinado a ex-servidores que exerceram cargo em comissão na Prefeitura do Rio de Janeiro.

Trata-se de um processo administrativo essencial para comprovar o período trabalhado. A declaração é utilizada para fins de aposentadoria junto a um Regime Próprio de Previdência Social (RPPS) ou ao Regime Geral de Previdência Social (INSS).


## **Para que serve:**

Comprovar oficialmente o período de trabalho do ex-servidor na Prefeitura do Rio de Janeiro. Esta declaração é fundamental para a contagem de tempo de contribuição para processos de aposentadoria junto a regimes de previdência social.


## **Quem pode solicitar:**

Ex-servidores que tenham exercido cargo em comissão na Prefeitura do Rio de Janeiro. O serviço é voltado para aqueles que precisam da comprovação do tempo de serviço para fins de aposentadoria."
Transação individualizada em Dívida Ativa,"## **O que é:**

Trata-se de mecanismo consensual de solução de litígios tributários, instituído pela Lei Municipal 5.966/2015 e regido pelos Decretos 50.032/2021 e 53.595/2023, por meio do qual o contribuinte apresenta proposta de quitação de débitos tributários inscritos em dívida ativa com aplicação dos descontos previstos no art. 22 do Decreto 50.032/2021. Para empresas em Recuperação Judicial, enquadrada no art. 1º, §2º, do Decreto 53.595/2023, o art. 4º do mesmo Decreto prevê condições mais facilitadas.

---


## **Para que serve:**

Este serviço serve para possibilitar a solução consensual de pendências tributárias, oferecendo ao contribuinte a oportunidade de regularizar sua situação fiscal.

Ele permite a quitação de débitos inscritos em dívida ativa com a aplicação de descontos, facilitando a regularização e o cumprimento das obrigações fiscais junto ao município.


## **Quem pode solicitar:**

Qualquer contribuinte que possua débitos tributários inscritos em dívida ativa no município do Rio de Janeiro pode solicitar este serviço."
Atendimento clínico para animais com Esporotricose,"**O que é:**  
Serviço que oferece atendimento clínico veterinário gratuito para diagnóstico e tratamento de Esporotricose em cães e gatos, incluindo a medicação Itraconazol. Também orienta sobre prevenção, controle da doença, cremação adequada de animais falecidos e castração para controle populacional.


**Para que serve:**  
Serve para tratar gratuitamente animais com Esporotricose, controlar a disseminação da doença e orientar tutores sobre cuidados, prevenção, cremação segura e castração para redução da transmissão.


**Quem pode solicitar:**  
Tutores de cães e gatos com suspeita ou diagnóstico da doença que residam no município do Rio de Janeiro. Também podem utilizar o serviço cidadãos que busquem orientações e veterinários que queiram notificar casos pelo site da Vigilância Sanitária."
Troca de endereço de correspondência / e-mail de inativo ou pensionista no Previ-rio,"## O que é:

Este serviço oferece informações e procedimentos para a troca de endereço de correspondência e/ou endereço de e-mail de servidores inativos (aposentados) e pensionistas registrados no Previ-Rio. Ele permite que esses beneficiários mantenham seus dados de contato atualizados junto ao instituto.


## Para que serve:

Manter os dados cadastrais, como endereço e e-mail, de servidores inativos e pensionistas corretos e atualizados no sistema do Previ-Rio. Isso é fundamental para garantir que todas as comunicações e correspondências importantes do instituto cheguem ao destinatário de forma eficiente e segura.


## Quem pode solicitar:

O serviço é destinado a servidores inativos (aposentados) e pensionistas do Previ-Rio. É importante notar que servidores ativos devem procurar o seu RH para realizar quaisquer alterações em seus dados cadastrais.

Para solicitar a alteração, é necessário apresentar um comprovante de residência (novo endereço) no nome do requerente, juntamente com cópias da identidade e CPF. Se o comprovante de residência não estiver no nome do requerente, será preciso justificar essa condição. Por exemplo, se o servidor ou pensionista mora com um filho, deve apresentar cópia do documento do filho. Se aluga um imóvel e o comprovante está no nome do proprietário, deve apresentar cópia do contrato de locação."
Limpeza de praias,
Fiscalização de banca de jornal,"## O que é:

Serviço de fiscalização de bancas de jornal e revista que estejam operando de forma irregular, incluindo situações como ocupação de área diferente da autorizada, instalação sem permissão ou a prática de atividades não permitidas.

As Gerências Regionais de Licenciamento e Fiscalização (GRLFs) são responsáveis por verificar essas situações, podendo notificar ou multar os responsáveis pelas irregularidades.   
A remoção do equipamento, se necessária, dependerá da conclusão do processo de fiscalização e de uma programação especial com outros órgãos da Prefeitura.


## Para que serve:

Garantir que as bancas de jornal operem dentro das normas estabelecidas, evitando irregularidades.


## Quem pode solicitar:

Qualquer cidadão que identifique irregularidades no funcionamento de bancas de jornal."
Vista de processo ou requerimento em Dívida Ativa,"## **O que é:**

Requerimento administrativo que visa a consulta de processos ou requerimentos administrativos do acervo da Procuradoria da Dívida Ativa


## **Para que serve:**

Serve para acessar e consultar processos ou requerimentos administrativos específicos que estão sob a guarda da Procuradoria da Dívida Ativa.


## **Quem pode solicitar:**

Pode ser solicitado por qualquer cidadão que necessite consultar um processo ou requerimento administrativo na Procuradoria da Dívida Ativa. Caso o solicitante não seja o titular do processo, é necessário apresentar uma procuração."
Licença Municipal Simplificada (LMS),"## O que é:

A Licença Municipal Simplificada (LMS) é uma autorização concedida em uma única fase para a instalação, ampliação ou operação de atividades industriais, de comércio e de serviços. Ela é destinada a empreendimentos de baixo impacto ambiental.

Este serviço permite que os impactos ambientais sejam controlados e mitigados por meio de medidas simples. A equipe técnica gera um processo digital na plataforma Processo.Rio para a análise e emissão da licença.


## Para que serve:

A LMS serve para regularizar e legalizar a instalação, ampliação ou operação de negócios e empreendimentos. Ela garante que as atividades estejam em conformidade com as normas ambientais do município.

O objetivo é assegurar que as empresas possam funcionar de forma adequada, minimizando impactos no meio ambiente.


## Quem pode solicitar:

Este serviço pode ser solicitado por empresas e empreendedores que desejam instalar, ampliar ou operar atividades industriais, de comércio e de serviços.

A solicitação é feita pelo representante legal da empresa ou por um procurador. Para requerimentos antigos, apresentados em processos físicos antes da implantação do Processo.Rio, os documentos devem ser entregues presencialmente."
Fiscalização de obras em Área de Especial Interesse Social ou Comunidade,
Programa de Atenção Domiciliar ao Idoso (PADI),"## **O que é:**

O Programa de Atenção Domiciliar ao Idoso (PADI) é um serviço de assistência domiciliar oferecido no município do Rio de Janeiro, destinado a pessoas de todas as idades que necessitam de cuidados contínuos em casa.


O programa atende, prioritariamente, pessoas idosas, mas não há restrição de faixa etária. É voltado para pacientes com doenças crônicas agudizadas, incapacidades funcionais provisórias ou permanentes, em cuidados paliativos, restritos ao leito ou ao domicílio, ou que tenham recebido alta após internações hospitalares prolongadas ou recorrentes.


O atendimento é realizado por equipe multiprofissional e o domicílio precisa ter acessibilidade para a equipe de saúde, além de infraestrutura mínima, como saneamento básico e ventilação adequada. Também é necessário que o usuário tenha um responsável que assine o Termo de Compromisso do programa.


O cuidado é realizado por uma equipe composta por médicos, enfermeiros, técnicos de enfermagem, fisioterapeutas, fonoaudiólogos, psicólogos, nutricionistas, assistentes sociais e terapeutas ocupacionais.


## **Para que serve:**

O PADI tem como objetivo garantir uma transição segura do hospital para o domicílio, promovendo:

- Aceleração da recuperação do paciente;
- Redução do tempo de internação hospitalar;
- Liberação de leitos hospitalares para outros pacientes;
- Promoção da independência funcional;
- Capacitação do paciente para o autocuidado e do cuidador no ambiente domiciliar.

O cuidado é realizado por uma equipe composta por médicos, enfermeiros, técnicos de enfermagem, fisioterapeutas, fonoaudiólogos, psicólogos, nutricionistas, assistentes sociais e terapeutas ocupacionais.


## **Quem pode solicitar:**

Cidadãos de todas as faixas etárias (criança, adolescente, adulto e idoso), prioritariamente idosos, restritos ao leito ou ao domicílio, que necessitem de cuidados intensificados e sequenciais, que possam ser realizados no domicílio por equipe multiprofissional.


## Informações complementares:

Endereços e contatos de hospitais onde as equipes estão instaladas: 


**PADI Albert Schweitzer**

Endereço: Rua Nilópolis, 239, Realengo

Tel.: (21) 2042-2096 (Whatsapp)


**PADI Cardoso Fontes**

Endereço: Avenida Menezes Cortes, 3245, Jacarepaguá

Tel.: (21) 98983-8982


**PADI Francisco da Silva Telles **

Endereço: Avenida Ubirajara, 25, Irajá 

Tel.: (21) 96518-1907


**PADI Lourenço Jorge **

Endereço: Avenida Ayrton Senna, 2000, Barra da Tijuca

Tel.: (21) 3111-4900 / (21) 3111-4923


**PADI Miguel Couto**

Endereço: Rua Mario Ribeiro, 117, Gávea

Tel.: (21) 97337-7378 (Whatsapp)


**PADI Paulino Werneck**

Endereço: Estrada da Cacuia, 745, Cocotá 

Tel.: 3512-9805


**PADI Pedro II**

Endereço: Rua do Prado, 325, Santa Cruz

Tel.: (21) 2419-4782


**PADI Rocha Faria**

Endereço: Avenida Cesário de Melo, 3215, Campo Grande

Tel.: (21) 2233-6791 / (21) 2233-6789


**PADI Salgado Filho**

Endereço: Rua Arquias Cordeiro, 370, Méier

Tel.: (21) 3111-4100


**PADI Souza Aguiar**

Endereço: Praça da República, 111, Centro

Tel.: (21) 3111-2600"
Informações sobre o auxílio adoção,"## O que é

Este é um auxílio financeiro concedido pelo Previ-Rio a segurados que adotam crianças. O benefício é pago por cada criança adotada, desde que ela tenha entre zero e doze anos incompletos na data da publicação da sentença de adoção.

O auxílio é concedido em parcela única e o processo de adoção deve ser constituído judicialmente, conforme o Estatuto da Criança e do Adolescente.


## Para que serve

Garantir **apoio financeiro** aos servidores e pensionistas do Previ-Rio que adotam crianças. O valor do auxílio varia conforme a condição da criança, sendo:

- 8 vezes o menor vencimento vigente no Município por criança.
- 16 vezes o menor vencimento vigente no Município por criança portadora de deficiência, do vírus HIV (SIDA/AIDS) ou de outras doenças de natureza grave ou maligna que requeiram cuidados pessoais e médicos permanentes.


## Quem pode solicitar

Servidores ativos e inativos do Previ-Rio, bem como pensionistas, que adotarem crianças. O auxílio é concedido a um único beneficiário, mesmo que ambos os adotantes sejam segurados.

A criança adotada deve ter entre zero e doze anos incompletos na data da sentença de adoção. Para casos de crianças com deficiência, HIV ou doenças graves, a condição deve ser comprovada por laudo emitido pelo órgão de Perícias Médicas do Município."
Atendimento em maternidades,"## O que é:

Este serviço oferece atendimento completo a gestantes em todas as fases do ciclo gravídico puerperal. Inclui consultas ambulatoriais, atendimentos de urgência e internações nas maternidades da rede municipal de saúde do Rio de Janeiro. A rede municipal possui 13 maternidades e uma casa de parto próprias, totalizando mais de 660 leitos obstétricos e 297 leitos no Complexo Neonatal, com funcionamento 24 horas.


O atendimento no ambulatório das maternidades é destinado ao pré-natal de alto risco, para um acompanhamento especializado das gestantes com fatores que aumentam as chances de complicações para a mãe e/ou bebê, que é oferecido através de agendamento via SISREG.


Para o atendimento de urgência, seja por encaminhamento de outros serviços, por meio do Programa Cegonha Carioca ou ao chegar ao setor de Emergência da Maternidade, as usuárias passam por um sistema de acolhimento e classificação de risco obstétrico. Essa avaliação definirá a prioridade de atendimento de acordo com a gravidade de cada caso.


## Para que serve:

Garantir assistência médica especializada e contínua para gestantes, desde o acompanhamento pré-natal até o parto e pós-parto. O serviço assegura o acesso a cuidados de urgência e internação, promovendo a saúde da mãe e do bebê.


## Quem pode solicitar:

Gestantes que necessitam de atendimento ambulatorial, de urgência ou internação durante o ciclo gravídico puerperal."
Informações sobre poda de árvores em áreas privadas,
Licenciamento para execução de obra e/ou reparo programados em vias públicas,"## **O que é:**

Este serviço permite a emissão da Licença para Execução de Obra e/ou Reparo Programados em Vias Públicas.

A licença é essencial para qualquer intervenção planejada em vias públicas, assegurando que as obras e reparos estejam em conformidade com as regulamentações municipais. O pedido passa por análise de órgãos de tutela e deliberação da Comissão Coordenadora de Obras e Reparos em Vias Públicas (SC/COR-VIAS).


## **Para que serve:**

O serviço serve para autorizar e regularizar a execução de obras e reparos em vias públicas, garantindo que todas as intervenções sejam realizadas dentro das normas técnicas e de segurança. Ele permite que empresas e profissionais obtenham a permissão necessária para iniciar suas atividades.

Com a licença, é possível assegurar a organização e a segurança do trânsito e da infraestrutura urbana durante a realização de projetos. Também possibilita o acompanhamento e a fiscalização das obras pelos órgãos competentes.


## **Quem pode solicitar:**

Este serviço pode ser solicitado por empresas e profissionais responsáveis pela execução de obras e reparos em vias públicas. Inclui aqueles que precisam realizar intervenções como instalação de infraestruturas, manutenção ou qualquer tipo de construção que afete o espaço público.

É necessário que o solicitante tenha a documentação técnica e legal exigida para o projeto, como procuração, cronograma de obra, projeto arquitetônico e ART/RRT do profissional responsável."
Autorização para publicidade vinculada a eventos,"## O que é:

Este serviço consiste na **autorização para exibir publicidade** que esteja diretamente ligada a eventos temporários. Isso inclui eventos licenciados pelo programa Rio Mais Fácil Eventos e também os tradicionais Blocos de Carnaval.

A Coordenadoria de Licenciamento (RIOCENTRO/PRE/DEV/CLI), após análise da RIOTUR, é responsável por avaliar e decidir sobre os pedidos de autorização. A concessão dessa autorização é um ato discricionário da Administração Pública.


## Para que serve:

O serviço permite a **exibição legal de anúncios publicitários** em logradouros públicos ou locais expostos ao público, desde que estejam vinculados a eventos específicos.

Seu objetivo é garantir que a publicidade em eventos esteja em conformidade com as normas municipais, contribuindo para a **preservação e valorização do patrimônio paisagístico e cultural** da cidade do Rio de Janeiro.


## Quem pode solicitar:

Este serviço pode ser solicitado por **autônomos e empresas** que estejam organizando ou produzindo eventos no município do Rio de Janeiro.

É destinado a quem precisa de autorização para veicular publicidade durante a realização de eventos transitórios, como os licenciados pelo Rio Mais Fácil Eventos ou Blocos de Carnaval."
Mensagens de alerta da Defesa Civil,"## **O que é:**

Este é um canal gratuito da Defesa Civil para a divulgação de alertas com orientações de prevenção contra acidentes e desastres naturais. O serviço envia avisos sobre alagamentos, deslizamentos e outras ocorrências diretamente para o celular do usuário cadastrado.

As mensagens incluem previsões de mudança do tempo no Rio de Janeiro nas próximas 24 horas, com informações sobre chuva, ventos e possibilidades de descargas elétricas. O serviço também está integrado ao Sistema de Alerta e Alarme Comunitário, que utiliza uma rede de pluviômetros para monitorar chuvas e acionar sirenes em comunidades, visando a redução de riscos de desastres.

Os alertas são enviados via SMS (mensagem de texto), WhatsApp, Telegram e TV por assinatura, além dos alertas via Cell Broadcast que não dependem de cadastro prévio**.**


## **Para que serve:**

Este serviço serve para informar e alertar os cidadãos sobre riscos de desastres, como alagamentos e deslizamentos, informando o cidadão quando há indicação de tempo instável. Ele contribui para a prevenção de acidentes e para a redução de riscos relacionados às chuvas fortes e prolongadas, orientando a população sobre situações de perigo.


## **Quem pode solicitar:**

Qualquer cidadão que resida ou tenha interesse em receber alertas sobre áreas específicas do Rio de Janeiro pode solicitar o cadastro. É necessário ter um aparelho celular para receber os avisos via SMS."
Informações sobre o treinamento para taxistas,
Licença para construção de muro ou gradis,
Captura para análise de morcegos caídos ou que atacaram pessoas e/ou animais,"## **O que é:**

Este serviço realiza a **análise de morcegos suspeitos**, sejam eles encontrados caídos ou que tiveram contato com pessoas ou animais domésticos. O objetivo principal é identificar a presença do vírus da **Raiva** nesses animais, especialmente em situações que representam risco para a saúde pública.

O órgão responsável recolhe o morcego, vivo ou morto, para que essa análise laboratorial seja feita. É crucial **não tocar no animal** e mantê-lo isolado, se possível coberto com uma caixa ou balde, para sua preservação até a remoção pelos técnicos. Este é considerado um atendimento de emergência.


## **Para que serve:**

O serviço serve para **identificar a presença do vírus da Raiva** em morcegos que foram encontrados caídos no chão ou que tiveram contato direto com pessoas e/ou animais domésticos, como mordidas ou arranhões.

A análise laboratorial é essencial para prevenir a transmissão da raiva e garantir a segurança da população. Em situações de contato direto, o serviço pode realizar o recolhimento do animal para investigação. A pessoa envolvida deve procurar atendimento médico em uma unidade de saúde, enquanto o animal deve ser vacinado e mantido em observação conforme o protocolo estabelecido na Nota Técnica nº 19/2012 do Ministério da Saúde.


## **Quem pode solicitar:**

Qualquer **cidadão** pode solicitar este serviço ao encontrar um morcego caído ou em situações de contato com pessoas ou animais."
Declaração eletrônica de Nada Consta do servidor,"## O que é:

A Declaração eletrônica de Nada Consta do servidor é um documento oficial. Ela atesta que o solicitante não possui pendências administrativas disciplinares registradas junto à Controladoria Geral do Município do Rio de Janeiro.


## Para que serve:

Este documento é essencial para diversos procedimentos funcionais e pessoais. Ele é exigido em casos como posse em cargo público, exoneração, reassunção de funções e licenças sem vencimento. Também é necessário para aquisição de imóveis, permutas, processos de aposentadoria e em contextos eleitorais.


## Quem pode solicitar:

O serviço é destinado a **servidores** do município do Rio de Janeiro. Qualquer servidor que precise comprovar a inexistência de pendências administrativas disciplinares pode solicitar este documento."
Reparo em gradis e guarda-corpo de viadutos e pontes,"## **O que é:**

Este serviço trata do reparo, manutenção e recolocação de estruturas de segurança como guarda-corpos, gradis e muretas em viadutos e pontes da cidade. Ele é essencial para a conservação da infraestrutura viária.


## **Para que serve:**

Garantir a segurança e a integridade das estruturas de viadutos e pontes. O objetivo é prevenir acidentes e manter a infraestrutura urbana em boas condições de uso para todos os cidadãos.


## **Quem pode solicitar:**

Qualquer cidadão que identifique a necessidade de reparo ou manutenção em guarda-corpos, gradis ou muretas de viadutos e pontes no município do Rio de Janeiro."
Requerimento para implantação ou reposição de equipamento de fiscalização eletrônica (CET-Rio),
Retirada de caçamba particular cheia,
Inclusão de veículos em Modais de Transporte,
"Licença para construção ou modificação de edificação/ LICIN, prorrogação de licença",
Requerimento para implantação de quebra-molas,
ITBI – Impugnação de lançamento e recurso de decisão,
Relação de licenças ambientais emitidas,
Solicitação de implantação ou remanejamento de ponto de ônibus,
Informações sobre o Censo Cadastral Previdenciário,
Requerimento para instalação de sinal de trânsito,
Restituição de indébito em Dívida Ativa,"## **O que é:**

Requerimento que visa a restituição de eventual valor pago a maior, pagamentos realizados indevidamente, ou seja, o contribuinte ou responsável pagou valores indevidos e tem direito a pedir sua devolução.

Valores indevidos reconhecidos judicialmente devem ser restituídos por meio de precatórios, no processo judicial.


## **Para que serve:**

Garantir que o contribuinte ou responsável receba de volta os valores que foram pagos de forma indevida ou em excesso, assegurando a correção de pagamentos e a conformidade com decisões legais.


## **Quem pode solicitar:**

Pode ser solicitado pelo contribuinte ou responsável que tenha efetuado pagamentos indevidos ou a maior. Pessoas jurídicas devem apresentar seus atos constitutivos, e a solicitação pode ser feita por um procurador com a devida procuração."
ISS – Cálculo do valor atualizado de débito não inscrito em Dívida Ativa,
Alvará - Recurso de Consulta Prévia,"## **O que é:**

Apresentação de recurso ao indeferimento de uma Consulta Prévia de Local.


## **Para que serve:**

Caso a Consulta Prévia de Local seja indeferida, um recurso poderá ser apresentado pelo cidadão, inserindo o número da consulta prévia e expondo argumentação para instância superior.


## **Quem pode solicitar:**

Qualquer pessoa física ou jurídica pode solicitar este serviço."
Requerimento para implantação de área para carga e descarga comum ou temporária para obras,
ISS - Solicitação de envio de débito de ISS para Dívida Ativa,
Consulta de requerimentos na Vigilância Sanitária,
Informações sobre o Sistema de Notificação Eletrônica (SNE),
Fiscalização de desmatamento,
Realização de exames de imagem em animais,"**O que é:**  
Serviço que disponibiliza exames de imagem veterinários, como radiografias (Raio X) e ultrassonografia, para avaliação clínica dos animais.


**Para que serve:**  
Tem como finalidade auxiliar no diagnóstico e no acompanhamento da saúde dos animais, permitindo a detecção de doenças, lesões ou outras condições que demandem tratamento veterinário adequado.


**Quem pode solicitar:**  
Destinado aos tutores de animais que necessitem de avaliação por imagem mediante indicação veterinária."
"ISS - Informações sobre reconhecimento de imunidade, não incidência, isenção e redução de ISS",
Notificação de casos de intolerância étnico-racial,
Multa de Trânsito - Solicitação de cópia de Aviso de Recebimento,
Solicitação de reforma de jardins de praças ou de canteiros centrais,
Credenciamento de profissionais e empresas na Fundação Parques e Jardins,
Informações sobre as Embaixadas Cariocas,"## O que é:

O Projeto Embaixadas Cariocas é uma iniciativa da Secretaria Especial de Integração Metropolitana (SEIM) que conecta cidadãos a políticas públicas. Ele funciona como um laboratório de políticas públicas, focado em **Empreendedorismo, Educação e Qualidade de Vida**.


No eixo do **Empreendedorismo**, são oferecidos cursos de capacitação voltados para lideranças comunitárias e organizações do Terceiro Setor, com foco na formação cidadã, na autonomia e na gestão sustentável de iniciativas locais.


Na área da **Educação**, o projeto promove ações como reforço escolar, palestras, fóruns e debates sobre políticas públicas, estimulando o pensamento crítico e o engajamento social, especialmente entre crianças, adolescentes e jovens.


Já o eixo de **Qualidade de Vida** busca estimular a construção de hábitos saudáveis e o bem-estar da população fluminense e carioca, por meio de oficinas esportivas, atividades culturais e atendimentos multidisciplinares. Essas ações são utilizadas como ferramentas estratégicas para a transformação de comportamentos, o fortalecimento da autoestima e a promoção de escolhas conscientes.


Entre as principais características do projeto, destacam-se: a ressignificação de espaços comunitários; a democratização do acesso a ações de saúde, educação e empreendedorismo; e a valorização da mão de obra local, promovendo a inclusão produtiva, o acesso ao conhecimento e o fortalecimento do senso de pertencimento. Além disso, o projeto incentiva o intercâmbio entre os beneficiários, criando redes de apoio, colaboração e solidariedade dentro das comunidades.


Com seis unidades gratuitas nas Zonas Norte e Oeste do Rio, o projeto oferece capacitação profissional, esportes, cultura, reforço escolar e atendimentos multidisciplinares. Estes incluem suporte de psicólogos, pedagogos, orientação jurídica e assistência social, totalizando mais de 10 cursos e modalidades.


Por meio dessas práticas, o Projeto Embaixadas Cariocas busca despertar o protagonismo individual e coletivo, fortalecer os vínculos comunitários e estimular trajetórias de superação baseadas na disciplina, no mérito e no reconhecimento das potencialidades de cada cidadão. Ao criar ambientes férteis para o desenvolvimento humano integral, o projeto atua como catalisador de mudanças positivas, inspirando cada participante a se tornar um agente transformador de sua própria realidade e da sociedade ao seu redor.


## Resultados Esperados:

• Desenvolvimento cultural, social, humano, urbano e econômico nos territórios selecionados;  
• Democratização do acesso aos serviços da Prefeitura do Rio de Janeiro;  
• Formulação de soluções para problemas locais através dos debates realizados;  
• Capacitação de agentes de integração e entidades do terceiro setor para aprimorar seus produtos/serviços inclusivos e participação social;  
• Formação de lideranças comunitárias e mobilizadores sociais.


## Para que serve:

O projeto serve para promover o **desenvolvimento cultural, social, humano, urbano e econômico** nos territórios atendidos. Ele democratiza o acesso a serviços essenciais da Prefeitura do Rio de Janeiro. Além disso, o projeto capacita cidadãos e organizações do Terceiro Setor, aprimorando a participação social e a gestão sustentável de iniciativas locais. Ele também fomenta a formação de lideranças comunitárias e mobilizadores sociais.


O objetivo é estimular o pensamento crítico, o engajamento social e a construção de hábitos saudáveis. Para isso, utiliza atividades como reforço escolar, oficinas esportivas, palestras e atendimentos multidisciplinares para a transformação de comportamentos e o fortalecimento da autoestima.


## Quem pode solicitar:

O Projeto Embaixadas Cariocas é destinado a **cidadãos** que residem nas Zonas Norte e Oeste do Rio de Janeiro, especialmente em territórios de alta vulnerabilidade. Inclui **crianças, adolescentes e jovens** que buscam reforço escolar e engajamento social. Também abrange **lideranças comunitárias e organizações do Terceiro Setor** interessadas em capacitação e desenvolvimento. O serviço é aberto a qualquer pessoa da população fluminense e carioca que deseje participar de atividades gratuitas de empreendedorismo, educação, esporte, cultura e atendimentos multidisciplinares."
Informações sobre portabilidade bancária (troca de Banco) para aposentados e pensionistas,
"Ingresso ou baixa em cooperativa, associação ou prestadora de serviço de táxi",
Vistoria pós-incêndio,
Reparo de luminária fora de posição,
Vistoria em ônibus,
Baixa de veículos dos modais de transporte,
Registro de engenheiros e empresas do ramo de aparelhos de transporte,"## **O que é:**

Este serviço consiste no registro anual de profissionais e empresas que atuam na instalação e conservação de aparelhos de transporte. O registro abrange diferentes áreas de atuação, como Fabricante, Instaladora, Conservadora e Mantenedora, garantindo a conformidade e qualificação desses agentes no município.


## **Para que serve:**

O serviço serve para **regularizar e habilitar** profissionais e empresas que trabalham com instalação e conservação de aparelhos de transporte. Ele garante que essas entidades atendam aos requisitos técnicos e legais, promovendo a segurança e a conformidade das operações no município.


## **Quem pode solicitar:**

Podem solicitar o registro **profissionais e empresas** que atuam na instalação e conservação de aparelhos de transporte. É fundamental que possuam habilitação junto ao CREA na área de Obras e Serviços de Engenharia Mecânica. Para empresas Conservadoras de Aparelhos de Transporte, o registro também exige o pagamento de Caução, conforme previsto na Lei nº 2.743/99."
Emissão de Cópia Autêntica (Defesa Civil),
Remoção de animais mortos em via pública,
Informações sobre o Arquivo Geral da Cidade,"## **O que é:**

Este serviço oferece acesso a informações sobre a vasta documentação histórica que está disponível no Arquivo Geral da Cidade do Rio de Janeiro. Inclui diversos tipos de registros, como autorizações para obras, edições antigas do Diário Oficial, fotografias e outros documentos históricos.

Entre os materiais que podem ser consultados estão plantas de prédios e uma variedade de outros registros que compõem a memória da cidade.


## **Para que serve:**

Permitir que cidadãos e pesquisadores consultem e obtenham informações sobre a documentação histórica da cidade. Isso inclui registros importantes para pesquisa, estudos ou para o conhecimento geral sobre o desenvolvimento urbano e social do Rio de Janeiro. O objetivo é facilitar a pesquisa e o conhecimento sobre o passado do município.


## **Quem pode solicitar:**

Qualquer cidadão interessado em acessar ou pesquisar a documentação histórica disponível no Arquivo Geral da Cidade."
Consulta a andamento de processos físicos de licenciamento ambiental,
Legalização de obra e/ou reparo em vias públicas,"## **O que é:**

Este serviço permite a emissão de uma licença para legalizar obras e reparos que já foram executados em vias públicas sem a devida permissão prévia. Ele é essencial para regularizar a situação de intervenções realizadas, garantindo que estejam em conformidade com as normas municipais.  
A solicitação exige uma justificativa técnica detalhada, explicando os motivos pelos quais a obra ou reparo foi realizado sem a licença inicial.


## **Para que serve:**

O serviço serve para regularizar formalmente obras e reparos já concluídos em vias públicas que não possuíam a licença necessária. Isso assegura a conformidade legal da intervenção e evita penalidades.  
Ele permite que empresas e profissionais apresentem a documentação técnica e justificativas para obter a aprovação retroativa da obra ou reparo, validando a intervenção perante o município.


## **Quem pode solicitar:**

Empresas ou profissionais responsáveis por obras e reparos em vias públicas que necessitam regularizar intervenções já executadas sem a licença prévia.  
É necessário que o solicitante apresente a documentação técnica e legal exigida, incluindo procuração e termos de responsabilidade, para dar andamento ao processo de legalização."
Reparo de poste ou tampão da Rioluz dando choque,
Manutenção de equipamentos das Academias da Terceira Idade (ATI),
Fiscalização sanitária em serviços de embelezamento e atividades físicas,
Habilitação prévia de beneficiário para recebimento do Pecúlio,"## O que é:

Este serviço oferece as informações necessárias para que o servidor possa **incluir, alterar ou consultar** os beneficiários do seu Pecúlio.

O Pecúlio é um benefício pago aos dependentes ou herdeiros do servidor em caso de falecimento. O segurado tem a autonomia para habilitar um ou mais beneficiários, definindo o percentual que cada um receberá. As inclusões e alterações de beneficiários podem ser feitas a qualquer momento, e as novas habilitações anulam as anteriores.


## Para que serve:

Garantir que o servidor possa **designar e gerenciar** quem receberá o Pecúlio, assegurando que o benefício seja pago às pessoas indicadas em caso de seu falecimento. Permite a atualização constante dos beneficiários para refletir a vontade do segurado.


## Quem pode solicitar:

Podem ser habilitados como beneficiários os herdeiros naturais, como cônjuge/companheiro, pais, filhos, menores sob guarda, irmãos inválidos, irmãos ou dependentes economicamente do servidor (com comprovação). Ex-cônjuge ou ex-companheiro também podem ser incluídos, desde que sejam cotistas de pensão alimentícia judicial."
Inclusão de pessoas com deficiência no mercado de trabalho,"#### **O que é:**

Serviço de atendimento especializado voltado à promoção da empregabilidade de pessoas com deficiência no município do Rio de Janeiro.

Oferece orientação sobre documentação, elaboração de currículo e comportamento no ambiente de trabalho, além de cursos livres de capacitação e qualificação profissional. Também realiza a intermediação de mão de obra, aproximando candidatos de empresas parceiras.

Inclui ainda a formação de parcerias com empresas, com levantamento de perfil e vagas disponíveis, e ações de sensibilização sobre inclusão de pessoas com deficiência, conforme a Lei nº 8.213/91.


#### **Para que serve:**

O serviço prepara candidatos para processos seletivos e entrevistas, ao mesmo tempo em que apoia empresas na criação de ambientes de trabalho mais inclusivos.

São oferecidas orientações individuais, atividades de capacitação e ações de sensibilização com empresas e equipes, contribuindo para processos seletivos mais acessíveis e para a eliminação de barreiras atitudinais.


#### **Público-alvo:**

Pessoas com deficiência interessadas em qualificação, capacitação profissional ou inserção no mercado de trabalho.

Empresas e instituições que desejam qualificar, capacitar e incluir pessoas com deficiência em seus quadros de funcionários, em conformidade com a legislação de cotas."
Minhas Bancas de jornais e revistas,"## O que é:

Este serviço permite o cadastro das Inscrições Municipais de Bancas de Jornais e Revistas para acesso facilitado a informações e serviços relacionados a essas bancas.


## Para que serve:

Gerenciar as Inscrições Municipais de Bancas de Jornais e Revistas e acessar serviços como impressão de Taxas de Uso de Área Pública (TUAPs), Documentos de Arrecadação de Receita Municipal (DARMs) em aberto, dentre outros.


## Quem pode solicitar:

**Proprietários ou responsáveis por Bancas de Jornais e Revistas** que possuam Inscrições Municipais e desejam gerenciar suas informações e acessar serviços relacionados."
Solicitação de desinterdição à Defesa Civil,
Autorização de Remoção de Vegetação (ARV),
Verificação de ocorrências na conexão BRT,"## O que é:

Serviço permite registrar problemas identificados durante o uso dos serviços do Conexão BRT.

Podem ser comunicadas situações como falhas mecânicas ou técnicas nos veículos, atrasos nas linhas, excesso de passageiros e outras irregularidades no sistema.

O registro é feito de forma sigilosa e imparcial.


**O cidadão pode informar a ocorrência relatando:**

Descrição da irregularidade;

Data e horário do fato;

Linha do BRT envolvida;

Número de ordem do veículo (se disponível).

As informações registradas contribuem para a fiscalização e para a melhoria contínua do serviço.


**Público alvo:**

Qualquer pessoa que utilize o sistema BRT no Município do Rio de Janeiro e queira comunicar irregularidades observadas durante a viagem."
Informações sobre bolsa de estudo,"## O que é:

O benefício Bolsa de Estudo, anteriormente concedido a pensionistas do PREVI-RIO, não está mais disponível para novas solicitações. Esta medida foi determinada pela Portaria PREVI-RIO nº 969 de 12.01.2018.

Para os pensionistas que já eram beneficiários antes da portaria, o auxílio continua sendo concedido sob condições específicas. Eles recebem dois salários mínimos mensalmente, depositados em conta corrente, para auxiliar nos custos universitários.


## Para que serve:

Permitir que pensionistas já inscritos continuem a receber apoio financeiro para seus estudos universitários. O benefício visa garantir a conclusão da primeira graduação ou o recebimento da pensão até a idade máxima de 24 anos, o que ocorrer primeiro.


## Quem pode solicitar:

Novas solicitações para a Bolsa de Estudo **não são mais aceitas**. O benefício é destinado exclusivamente a pensionistas que já estavam inscritos antes de 15.01.2018 e que atendem aos seguintes critérios:

- Ter completado 18 anos e ser estudante universitário.
- Não ter atingido a idade máxima de 24 anos completos.
- Não ter obtido a primeira graduação.

Para manter o benefício, é obrigatória a renovação semestral, que deve ser realizada nos meses de março e agosto de cada ano."
Distribuição de insumos para tratamento de diabetes com insulina,
Informações sobre a instalação de quebra-molas (após avaliação favorável da CET-RIO),
Fiscalização de danos ao patrimônio público,"## O que é:

Este serviço consiste na fiscalização e verificação de atos de vandalismo que causam danos ao patrimônio público municipal. Inclui a constatação de quebras de janelas, portas, bancos em praças e outros bens pertencentes à cidade.


## Para que serve:

O serviço serve para identificar e registrar ocorrências de vandalismo contra bens públicos, permitindo a atuação da Guarda Municipal. Em casos de flagrante delito, a GM-RIO realiza a detenção do infrator e o encaminha à delegacia policial, contribuindo para a preservação do patrimônio da cidade.


## Quem pode solicitar:

Qualquer cidadão que presencie ou tenha conhecimento de atos de vandalismo contra o patrimônio público municipal pode solicitar este serviço."
Alegação de pagamento em Dívida Ativa,"## **O que é:**

Apresentação do comprovante de pagamento no requerimento ou no processo administrativo para fins de verificação do crédito e avaliação da procedência ou improcedência da cobrança, quando o pagamento não tiver sido detectado.


O Setor competente para a análise do requerimento verificar se a cobrança é procedente ou não a partir da análise do documento relativo ao pagamento efetuado.


Caso a cobrança seja procedente, o requerente é notificado sobre o prosseguimento da cobrança. Sendo improcedente, a cobrança sofre alterações em seu valor ou pode ser cancelada no Sistema de Dívida Ativa Municipal.  


A análise é feita durante a tramitação do processo administrativo ou do requerimento no qual foi(foram) juntado(s) o(s) comprovante(s) de pagamento.


Nos casos de comprovação de pagamentos efetuados através de documentos emitidos pela Secretaria Municipal de Fazenda e Planejamento ou pela Procuradoria Geral do Município do Rio de Janeiro relativos a IPTU, ISS, ITBI e multas administrativas, a verificação será feita diretamente nos Sistemas informatizados próprios da Prefeitura.


Nas comprovações de pagamentos de multas administrativas aplicadas pelos outros órgãos municipais, o documento deverá ser também analisado pelo respectivo órgão lançador para fins de pronunciamento ou esclarecimentos quanto à procedência ou não da cobrança da multa, bem como para verificação da entrada em receita.


## **Para que serve:**

Regularizar a situação de débitos que aparecem como Dívida Ativa, mas que já foram quitados. O serviço visa a verificação do crédito e a avaliação da validade da cobrança, podendo resultar na alteração do valor ou no cancelamento do débito no Sistema de Dívida Ativa Municipal.


## **Quem pode solicitar:**

Qualquer cidadão que tenha efetuado o pagamento de um débito e este ainda conste como Dívida Ativa. Também pode ser solicitado por quem deseja contestar uma cobrança já inscrita. Caso o solicitante não seja o titular do débito, é preciso apresentar uma procuração."
TAXI.RIO Cidades - Informações sobre utilização do aplicativo,
Fiscalização de drenagem irregular,"## **O que é:**

Este serviço consiste na fiscalização de irregularidades relacionadas à drenagem. Isso inclui a verificação de construções em rios, obras de canalização ou desvio de cursos de rios que não possuem o devido licenciamento.


## **Para que serve:**

Garantir a regularidade das intervenções em sistemas de drenagem, com objetivo de prevenir e coibir construções e desvios de rios que não estejam de acordo com as normas e sem a licença ambiental necessária.


## **Quem pode solicitar:**

Qualquer cidadão pode solicitar a fiscalização ao identificar uma irregularidade."
Recurso para auto de infração de atividade econômica,"## **O que é:**

Este serviço permite a apresentação do primeiro recurso ou defesa contra um auto de infração. Este auto é emitido por órgãos da Coordenadoria de Licenciamento e Fiscalização, como a Subgerência de Publicidade ou as Gerências Regionais. A infração deve estar relacionada ao exercício de atividades econômicas.


## **Para que serve:**

Serve para que o cidadão ou empresa possa **contestar formalmente** um auto de infração. Permite apresentar os motivos e justificativas para questionar a penalidade aplicada, buscando a revisão ou anulação da infração.


## **Quem pode solicitar:**

Pode ser solicitado por qualquer **cidadão ou empresa** que tenha recebido um auto de infração. A infração deve ter sido emitida por órgãos da Coordenadoria de Licenciamento e Fiscalização e estar relacionada ao exercício de atividades econômicas."
Reparo de tampão de sinal de trânsito quebrado ou ausente e de cabos expostos de sinal de transito,
Enquadramento de nível por curso de formação para professores,
Criação de Conta Mobilidade Rio – Bilhetagem Digital Jaé,
Fiscalização de poluição do solo,
Informações sobre senha para os benefícios,"## O que é

Este serviço oferece informações essenciais** **sobre a criação de senhas de acesso para o site do Previ-Rio. Essa senha é fundamental para que servidores possam realizar suas inscrições e acessar os diversos benefícios disponibilizados pelo instituto.

A senha de identificação (Login) para o Previ-Rio é exclusiva para o ""Painel digital"" do site e difere daquela usada para visualizar o contracheque no Carioca Digital. Contudo, o servidor tem a flexibilidade de optar por usar a mesma senha para ambos os sistemas, caso seja de sua preferência, no momento do cadastro.


## Para que serve

Permitir que servidores ativos, aposentados e pensionistas obtenham as orientações necessárias para criar sua identificação e senha de acesso (Login) no site do Previ-Rio. Com essa senha, eles podem se inscrever e acessar os benefícios oferecidos pelo instituto.


## Quem pode solicitar

Servidores ativos, aposentados e pensionistas do município do Rio de Janeiro que precisam de informações para criar ou gerenciar sua senha de acesso aos benefícios e serviços do Previ-Rio."
Alteração de autorização de comércio ambulante,"## **O que é?**

Este serviço permite que comerciantes ambulantes solicitem alterações nas características de suas autorizações de comércio. É um processo para ajustar os detalhes da permissão já concedida pela prefeitura.


## **Para que serve?**

Permitir que o comerciante ambulante **mantenha sua autorização atualizada** conforme novas necessidades ou mudanças em suas atividades. Garante a **regularização** das informações do comércio ambulante junto ao órgão municipal competente.


## **Quem pode solicitar?**

Comerciantes ambulantes que já possuem uma autorização válida e precisam alterar alguma de suas características, como tipo de produto, local de atuação ou outros detalhes da permissão."
Solicitação de alteração ou implantação de ponto de táxi,
Fiscalização de poluição da água,
Licenciamento de aparelhos de transporte,"## O que é:

Este serviço consiste no licenciamento de instalações de **aparelhos de transporte** no município do Rio de Janeiro. Abrange diversos tipos de equipamentos, como elevadores de passageiros, elevadores de carga, monta-cargas, alçapões, escadas e esteiras rolantes, planos inclinados, plataformas e teleféricos.

O processo de licenciamento é conduzido pela Gerência de Engenharia Mecânica (GEM) da Rioluz e envolve a análise e aprovação de projetos, além de vistorias. Para instalações com potência total acima de 5,0 Hp, será exigido o pagamento de uma Taxa de Assentamento.


## Para que serve:

O licenciamento serve para **garantir a segurança e a conformidade técnica** das instalações de aparelhos de transporte, assegurando que operem de acordo com as normas e regulamentações vigentes. Ele formaliza a aprovação para a execução e o funcionamento desses equipamentos em edificações.


## Quem pode solicitar:

Empresas responsáveis pela instalação de aparelhos de transporte em edificações. É necessário apresentar a documentação completa, incluindo o Pedido de Licença, o Projeto da instalação, Memória Descritiva, Cálculo de Tráfego, Planta da edificação aprovada na SMDU e a comprovação do real proprietário da edificação. Após a instalação, o Certificado de Funcionamento e Garantia também é exigido."
Limpeza de margens de rios,
Certificado de Proteção do Imóvel,
Informações sobre o Programa de Apoio ao Ensino Médio,"## O que é:

O Programa de Apoio ao Ensino Médio oferece aos alunos da Rede Pública Municipal a oportunidade de cursar o Ensino Médio em colégios particulares credenciados. Para participar, é necessário apresentar o Certificado de Habilitação, que é emitido pela escola municipal de origem do aluno.

A seleção final dos alunos para as vagas nos colégios particulares é de **inteira responsabilidade** de cada instituição de ensino.


## Para que serve:

Este programa serve para possibilitar que alunos da rede pública municipal tenham acesso ao Ensino Médio em colégios particulares. Ele **garante o direito à** **bolsa de estudos** no colégio particular credenciado para os alunos selecionados.


## Quem pode solicitar:

Podem solicitar este programa os alunos da rede pública municipal que tenham cursado **75% do 2º segmento** (do 6º ao 9º ano) na rede municipal. É obrigatório ter concluído o 9º ano na mesma rede de ensino.


A relação dos estabelecimentos de ensino credenciados é divulgada por edital conjunto, publicada em Diário Oficial e divulgada no site da SME."
Informações sobre cadastro no Auxílio Habitacional Temporário,
Suspensão do abono de permanência,"## O que é

Este serviço oferece informações detalhadas sobre o abono de permanência para servidores que se aposentaram recentemente. Ele esclarece como funciona a isenção do desconto do FUNPREVI para servidores ativos que já preenchem os requisitos de aposentadoria integral com paridade e optam por continuar trabalhando.


## Para que serve

Fornecer clareza sobre a suspensão do abono de permanência no momento da aposentadoria. O serviço explica que, ao se aposentar, o abono é desativado e o servidor pode começar a descontar o FUNPREVI, caso seu rendimento ultrapasse o limite estabelecido pela legislação vigente. O desconto de 14% referente ao FUNPREVI se dará no que exceder o teto do INSS.


## Quem pode solicitar

Servidores e pensionistas que buscam informações sobre o abono de permanência e sua suspensão."
Informações sobre o Sistema BRT do Rio de Janeiro,"### O que é:

Informações sobre o funcionamento do sistema de transporte rápido por ônibus da cidade, o BRT Rio.

O sistema opera em corredores exclusivos que conectam diferentes regiões da cidade:

- Transoeste
- Transcarioca
- Transolímpica
- Transbrasil

A administração dos corredores e a responsável pela manutenção da frota, das estações e de alguns terminais é a MOBI-Rio, subordinada a Companhia Municipal de Transporte Coletivos (CMTC Rio).


Também estão incluídas informações sobre o serviço Conexão BRT, que amplia a mobilidade urbana ao ligar bairros e regiões ao sistema principal em pontos específicos.


### Para que serve:

O sistema BRT tem como objetivo oferecer transporte público de alta capacidade e mais rápido para a população do município.

Ele conecta diversas regiões da cidade, principalmente as zonas Norte e Oeste, e permite integração com outros modais de transporte, como o MetrôRio e os trens urbanos da SuperVia.

As informações sobre o BRT ajudam os usuários a planejar seus deslocamentos, com dados sobre:

- estações e terminais
- linhas e percursos
- mapas do sistema
- horários de funcionamento


### Público alvo:

Qualquer cidadão que precise utilizar o transporte público no município pode utilizar o sistema BRT.

O acesso é realizado por meio de cartões de transporte eletrônico aceitos nas estações, como:

- Jaé
- RioCard Mais (para beneficiários do Bilhete Único Intermunicipal – BUI).


## **Achados e Perdidos:**

O atendimento aos usuários que desejam resgatar itens perdidos no sistema BRT acontece no Terminal Alvorada, localizado próximo à bilheteria situada no sentido Barra Shopping, de segunda a quinta-feira, das 8h às 16h30, e sexta-feira das 8h às 15h30.

O prazo de guarda de objeto perdido será no máximo de 60 (sessenta) dias.

clique [aqui](https://mobi-rio.rio.br/achadoseperdidos/).


**Linhas:**

**Transoeste:**

- 10 - Alvorada x Santa Cruz - EXPRESSO
- 11N - Alvorada x Santa Cruz - PARADOR
- 12 - Alvorada x Pingo d'Água - EXPRESSO
- 13 - Alvorada x Mato Alto - EXPRESSO
- 14 - Salvador Allende x Santa Eugênia - SEMIDIRETO
- 17 - Santa Cruz x Campo Grande - PARADOR
- 18 - Jardim Oceânico x Pontal - EXPRESSO
- 19 - Salvador Allende x Pingo d'Água - EXPRESSO
- 20 - Salvador Allende x Santa Cruz - EXPRESSO
- 22 - Jardim Oceânico x Alvorada - PARADOR
- 25A - Alvorada x Mato Alto - PARADOR


**Transcarioca:**

- 31 - Alvorada x Vicente de Carvalho - SEMIDIRETO
- 35 - Alvorada x Terminal Paulo da Portela - PARADOR
- 38 - Alvorada x Galeão Tom Jobim - PARADOR
- 40 - Alvorada x Terminal Paulo da Portela - EXPRESSO
- 41 - Terminal Recreio x Terminal Paulo da Portela - EXPRESSO
- 42 - Madureira x Galeão Tom Jobim - PARADOR
- 43 - Santa Efigênia x Terminal Fundão - EXPRESSO
- 46 - Alvorada x Penha 2 - EXPRESSO


**Transolímpica:**

- 50 - Jardim Oceânico x Terminal Centro Olímpico - PARADOR
- 51 - Terminal Recreio x Deodoro - PARADOR
- 52 - Alvorada x Deodoro - PARADOR
- 53 - Alvorada x Terminal Sulacap – EXPRESSO


**Transbrasil:**

- 60 - Deodoro x Terminal Gentileza - PARADOR
- 61 - Deodoro x Terminal Gentileza - EXPRESSO
- 67 - Terminal Campo Grande x Deodoro - PARADOR
- 80 - Penha 2 x Terminal Gentileza - PARADOR
- 90 - Terminal Fundão x Terminal Gentileza - PARADOR
- Terminal Gentileza x Galeão Tom Jobim - DIRETO


**Conexão BRT:**

- 28 - Pingo d'água x Curral Falso - CONEXÃO
- 67 - Campo Grande x Deodoro - CONEXÃO
- 68 - Deodoro x Bangu - CONEXÃO"
"Licença Ambiental Municipal Comunicada para atividades industriais, de comércio e serviços (LAC)",
Plano de Saúde - movimentações,
Informações sobre cursos da Vigilância Sanitária,
Fiscalização da exposição de publicidade irregular,"## O que é:

Este serviço realiza a fiscalização de publicidade irregular. Isso inclui outdoors, painéis, letreiros e placas que estejam em fachadas, edifícios ou áreas públicas. O objetivo é garantir que a publicidade esteja em conformidade com as normas municipais.

Quando uma irregularidade é identificada, o órgão responsável pode aplicar autuações, remover a publicidade ou, se for o caso, auxiliar na sua legalização para que a exibição se torne regular.


## Para que serve:

Garantir a **ordem urbana** e a **segurança visual** da cidade, controlando a instalação de publicidade em locais não permitidos ou sem a devida autorização. Isso contribui para um ambiente urbano mais organizado e seguro para todos.


## Quem pode solicitar:

Qualquer **cidadão** pode solicitar este serviço ao identificar uma publicidade irregular."
Requerimento de licença para trato de interesses particulares,"## **O que é:**

Este serviço permite que servidores públicos municipais solicitem licenças para acomodar situações pessoais ou profissionais específicas. As licenças disponíveis incluem a Licença Sem Vencimento para Trato de Interesses Particulares, a Licença para Acompanhar Cônjuge e a Licença para Estudos.


## **Para que serve:**

O serviço tem como objetivo conceder aos servidores públicos a possibilidade de se afastarem temporariamente de suas funções. Isso permite que eles acomodem necessidades pessoais, como tratar de interesses particulares, acompanhar o cônjuge em deslocamentos, ou investir em seu desenvolvimento profissional através de estudos.


## **Quem pode solicitar:**

Este serviço é destinado a **servidores públicos municipais** do Rio de Janeiro. A solicitação deve ser feita pelo próprio servidor ou por seu representante legal, mediante apresentação de procuração."
Relação de empresas licenciadas para receber resíduos da construção civil (RCC),
"Conservação e manutenção de passarelas, viadutos, pontes e túneis revestidos","## O que é:

Este serviço abrange obras e serviços de engenharia em **passarelas, viadutos, pontes e túneis revestidos**. Seu objetivo principal é **restaurar, melhorar ou manter** o bom estado de conservação desses equipamentos públicos.

Inclui uma vistoria no local para identificar a pertinência do chamado e definir as providências necessárias. É importante ressaltar que **túneis revestidos** são aqueles que possuem um revestimento de concreto.


## Para que serve:

Assegurar a **restauração, melhoria e manutenção** do bom estado de passarelas, viadutos, pontes e túneis revestidos, garantindo a segurança e a funcionalidade dessas importantes infraestruturas da cidade.


## Quem pode solicitar:

Qualquer cidadão pode solicitar este serviço para reportar a necessidade de obras ou manutenção em passarelas, viadutos, pontes e túneis revestidos no município do Rio de Janeiro."
Informações do Jaé no MetrôRio,
"Instalação, remoção e manutenção de placa com nome de rua","## O que é:

Este serviço consiste no conserto ou instalação de placas que indicam os nomes das vias. As **placas instaladas são do tipo “pirulito”**, localizadas nas esquinas das ruas, formando um conjunto de sinalização essencial para a identificação dos logradouros.


## Para que serve:

O objetivo principal é garantir a correta identificação das ruas e logradouros da cidade. Isso facilita a orientação de motoristas, pedestres e visitantes, contribuindo para a organização do trânsito e a localização de endereços.


## Quem pode solicitar:

Qualquer cidadão pode solicitar este serviço para garantir a correta sinalização das ruas."
Informações sobre vacinação humana,
Informações sobre sinalização indicativa de serviço,
Prorrogação de prazo para vistoria de táxi,
Requerimento de readaptação do servidor,
Informações sobre os Centros de Atenção Psicossocial (CAPS),"#### **O que é:**

Os Centros de Atenção Psicossocial (CAPS) são unidades de saúde da rede pública que oferecem atendimento especializado em saúde mental no município do Rio de Janeiro.

A cidade conta com 40 unidades distribuídas nas seguintes tipologias:

- 6 CAPS II;
- 13 CAPS III;
- 8 CAPSi II (infantil);
- 3 CAPSi III (infantil);
- 4 CAPSad II (álcool e outras drogas);
- 6 CAPSad III (álcool e outras drogas).

Essas unidades atuam na perspectiva da atenção psicossocial, com atendimento realizado por equipe multiprofissional formada por psiquiatra, enfermeiro, assistente social, psicólogo, agente territorial e outros profissionais.


## **Como funciona:**

Os CAPS trabalham articulados com outras unidades da rede de saúde e com serviços de áreas como educação e assistência social. Entre as atividades oferecidas estão:

- atendimentos individuais;
- atendimentos em grupo;
- acompanhamento de familiares;
- visitas domiciliares;
- oficinas terapêuticas.


O trabalho é realizado com foco na redução de danos, na desinstitucionalização e na reabilitação psicossocial. O acesso pode ocorrer:

- por demanda espontânea;
- por encaminhamento de unidades de atenção primária, especializadas ou hospitalares;
- em situações de crise, por encaminhamento de unidades de emergência ou após internação clínica ou psiquiátrica.


O atendimento no CAPS é realizado conforme a avaliação dos casos, que podem ser imediatos ou agendados com prazo máximo de 30 dias.


#### **Público-alvo:**

Pessoas que necessitam de acompanhamento em saúde mental, incluindo crianças, adolescentes, adultos e pessoas com necessidades relacionadas ao uso de álcool e outras drogas."
Multa de trânsito - Verificação da troca de Real Infrator,
Licenciamento de serviço em vias públicas,"## **O que é:**

Este serviço é a emissão de uma licença para a realização de serviços em vias públicas. Ele formaliza o pedido para execução de obras e/ou reparos programados, garantindo que as intervenções estejam em conformidade com as normas vigentes.

Após a formalização, o pedido é enviado aos órgãos de tutela para análise e pronunciamento. A Comissão Coordenadora de Obras e Reparos em Vias Públicas (SC/COR-VIAS) realiza a análise técnica, podendo autorizar, exigir novas informações, solicitar vistas ou indeferir a licença. O serviço também abrange pedidos de prorrogação de prazo, alteração de projeto, regularização, mudança de PREO e/ou firma executora, e outros documentos complementares.


**Para que serve:**

Serve para obter a autorização oficial necessária para executar obras, reparos e serviços em vias públicas. Garante que os projetos e a documentação apresentada sejam analisados tecnicamente e estejam de acordo com as instruções da normativa vigente.


**Quem pode solicitar:**

Pode ser solicitado por empresas ou profissionais responsáveis por projetos e execução de obras e reparos em vias públicas. É necessário apresentar a documentação exigida, como procuração e ART e/ou RRT do profissional responsável pelo projeto de arquitetura."
Reparo de rampa de acesso em vias públicas,"## **O que é:**

Este serviço permite solicitar o conserto ou a manutenção de rampas de acesso já existentes em vias públicas. Ele garante que essas estruturas estejam em boas condições para uso.


Para casos de instalação de uma rampa nova, a solicitação passará por análise e parecer técnico da CET-Rio. Somente após essa avaliação, o pedido será incluído na programação de obras.


## **Para que serve:**

Garantir a acessibilidade e a segurança de pedestres, especialmente pessoas com mobilidade reduzida. O serviço tem objetivo de manter as rampas de acesso em vias públicas adequadas para o trânsito de todos.


## **Quem pode solicitar:**

Qualquer cidadão do município do Rio de Janeiro pode solicitar este serviço."
Cadastramento de Protetores Voluntários e de Protetores de Colônias,"**O que é:**

Este serviço permite o cadastramento ou recadastramento de pessoas que atuam como protetores voluntários ou de colônias de animais no Município do Rio de Janeiro. O objetivo é regularizar a situação desses protetores, garantindo que possam atuar legalmente e receber apoio à causa animal.

A Secretaria Municipal de Proteção e Defesa dos Animais (SMPDA) realiza visitas de inspeção nos locais de acolhimento, sem agendamento prévio, para fiscalizar as atividades dos protetores cadastrados. Os cadastros que são aprovados são publicados no Diário Oficial do Município do Rio de Janeiro.


**Para que serve:**

O cadastramento serve para formalizar a atuação dos protetores, permitindo que ofereçam lar temporário para animais de rua e se responsabilizem pela assistência de animais de colônia. Além disso, o serviço apoia a conscientização da população contra abusos e maus-tratos de animais.

Protetores cadastrados têm direito a oito marcações por mês para castração (quatro fêmeas e quatro machos), o que contribui diretamente para o controle populacional e bem-estar animal.


**Quem pode solicitar:**

Este serviço é destinado a qualquer cidadão que atue ou deseje atuar como protetor voluntário ou de colônia no Município do Rio de Janeiro.

É possível se cadastrar para oferecer lar temporário a animais, cuidar de animais de rua em colônias ou recadastrar-se para manter a situação regularizada junto à Gerência de Animais Comunitários."
Informações sobre cadastramento para obtenção de gratuidade especial do Jaé,"### O que é:

O Jaé é o sistema de bilhetagem digital do transporte público municipal do Rio de Janeiro, utilizado em modais como BRT, ônibus, VLT, vans e metrô.

No contexto da gratuidade, este serviço reúne orientações sobre o cadastramento para obtenção do cartão Jaé, tanto na versão física quanto digital (via aplicativo), permitindo o acesso ao benefício de transporte para pessoas que necessitam se deslocar para tratamento de saúde ou que possuem deficiência.

A gratuidade tem como finalidade garantir o deslocamento dentro do município, especialmente para acesso a serviços de saúde, respeitando critérios definidos e podendo ter duração limitada (nos casos de tratamento) ou ilimitada (para pessoas com deficiência).


### Como funciona:

A concessão da gratuidade no Jaé depende de avaliação com base em critérios de saúde, sendo necessário laudo médico e cadastro na rede pública.


Podem ter direito ao benefício:

- **Pessoas com deficiência física**, caracterizada por alteração completa ou parcial de um ou mais segmentos do corpo humano, acarretando o comprometimento da função física, neurológica ou sensorial, apresentando-se sob a forma de plegias, paresias, ostomia, amputação ou ausência de membro, paralisia cerebral, nanismo, membros com deformidade congênita ou adquirida, exceto as deformidades estéticas e as que não produzam dificuldades para o desempenho de funções;
- **Pessoas com deficiência visual**, caracterizada por cegueira, na qual a acuidade visual é igual ou menor que zero vírgula zero cinco no melhor olho, com a melhor correção óptica; a baixa visão ou visão subnormal, que significa acuidade visual entre zero vírgula três e zero vírgula zero cinco no melhor olho, com a melhor correção óptica; os casos nos quais a somatória da medida do campo visual em ambos os olhos for igual ou menor que sessenta graus, ou a ocorrência simultânea de quaisquer das condições anteriores não passíveis de melhora na visão com terapêutica clínica ou cirúrgica;
- **Pessoas com deficiência intelectual**, entende-se como uma atividade intelectual abaixo da média de normalidade pré-estabelecida e que é associada a aspectos do funcionamento adaptativos, tais como comunicação, cuidado pessoal, habilidades sociais, utilização dos recursos da comunidade, saúde e segurança, habilidades acadêmicas, lazer e trabalho, podendo dificultar a aprendizagem, comunicação, desenvolvimento da linguagem oral e escrita e sociabilidade;
- **Pessoas com Transtorno do Espectro Autista (TEA)**;
- **Pessoas com associação de duas ou mais deficiências**;
- **Pessoas com doenças crônicas que necessitam de tratamento continuado**. Para doenças crônicas, o laudo médico deve conter:
  - Indicação da doença com base na Classificação Internacional de Doenças (CID-10);
  - Descrição da perda de funcionalidade;
  - Tempo de duração do tratamento e frequência das consultas;
  - Justificativa da necessidade de tratamento continuado (com frequência mínima de duas vezes por mês);
  - Justificativa da necessidade de deslocamento dentro do município e, quando necessário, de acompanhante.


A quantidade de passagens concedidas varia conforme o caso:

- **Ilimitada**: para pessoas com deficiência, pessoas com TEA, maiores de 65 anos e seus acompanhantes (quando necessário);
- **Mínimo de 60 passagens mensais**: para pessoas com doenças renais crônicas, transplantados, hanseníase e pessoas vivendo com HIV;
- **Definida por laudo médico**: para demais doenças crônicas, podendo ser ampliada conforme recomendação.
  - O saldo de passagens mensais não é cumulativo, sendo zerado ao final de cada mês.  
  O acompanhante só pode utilizar o benefício quando estiver acompanhando o titular.
  - O cartão Jaé é pessoal e intransferível. O uso indevido pode gerar bloqueio automático do benefício nos validadores dos transportes.


A solicitação inicial, revalidação e inclusão de acompanhante devem ser realizadas na unidade de Atenção Primária de referência do usuário.


### Público-alvo:

O benefício é destinado a moradores da cidade que atendam aos critérios estabelecidos para a concessão da gratuidade no transporte público municipal."
Projeto Agente Experiente,"## O que é:

O Programa Agente Experiente é oferece benefícios de transferência de renda para idosos no valor de R$ 600 e também promove a participação desse público em ações desenvolvidas nos espaços da Prefeitura, com uma carga horária de até 16 horas semanais.


## Para que serve:

O programa serve para reconhecer e valorizar a experiência de idosos, promovendo a participação destes em ações da Prefeitura que valorizam a sua experiência, além de oferecer um benefício de transferência de renda.


## Quem pode solicitar:

Cidadãos a partir dos 60 anos. É necessário ser independente, alfabetizado e autônomo para as atividades cotidianas, além de possuir **renda individual de até dois salários mínimos.**


## **Informações complementares:**

O benefício será cancelado em caso de falecimento, mudança de município, alteração nas condições de saúde do idoso, alteração na composição de renda, ou avaliação técnica."
Informações sobre cobrança antecipada (tabelada) de corridas de táxi,
"Implantação de equipamentos de lazer em parques, praças e áreas verdes da cidade",
Avaliação de surto por doença transmitida por alimentos e água,
Nota Carioca - Emissão de nota fiscal eletrônica,
Casas de Convivência e Lazer para pessoas idosas,"## O que é:

As Casas de Convivência e Lazer são espaços dedicados à socialização e ao lazer para pessoas idosas (a partir de 60 anos) e em processo de envelhecimento (a partir de 50 anos). Elas oferecem uma variedade de atividades e oficinas gratuitas, visando promover o bem-estar geral dos participantes.


## Para que serve:

Esses locais são projetados para gerar um impacto positivo na saúde física, mental e emocional dos seus frequentadores, através de atividades que estimulam a socialização, o lazer e o desenvolvimento pessoal.

O serviço busca oferecer oportunidades de engajamento e bem-estar para a população idosa e em processo de envelhecimento do Rio de Janeiro.


## Quem pode solicitar:

O programa é destinado a pessoas idosas, a partir de 60 anos, e pessoas em processo de envelhecimento, a partir de 50 anos."
Fiscalização de quiosque de praia,"## O que é

Este serviço consiste na fiscalização de quiosques localizados na orla da praia que estejam operando de forma irregular. É importante notar que quiosques de praia possuem um Alvará Especial de funcionamento, diferenciando-os do comércio ambulante tradicional.


## Para que serve

Garantir que os quiosques de praia operem em conformidade com as normas e regulamentos municipais. O serviço visa coibir irregularidades e assegurar o cumprimento das condições estabelecidas em seus alvarás especiais de funcionamento.


## Quem pode solicitar

Qualquer cidadão que identifique um quiosque de praia funcionando de maneira irregular pode solicitar este serviço. A notificação contribui para a manutenção da ordem e legalidade nas áreas de orla."
TAXI.RIO Cidades - Verificação de problemas no aplicativo,
Desvinculação em Dívida Ativa,"## **O que é:**

Requerimento Administrativo que visa a desvinculação da dívida (tributária ou não tributária) da pessoa indicada na CDA.

O serviço visa corrigir a atribuição da dívida, garantindo que o débito esteja vinculado ao responsável correto perante o município.


## **Para que serve:**

Garantir a correção dos registros da dívida ativa, desvinculando-a do nome de quem não é o responsável legal pelo débito.

Permitir a regularização da situação fiscal ou não tributária do cidadão junto à Procuradoria Geral do Município do Rio de Janeiro - PGM.


## **Quem pode solicitar:**

Pessoas físicas ou jurídicas que constam indevidamente como devedoras em uma Certidão de Dívida Ativa (CDA).

O requerimento também pode ser feito por um representante legal, mediante a apresentação de procuração específica."
Gestão de contratos e/ou créditos habitacionais dos imóveis construídos pela RIO-URBE,
Baixa de Autorização de Publicidade,"## **O que é:**

Este serviço permite solicitar o cancelamento formal de uma autorização de publicidade que foi previamente concedida. A autorização pode ter sido emitida pela Subgerência de Publicidade ou por uma das Gerências Regionais de Licenciamento e Fiscalização, ambas vinculadas à Coordenadoria de Licenciamento e Fiscalização.

A baixa consiste na efetivação do encerramento dessa autorização, garantindo que o registro da publicidade seja devidamente atualizado nos órgãos competentes da Secretaria Municipal de Fazenda.


## **Para que serve:**

Formalizar o encerramento ou cancelamento de uma autorização de publicidade, garantindo a regularização da situação perante os órgãos de licenciamento e fiscalização do município.


## **Quem pode solicitar:**

Cidadãos ou empresas que possuem uma autorização de publicidade concedida e desejam encerrá-la. A solicitação deve ser feita por um responsável que assinará a petição eletrônica."
Homologação de materiais e equipamentos de iluminação pública,"## **O que é:**

Este serviço fornece informações detalhadas sobre os procedimentos necessários para a homologação de materiais e equipamentos de iluminação pública. A homologação é realizada no âmbito da Rioluz, garantindo que os itens atendam aos padrões exigidos.


## **Para que serve:**

O serviço serve para certificar que os materiais e equipamentos destinados à iluminação pública estão em conformidade com as normas técnicas e de qualidade da Rioluz. Isso assegura a segurança e a eficiência dos sistemas de iluminação da cidade.


## **Quem pode solicitar:**

Este serviço é destinado a **empresas** que desejam homologar seus materiais e equipamentos para uso em projetos de iluminação pública gerenciados pela Rioluz."
Solicitação para ligação de águas pluviais na rede pública,
Licença Municipal Prévia e de Instalação (LMPI),"**O que é:**


A Licença Municipal Prévia e de Instalação (LMPI) é um documento concedido antes do início da implantação de um empreendimento ou atividade. Ela atesta a viabilidade ambiental e aprova a instalação, em uma única fase, para projetos que não exigem estudos ambientais complexos, conforme regulamentação específica.


Este serviço é realizado de forma digital. O solicitante envia o requerimento e a documentação básica por e-mail, e a equipe técnica gera um processo digital na plataforma sei.rio. Após análise, que pode incluir exigências a serem cumpridas, é elaborado um parecer técnico para a emissão da licença.


Para requerimentos apresentados em processos físicos, antes da implantação do Processo.rio, os documentos devem ser entregues presencialmente, através de procurador ou representante legal.


**Para que serve:**


A LMPI permite atestar a viabilidade ambiental e aprovar a implantação de empreendimentos ou atividades que não necessitam de estudos ambientais aprofundados.


**Quem pode solicitar:**


Qualquer pessoa ou empresa que precise implantar um empreendimento ou atividade no município do Rio de Janeiro e que se enquadre nos critérios para este tipo de licenciamento ambiental simplificado."
Certificado de Adequação de Imóvel (CAI) Protegidos pelo Patrimônio Cultural,"## **O que é:**

O Certificado de Adequação de Imóveis (CAI) ou Laudo de Aptidão é um documento emitido para imóveis que possuem proteção cultural ou histórica. Ele serve para avaliar as condições de conservação do bem e determinar se ele se adequa aos critérios de preservação estabelecidos.

Este serviço pode resultar na emissão do Certificado de Adequação do Imóvel se as condições forem ótimas. Caso contrário, será elaborado um Laudo de Aptidão com uma lista de exigências de obras a serem realizadas para que o imóvel atinja a conformidade.


## **Para que serve:**

Este serviço tem como objetivo principal a obtenção do benefício de isenção de IPTU para imóveis protegidos. Ele incentiva a conservação do patrimônio cultural e histórico da cidade, oferecendo um benefício fiscal aos proprietários.

Com o Laudo de Aptidão, é possível conseguir a suspensão da cobrança do IPTU por 3 anos enquanto as obras de adequação são realizadas. Após a conclusão e verificação da conformidade das obras, o imóvel poderá receber o Certificado de Adequação, garantindo mais sete anos de isenção do imposto.


## **Quem pode solicitar:**

Este serviço é destinado a proprietários de imóveis protegidos que buscam a isenção de IPTU. Também pode ser solicitado por arquitetos, urbanistas, engenheiros, construtores, pesquisadores, estudantes e cidadãos em geral que necessitem deste certificado ou laudo para fins relacionados a imóveis protegidos."
Vistoria em ameaça ou queda de revestimento externo,
Alterações cadastrais em Dívida Ativa,"## **O que é:**

Requerimento que visa, na maioria dos casos, a mudança do cadastro de uma cobrança. A alteração pode envolver o Nome/CPF/CNPJ (Pessoa Física ou Jurídica), ou também um endereço. As alterações cadastrais também podem ser solicitadas através de Processo Administrativo oriundo de outras Secretarias.


**ISS, TIS (Taxa de Inspeção Sanitária), Multas Administrativas (de outras Secretarias)**: apresentação de documentos que comprovem baixa de suas atividades e da inscrição municipal antes do lançamento dos autos de infração e de notas de lançamento. Se necessário, o Requerimento será autuado, formando processo administrativo, e remetido ao Órgão Autuante para oitiva.


**IPTU**: apresentação de documentos que justifiquem sua exclusão da titularidade do imóvel e das cobranças (inscritas). O principal deles é a Certidão do Registro de Imóveis atualizada, ou seja, contendo o registro que comprove que o imóvel não mais lhe pertence. Para cada bem é considerada a data de registro da venda.


## **Para que serve:**

Este serviço serve para regularizar ou contestar informações de cobranças que estão em Dívida Ativa. Ele garante que os dados cadastrais de contribuintes, sejam pessoas físicas ou jurídicas, estejam corretos e atualizados, evitando problemas futuros relacionados aos débitos municipais.


## **Quem pode solicitar:**

Pessoas físicas ou jurídicas que possuem cobranças registradas em Dívida Ativa e necessitam atualizar seus dados cadastrais ou contestar informações. A solicitação pode ser feita pelo próprio titular da cobrança ou por um representante legal devidamente autorizado por procuração."
Projeto Vida Ativa,"## O que é:

O Projeto Vida Ativa é uma iniciativa que oferece atividades físicas gratuitas em diversos bairros do Rio de Janeiro. As atividades são conduzidas por profissionais de educação física, saúde e apoio, visando promover o bem-estar da população.


O projeto inclui **duas modalidades**:

- **Ginástica**: Atividade orientada por profissionais de educação física, focada em aumentar a flexibilidade, equilíbrio, coordenação motora e prevenir doenças relacionadas ao sedentarismo.
- **Dança**: Aulas de diversos ritmos, planejadas para promover bem-estar físico e emocional, melhorar a agilidade, atenção, memória, concentração e equilíbrio. Ajuda a combater a depressão e melhorar a autoestima. Esta modalidade se encontra disponível em três núcleos específicos.


## Para que serve:

As atividades físicas contribuem para o aumento da flexibilidade, equilíbrio e coordenação motora, além de prevenir doenças ligadas ao sedentarismo. A dança, especificamente, entrega bem-estar físico e emocional, melhora a agilidade, atenção, memória, concentração e equilíbrio, e ajuda a combater a depressão.


## Quem pode solicitar:

Cidadãos com idade igual ou superior a 40 anos que buscam manter-se ativos e saudáveis através de exercícios físicos."
"Vistoria em ameaça de deslizamento de barreira, encosta e talude","## **O que é:**

Este serviço consiste na vistoria em local com ameaça de deslizamento de barreira, encosta, talude e situações semelhantes, gerando uma análise técnica visual do local da ocorrência. É importante esclarecer que esta vistoria não possui caráter de perícia, que é frequentemente necessária para acionar seguros.


## **Para que serve:**

O serviço serve para identificar a existência de ameaça de deslizamento de barreira, encosta, talude e situações semelhantes e, quando necessário, adotar medidas emergenciais. Isso inclui interdições, isolamentos, escoramentos ou demolições, para garantir a segurança.

Também atua preventivamente, acionando órgãos fiscalizadores para notificar proprietários e/ou responsáveis a executarem obras e serviços que eliminem o risco constatado, protegendo a população e o patrimônio.


## **Quem pode solicitar:**

Qualquer cidadão pode solicitar a vistoria. Em áreas particulares, os proprietários ou seus representantes legais são os responsáveis por executar as obras. Em áreas públicas, a responsabilidade é das autarquias, companhias, concessionárias ou outras entidades governamentais."
ISS – Cadastro de Contribuintes Autônomos no Emissor Nacional (NFS-e),
ISS - Recurso Voluntário,
ISS – Impugnação ao indeferimento da opção pelo Simples Nacional,"## O que é:

Este serviço permite ao contribuinte abrir um processo para impugnar o indeferimento da opção pelo Simples Nacional em até 30 (trinta) dias, contados da data da publicação do edital de notificação no Diário Oficial do Município.


## Para que serve:

Garantir o direito do contribuinte de contestar e reverter a decisão de indeferimento da opção pelo Simples Nacional. O objetivo é buscar a regularização da situação fiscal da empresa junto ao regime simplificado.


## Quem pode solicitar:

Qualquer contribuinte que tenha tido sua opção pelo Simples Nacional indeferida pela Secretaria Municipal de Fazenda."
Infração ao Código Disciplinar de Transporte de Passageiros - Defesa Prévia,
Circuito Carioca de Economia Solidária,
Autorização de pesquisa em Unidades de Conservação,
ISS – Cumprimento de Exigência da Gerência de Fiscalização do ISS,
"Vistoria em ameaça ou queda de passarela, ponte, viaduto e demais estruturas públicas","## **O que é:**

Este serviço consiste na realização de uma vistoria técnica em locais onde há ameaça ou queda de partes de passarelas, pontes, viadutos, além de outras estruturas públicas. Isso inclui elementos como degraus, estruturas, grades de proteção, guarda corpos, pisos e rampas, tanto em áreas públicas quanto privadas.

A vistoria consiste em uma análise técnica visual do local da ocorrência e não possui caráter de perícia, que é uma avaliação específica quanto à identificação das causas dos sinistros.


## **Para que serve:**

O serviço serve para identificar riscos nas estruturas vistoriadas e, quando necessário, adotar medidas emergenciais. Isso inclui interdições, isolamentos, escoramentos ou demolições, para garantir a segurança. Também atua preventivamente, acionando órgãos fiscalizadores para notificar proprietários e/ou responsáveis a executarem obras e/ou serviços que eliminem o risco constatado, protegendo a população e o patrimônio. Caso a estrutura esteja em área pública, os segmentos responsáveis são comunicados, para que igualmente eliminem os riscos existentes.


## **Quem pode solicitar:**

Qualquer cidadão que identifique uma ameaça ou queda de partes de passarelas, pontes, viadutos, além de outras estruturas em área pública ou privada pode solicitar a vistoria."
Informações sobre distribuição de uniformes e material escolar,
Baixa de veículo - Táxi/Mototáxi,
"Fiscalização/inspeção de Feiras Livres, Feiras de Artes e Feiras Especiais","**O que é:**

Este serviço consiste na **fiscalização de feiras regulamentadas** no município, abrangendo feiras livres, de artes, e especiais. O objetivo é coibir irregularidades tanto na atuação dos feirantes quanto das empresas que prestam serviços de aluguel, montagem, desmontagem, transporte e guarda de tabuleiros e mercadorias.

O serviço pode ser acionado em casos de desordens como funcionamento inadequado, ocupação irregular ou indevida, ou operação fora do horário previsto.


**Para que serve:**

O serviço serve para **garantir a ordem e o cumprimento das normas nas feiras autorizadas **pela Prefeitura. Através da fiscalização, são inibidas irregularidades e aplicadas sanções como notificação, multa, cancelamento de permissão ou apreensão de mercadorias e equipamentos para feirantes e empresas prestadoras de serviço.

A fiscalização também verifica a padronização das barracas, cores, medidas, montagem, identificação e documentos de autorização, além da aferição da frequência dos feirantes. Para feiras de artes, a fiscalização não abrange análise técnica ou de produtos, neste caso a responsabilidade é da Secretaria Municipal de Cultura.

Para consultar a relação das Feiras Livres e Feiras Móveis e Feiras Especiais em atividade, acesse **[aqui](https://ordempublica.prefeitura.rio/feiras/)**.


Acesse **[aqui](https://ordempublica.prefeitura.rio/wp-content/uploads/sites/30/2024/06/TERMO-DE-USO-AVISO-FEIRAS-LIVRES-MOVEIS-FEIRAS-ESPECIAIS-E-FEIRARTES-v3.pdf)** o Termo de Uso e Aviso de Privacidade.


**Quem pode solicitar:**

**Qualquer cidadão** pode solicitar este serviço para denunciar irregularidades em feiras."
Informações sobre surto psicótico,"### O que é:

É uma alteração temporária do estado mental em que podem ocorrer sintomas como 

confusão, alucinações ou delírios. Nos casos mais graves, pode ainda haver agitação e agressividade, 

que podem colocar a vida da pessoa em risco.


### Como funciona:

O conteúdo apresenta explicações sobre as principais características de um surto psicótico, ajudando na identificação e compreensão da condição.


### Público-alvo:

Qualquer pessoa interessada em entender o que é um surto psicótico ou que busca informações gerais sobre o tema."
Recurso para recuperação de mercadorias e equipamentos apreendidos,"## **O que é:**

Este serviço permite o acesso aos procedimentos para recurso de recuperação de mercadorias e equipamentos apreendidos em ações de fiscalização do comércio ambulante e ordenamento urbano, em até 5 dias úteis após a apreensão.


## **Para que serve:**

O serviço serve para recuperar mercadorias e equipamentos apreendidos em** **ações de fiscalização do comércio ambulante e ordenamento urbano.


## **Quem pode solicitar:**

Qualquer cidadão ou entidade** **que tenha mercadorias e equipamentos apreendidos."
Verificação de irregularidades na Bilhetagem Eletrônica,
Comprovação do auxílio-creche,"## O que é

Este serviço é o período anual de comprovação do uso do Auxílio Educação, na modalidade **Previ-creche**, pelos servidores municipais. A comprovação ocorre especificamente no mês de **novembro** do ano corrente.


## Para que serve

A comprovação do auxílio-creche serve para regularizar a utilização do benefício perante o Previ-Rio. Ela garante que os valores recebidos correspondam ao período de matrícula do menor na instituição de ensino, evitando a necessidade de devolução de valores não comprovados.


## Quem pode solicitar

Podem solicitar este serviço os **servidores e pensionistas** municipais que utilizaram o Auxílio Educação na modalidade Previ-creche. É necessário ter recebido o benefício e realizar a comprovação dentro do prazo estabelecido."
Abertura de termo para transporte escolar,
Reparação pós-destoca,"## **O que é:**

Este serviço realiza o reparo de calçadas por meio do preenchimento do buraco deixado após a remoção completa de uma árvore, com terra ou entulho, em áreas públicas sem restrição de acesso.


## **Para que serve:**

Eliminar um risco de acidente (queda ou tropeço) e restaurar a integridade da calçada em vias públicas de livre acesso, contribuindo para a segurança e o bem-estar dos cidadãos.


## **Quem pode solicitar:**

Qualquer cidadão** **pode solicitar este serviço ao identificar um buraco na calçada da via pública que foi deixado após a retirada do toco e da raiz de uma árvore."
Manutenção de relógio digital,"## O que é:

O serviço de Manutenção de Relógio Digital permite solicitar o conserto ou ajuste de relógios digitais instalados em espaços públicos.

Este serviço é essencial para garantir o funcionamento correto desses equipamentos, que são importantes para a organização e informação dos cidadãos.


## Para que serve:

O serviço serve para restaurar o funcionamento adequado dos relógios digitais, corrigindo problemas como falhas no display, atrasos ou adiantamentos.

Ele garante que a população tenha acesso a informações de tempo precisas em locais públicos, contribuindo para a organização e pontualidade no dia a dia.


## Quem pode solicitar:

Qualquer cidadão pode solicitar a manutenção de um relógio digital que apresente problemas.

A solicitação pode ser feita ao identificar um relógio digital público que necessite de conserto ou ajuste."
"Vistoria em deslizamento de barreira, encosta e talude","## **O que é:**

Este serviço consiste na vistoria em local com deslizamento de barreira, encosta, talude e situações semelhantes, gerando uma análise técnica visual do local da ocorrência. É importante esclarecer que esta vistoria não possui caráter de perícia, que é frequentemente necessária para acionar seguros.


## **Para que serve:**

O serviço serve para identificar a existência de deslizamento de barreira, encosta e talude, etc. e, quando necessário, adotar medidas emergenciais. Isso inclui interdições, isolamentos, escoramentos ou demolições, para garantir a segurança.

Também atua preventivamente, acionando órgãos fiscalizadores para notificar proprietários e/ou responsáveis a executarem obras e serviços que eliminem o risco constatado, protegendo a população e o patrimônio.


## **Quem pode solicitar:**

Qualquer cidadão pode solicitar a vistoria. Em áreas particulares, os proprietários ou seus representantes legais são os responsáveis por executar as obras. Em áreas públicas, a responsabilidade é das autarquias, companhias, concessionárias ou outras entidades governamentais."
Solicitação para implantação de canteiros  e dispositivos especiais,"## **O que é:**

Este serviço permite solicitar a implantação ou a legalização de canteiros ajardinados e dispositivos especiais em áreas públicas. Canteiros ajardinados são porções de terra cercadas por alvenaria e elevadas acima do nível do passeio, destinadas ao plantio de vegetação.

Dispositivos especiais fixos são elementos que impedem, de forma eficaz, o acesso indevido de veículos aos passeios. Ambos podem ser confeccionados conforme modelos previstos em legislação. Casos excepcionais ou projetos urbanísticos específicos devem ser licenciados junto à SC/SE-COR-VIAS.


## **Para que serve:**

Formalizar a solicitação para instalar ou legalizar canteiros ajardinados e dispositivos especiais, contribuindo para a melhoria paisagística e a segurança dos pedestres nas vias públicas. O serviço garante que as instalações estejam em conformidade com as normas municipais vigentes.


## **Quem pode solicitar:**

Proprietários de imóveis ou condomínios que desejam implantar ou legalizar canteiros ajardinados e/ou dispositivos especiais em frente às suas propriedades. A solicitação deve ser apresentada por um Profissional Responsável pelo Projeto Arquitetônico (PRPA) e um Profissional Responsável pela Execução da Obra (PREO)."
Informações sobre pensão alimentícia de dependente de servidor inativo ou pensionista,"## **O que é:**

Este serviço oferece informações detalhadas sobre a pensão alimentícia paga por servidores inativos (aposentados) do Previ-Rio. Ele abrange o cadastro de cotistas, o processo de pagamento e os benefícios disponíveis para esses dependentes.

A pensão é estabelecida por decisão judicial de uma Vara de Família e encaminhada ao Previ-Rio. O valor é debitado da remuneração bruta do servidor e pago diretamente à pessoa responsável pela guarda do menor, desde que haja ordem judicial específica e os requisitos de habilitação sejam cumpridos.


## **Para que serve:**

O serviço serve para garantir que os cotistas de pensão alimentícia recebam seus pagamentos e possam acessar benefícios assistenciais do Previ-Rio, como Previ-Educação ou Previ-Creche. Também permite a visualização do contracheque do cotista no Carioca Digital.

Além disso, há alguns motivos que podem levar ao bloqueio do pagamento da pensão, como a falta de recadastramento anual do servidor aposentado ou novas ordens judiciais para revisão de valores, troca de conta bancária, reversão ou suspensão.


## **Quem pode solicitar:**

Este serviço é destinado a servidores inativos (aposentados) que pagam pensão alimentícia e aos cotistas de pensão alimentícia (dependentes ou seus responsáveis legais)."
Revisão de Projeto de Alinhamento (P.A.),
Informações sobre implantação de área para embarque e desembarque,"## **O que é:**

Este serviço consiste na **implantação e regulamentação de áreas específicas para embarque e desembarque** de pessoas ou mercadorias. A solicitação é analisada pela Coordenadoria Técnica Regional da CET-Rio.

Após a aprovação, uma portaria é publicada em Diário Oficial, autorizando a criação da vaga e a instalação da sinalização viária necessária.


## **Para que serve:**

Criar e oficializar espaços dedicados para embarque e desembarque, contribuindo para a **organização do fluxo de veículos** e a **segurança dos usuários**. Isso garante que estabelecimentos e instituições tenham áreas designadas para suas operações.


## **Quem pode solicitar:**

Este serviço pode ser solicitado por **empresas e instituições**. É necessário que o requerimento seja apresentado em papel timbrado da instituição e assinado por um representante legal que figure no contrato social da empresa."
Conservação e manutenção de monumentos e chafarizes,"## **O que é:**

Este serviço é responsável pela limpeza e manutenção de monumentos e chafarizes localizados na cidade. As atividades incluem a remoção de pichações, reparos e a manutenção das bombas especiais instaladas nos chafarizes.

A Gerência de Monumentos e Chafarizes mantém uma programação permanente para a limpeza de chafarizes, incluindo lagos e monumentos, garantindo a conservação desses bens públicos. Além disso, realiza a manutenção das bombas especiais, que são fabricadas sob encomenda para esses equipamentos.


## **Para que serve:**

Garantir a conservação e o bom funcionamento dos monumentos e chafarizes públicos, assegurando que esses bens sejam mantidos limpos, livres de pichações e com suas estruturas íntegras, como as bombas dos chafarizes, em perfeito estado de uso.


## **Quem pode solicitar:**

Qualquer cidadão que identifique a necessidade de conservação ou manutenção em um monumento ou chafariz público."
Informações sobre multas da SMDU,
Informações sobre o Programa Hortas Cariocas,
Informações sobre a Contribuição para Custeio do Serviço de Iluminação Pública (COSIP),
Registro de engenheiros e empresas do ramo de ar-condicionado e ventilação mecânica,"## **O que é:**

Consiste no registro e na renovação anual do cadastro de engenheiros mecânicos e empresas que atuam no ramo de ar-condicionado e Ventilação Mecânica. O processo é gerenciado pela Gerência de Engenharia Mecânica (GEM) da Rioluz.


## **Para que serve:**

O registro e a renovação anual visam formalizar e manter atualizado o cadastro de profissionais e empresas junto à Rioluz. Isso permite que eles atuem de forma regularizada no projeto, instalação e conservação de sistemas de ar-condicionado e Ventilação Mecânica no município.


## **Quem pode solicitar:**

Este serviço pode ser solicitado por engenheiros mecânicos autônomos e empresas que atuam no ramo de ar-condicionado e ventilação mecânica.

- Para empresas, é necessário que o contrato social, registrado na Junta Comercial, inclua atividades de projeto, instalação ou conservação de sistemas de AC e/ou VM. Empresas que não possuem registro na Junta Comercial podem se inscrever exclusivamente para atividades de projeto.
- Cidadãos que necessitem de comprovação da habilitação de uma empresa junto à GEM: a orientação é solicitar à empresa escolhida a cópia da publicação do cadastro, junto à GEM, no Diário Oficial do Município do Rio de Janeiro."
ISS – Prorrogação de prazo para apresentação de impugnação ou recurso,
Revisão de pensão por falecimento,"## **O que é:**

Este serviço oferece informações e permite a abertura de um processo junto ao Previ-Rio para a revisão da pensão por falecimento. Ele é destinado a quem deseja questionar e solicitar a reavaliação dos valores recebidos em sua pensão.


## **Para que serve:**

Permitir que os pensionistas solicitem a revisão dos valores de sua pensão por falecimento do servidor, garantindo a correção e adequação da remuneração recebida. O processo busca assegurar que os valores estejam de acordo com as regras vigentes.


## **Quem pode solicitar:**

Este serviço pode ser solicitado por pensionistas que recebem pensão por falecimento de um segurado do Previ-Rio. É importante notar que este serviço não se aplica a quem recebe pensão alimentícia, que possui natureza diferente e não é um benefício do Previ-Rio."
Informações sobre implantação de área de lazer,
Instalação de rampa de acesso em vias públicas,"## O que é:

Este serviço permite solicitar a instalação de rampas de acesso em vias públicas. As solicitações para novas rampas passam por análise e parecer técnico da CET RIO antes de serem incluídas na programação de instalação.


## Para que serve:

Facilitar o acesso e a mobilidade de pessoas com deficiência ou mobilidade reduzida em vias públicas, promovendo a inclusão e a acessibilidade.


## Quem pode solicitar:

Qualquer cidadão pode solicitar este serviço. Para a solicitação, é necessário informar o bairro, rua e número da residência ou estabelecimento, além de um ponto de referência."
Certificado de Aceitação das Condições de Acessibilidade,"## **O que é:**

O Certificado de Aceitação das Condições de Acessibilidade é um documento oficial emitido pela Secretaria Municipal de Transportes (SMTR). Ele serve para atestar a correta execução de obras e instalações de equipamentos de acessibilidade e sinalizações necessárias.

Este certificado abrange intervenções como o rebaixamento de meio-fio, a sinalização de acessos de veículos em lotes e edificações diversas. Inclui também a instalação de sinaleiras em entradas e saídas de garagens, exigindo que a sinaleira esteja instalada e o meio-fio devidamente rebaixado para a vistoria.


## **Para que serve:**

Este serviço serve para garantir a conformidade e a aceitação oficial das obras de acessibilidade realizadas em imóveis, assegurando que os padrões e requisitos estabelecidos para o acesso de veículos e pedestres foram cumpridos, além de promover a segurança no trânsito.


## **Quem pode solicitar:**

Proprietários de imóveis, empresas responsáveis por edificações (residenciais, comerciais, mistas, industriais e de uso exclusivo) ou seus representantes legais que executaram obras de acessibilidade na cidade do Rio de Janeiro podem solicitar o certificado."
"Transferência de matrícula por falecimento em Feiras Livres, Feiras Móveis, Feiras Especiais e Feirartes","## **O que é:**

Este serviço permite a **transferência de titularidade de matrícula em caso de falecimento do titular **que atua nas feiras regulamentadas no município. Abrange as Feiras Livres, Feiras Móveis, Feiras Especiais e Feirartes.

O processo ocorre após o falecimento do titular da matrícula, abrindo espaço para um novo responsável assumir legalmente a permissão de atuação nesses espaços comerciais.


Acesse** ****[aqui](https://ordempublica.prefeitura.rio/wp-content/uploads/sites/30/2024/06/TERMO-DE-USO-AVISO-FEIRAS-LIVRES-MOVEIS-FEIRAS-ESPECIAIS-E-FEIRARTES-v3.pdf)**** **o Termo de Uso e Aviso de Privacidade.


## **Para que serve:**

Garantir a **continuidade das atividades comerciais em feiras, após o falecimento do titular da matrícula**. Isso permite que um novo responsável assuma legalmente a permissão de uso do espaço de forma regularizada.


## **Quem pode solicitar:**

O serviço pode ser solicitado pelos **beneficiários legais** do titular falecido da matrícula. A solicitação também pode ser feita por um **representante legal ou despachante**."
Histórico de pagamentos em Dívida Ativa,"## **O que é:**

Requerimento administrativo que visa a obtenção de histórico de pagamentos de acordos efetuados pelo próprio contribuinte/requerente.


## **Para que serve:**

Obter o histórico completo de pagamentos de acordos previamente realizados. Isso permite que o contribuinte tenha acesso às informações financeiras de seus débitos e parcelamentos junto ao município.


## **Quem pode solicitar:**

O serviço pode ser solicitado pelo próprio contribuinte ou requerente que tenha efetuado acordos de pagamento e precise consultar o histórico dessas transações."
Licença Ambiental Municipal Prévia (LMP),"## O que é:

A Licença Ambiental Municipal Prévia (LMP) é um documento concedido na fase inicial de planejamento de um empreendimento ou atividade. Ela aprova a localização e a concepção do projeto, atestando sua viabilidade ambiental.

Este serviço é prestado de forma digital, onde o solicitante envia requerimento e documentação técnica por e-mail. A equipe técnica gera um processo digital, realiza a análise inicial e solicita as adequações necessárias para a emissão da licença.


## Para que serve:

A Licença Municipal Prévia serve para estabelecer os requisitos básicos, restrições e condicionantes ambientais que devem ser atendidos na elaboração dos projetos. Isso garante que o empreendimento ou atividade esteja em conformidade com as normas ambientais desde suas etapas iniciais.


## Quem pode solicitar:

Este serviço pode ser solicitado por qualquer pessoa ou empresa responsável por um empreendimento, ou atividade que necessite de licenciamento ambiental. É destinado a quem está na fase de planejamento e precisa da aprovação de localização e concepção do projeto."
Informações sobre o sistema Veritas,
Desconto em contracheque de débito de encerramento de folha-servidor aposentado,
Solicitação de desinterdição em serviços de alimentos e ensino,
"Isenção de TUAP para Feiras Livres, Feiras Móveis, Feiras Especiais e Feirartes","## **O que é:**

Este serviço permite solicitar a **isenção da Taxa de Uso de Área Pública (TUAP)**. Este requerimento é destinado a feirantes, expositores e ambulantes que operam em diversas modalidades de feiras. Abrange as Feiras Livres, Feiras Móveis, Feiras Especiais e Feirartes.


Acesse** ****[aqui](https://ordempublica.prefeitura.rio/wp-content/uploads/sites/30/2024/06/TERMO-DE-USO-AVISO-FEIRAS-LIVRES-MOVEIS-FEIRAS-ESPECIAIS-E-FEIRARTES-v3.pdf)**** **o Termo de Uso e Aviso de Privacidade.


## **Para que serve:**

O objetivo do serviço é obter a **isenção do pagamento da Taxa de Uso de Área Pública (TUAP)**, aliviando encargos financeiros para o exercício das atividades em feiras regulamentadas.


## **Quem pode solicitar:**

Pode solicitar qualquer **Feirante/Expositor/Ambulante em feira** que deseja a isenção do pagamento da TUAP. A solicitação também pode ser feita por um **representante legal ou despachante**."
Instalação de equipamentos fotovoltaicos em imóveis protegidos,"## O que é:

Este serviço consiste na obtenção de um parecer do Instituto Rio Patrimônio da Humanidade (IRPH) para a instalação de equipamentos fotovoltaicos em imóveis protegidos. O parecer é fundamental para garantir que as intervenções estejam em conformidade com as normas de preservação do patrimônio cultural.

Desde 1º de janeiro de 2023, todos os processos da Secretaria Municipal de Desenvolvimento Urbano e Licenciamento (SMPU) e do IRPH passaram a ser realizados de forma online, conforme o Decreto 49.052 de 2021.


## Para que serve:

O parecer do IRPH serve para licenciar a instalação de equipamentos fotovoltaicos em imóveis protegidos, formalizando a análise técnica e a aprovação necessária para tais intervenções. Ele garante que a instalação respeite as diretrizes de conservação e monitoramento do patrimônio.


## Quem pode solicitar:

Podem solicitar este serviço arquitetos, urbanistas, engenheiros, construtores e proprietários de imóveis que necessitem instalar equipamentos fotovoltaicos em propriedades protegidas. Também é acessível a cidadãos em geral, pesquisadores, estudantes e servidores públicos municipais."
Licença para instalação de antenas,
Informações sobre assistência financeira para funeral de dependente,"## **O que é:**

Esta é uma assistência financeira, concedida como empréstimo pelo PREVI-RIO, para auxiliar segurados a cobrir despesas funerárias.

O auxílio cobre o custeio de sepultamento ou cremação de dependentes como filhos, pai, mãe, cônjuge ou companheiro, e também a cremação de membros superiores e/ou inferiores.

O valor da assistência é limitado a três vezes o menor vencimento básico vigente no Município. A amortização ocorre em até 12 parcelas mensais, com desconto em folha de pagamento e sem juros, limitado a 40% da remuneração total do segurado.


## **Para que serve:**

Proporcionar apoio financeiro aos segurados do PREVI-RIO para custear as despesas de funeral de seus dependentes.

O serviço garante que o segurado tenha recursos para o sepultamento ou cremação, incluindo casos de cremação de membros superiores e/ou inferiores.


## **Quem pode solicitar:**

Este serviço pode ser solicitado por **servidores e pensionistas** do PREVI-RIO.

É necessário que o requerimento seja feito no prazo máximo de **2 meses** contados da data do falecimento do dependente.

Em casos de mais de um funeral de dependente, novas assistências podem ser concedidas, desde que a soma de todos os descontos esteja compreendida dentro da margem consignável do segurado."
"Fiscalização de aterro, terraplanagem ou extração mineral irregular",
Notificação de descumprimento de acordo - Procon Carioca,
Projeto Voluntários para atuação em proteção e Defesa Civil,"## **O que é:**

O Projeto “Voluntários para atuação em Proteção e Defesa Civil” é uma iniciativa da Subsecretaria de Proteção e Defesa Civil - SUBPDEC da Cidade do Rio de Janeiro. Ele visa capacitar e organizar a sociedade civil, para atuar em parceria com os projetos que tenham a participação da SUBPDEC.

Este projeto busca envolver ativamente as comunidades, associações, escolas, grupos e instituições religiosas, além de promover a participação em eventos programados com a Coordenação de Operações da SUBPDEC.


## **Para que serve:**

Promover o cadastramento e a capacitação de voluntários para uma atuação eficaz e segura em missões humanitárias. O objetivo é garantir, além das diretrizes de prevenção, um atendimento mais rápido e organizado às vítimas, aproveitando ao máximo a motivação do voluntariado.

O projeto também visa cumprir as diretrizes da Política Nacional de Proteção e Defesa Civil (PNPDEC), priorizando ações preventivas para minimizar desastres e prestar socorro e assistência às populações atingidas. Ele estimula e fortalece a sociedade civil como agente de mudanças, deixando de ser considerada apenas como vítima vulnerável, conforme previsto no Marco de Ação de Sendai.


## **Quem pode solicitar:**

Qualquer cidadão que tenha interesse em atuar como voluntário em Proteção e Defesa Civil. O projeto é aberto a membros da sociedade civil, incluindo comunidades, associações, escolas, grupos e instituições religiosas, que desejam se capacitar e participar das ações da SUBPDEC."
Consulta sobre a regularidade de funcionamento de escola privada de Educação Infantil,"## **O que é:**

Este serviço permite ao cidadão verificar se uma unidade de ensino privada está devidamente autorizada a funcionar na Educação Infantil no município do Rio de Janeiro, oferecendo informações sobre o licenciamento de creches ou pré-escolas.


## **Para que serve:**

Este serviço possibilita confirmar se a unidade de ensino privada está autorizada a funcionar na Educação Infantil. A confirmação garante que a instituição segue as normas estabelecidas para oferecer o serviço.


## **Quem pode solicitar:**

Qualquer cidadão interessado em obter informações sobre a regularidade de instituições de Ensino Infantil privadas."
Informações sobre financiamento imobiliário (carta de crédito),"## O que é:

Este serviço oferece informações e a gestão do Financiamento Imobiliário do Previ-Rio, que inclui a concessão de carta de crédito imobiliária. Ele abrange a análise automática de ressarcimento de prestações cobradas indevidamente após a quitação do financiamento.

Também inclui a elaboração e disponibilização do Ofício de Baixa de Hipoteca e do Termo de Liquidação (para imóveis em Posse) após publicação em Diário Oficial. A análise de quitação por recursos próprios e por falecimento é realizada após a atualização do sistema para verificar a situação financeira do imóvel. É importante notar que o programa de Carta de Crédito está suspenso desde 2012.


## Para que serve:

O serviço permite aos mutuários e herdeiros obter informações essenciais sobre seus financiamentos imobiliários. Isso inclui a emissão de demonstrativos financeiros, comunicados anuais para Imposto de Renda e boletos para pagamento.

Além disso, o serviço gerencia os processos de quitação do financiamento e a baixa de hipoteca, garantindo a regularização da situação do imóvel junto ao Previ-Rio.


## Quem pode solicitar:

Este serviço é destinado a servidores e pensionistas do Previ-Rio que são mutuários de financiamentos imobiliários ou seus herdeiros.

Para a maioria das solicitações, é necessário estar de posse de RG, CPF, Escritura Pública de Compra e Venda do Imóvel e Certidão do Registro Geral de Imóveis (RGI). No entanto, esses documentos não são exigidos para requerimentos de boletos, demonstrativo financeiro e Comunicado Anual para Imposto de Renda.


**Atenção:**

O programa de Carta de Crédito Imobiliário está **suspenso**. O último programa foi em 2012."
Desarquivamento de processo na Secretaria Municipal de Transportes,
Solicitação de Licença para tratamento de saúde para servidores municipais,
Fiscalização de captação irregular de água,
Fiscalização de obras de contenção em andamento,"## O que é:

Este serviço consiste na fiscalização de obras de contenção que estão em andamento no município do Rio de Janeiro. Após a solicitação, um pedido de vistoria é aberto e um técnico da GEO-RIO é designado para ir ao local.

O profissional tem a função de identificar a ocorrência e adotar as providências cabíveis. Obras de contenção são aquelas que visam garantir as condições adequadas de segurança geotécnica em determinada área.


## Para que serve:

Garantir a **fiscalização efetiva** de obras de contenção em andamento, assegurando que as intervenções cumpram os projetos aprovados. O serviço também verifica se as obras não estão causando transtornos a terceiros.

O objetivo principal é manter as condições adequadas de segurança geotécnica nas áreas onde essas construções estão sendo realizadas.


## Quem pode solicitar:

Qualquer cidadão que identifique ou tenha preocupação com obras de contenção em andamento no município do Rio de Janeiro. O solicitante pode pedir que a GEO-RIO realize uma vistoria e fiscalização no local."
Cadastro de animais no Sisbicho,"**O que é:**

O Sisbicho é a plataforma digital criada pela Prefeitura do Rio de Janeiro para viabilizar o Registro Geral de Animais (RGA). Por meio do sistema, é possível realizar a castração e a identificação eletrônica (chipagem) dos animais, além de efetuar o cadastro on-line.  
Podem ser registrados todos os animais domésticos, incluindo cães, gatos, equídeos, bovinos, caprinos, ovinos e suínos.


**Como solicitar:**

Para cães e gatos, a chipagem pode ser realizada diretamente em uma das unidades municipais de Medicina Veterinária, sem necessidade de senha ou agendamento prévio.


**Quem pode solicitar:**

O serviço pode ser solicitado por qualquer cidadão."
Imposto de Renda para servidor inativo residente no exterior,
Informações sobre troca de agência do Banco Santander para servidor inativo e pensionista,
Isenção de ISS para empresas que realizaram obras em imóveis protegidos,
Licença Municipal de Instalação (LMI),"## O que é:

A Licença Municipal de Instalação (LMI) é um documento concedido antes do início da implantação de um empreendimento, atividade ou obra. Ela serve para regularizar a instalação, garantindo que esteja de acordo com os projetos aprovados e as medidas de controle ambiental definidas.

Atualmente, o serviço é prestado de forma digital. O solicitante envia o requerimento e a documentação técnica por e-mail, e a equipe técnica gera um processo digital para análise e emissão da licença. Para requerimentos físicos anteriores à plataforma Processo.Rio, a entrega de documentos ainda pode ser presencial.


## Para que serve:

A LMI serve para regularizar a instalação de empreendimentos, atividades ou obras, assegurando que todas as especificações dos projetos aprovados e as medidas de controle ambiental sejam cumpridas. Ela garante a adequação ambiental da atividade antes de sua implantação, através de análise técnica e emissão de parecer.


## Quem pode solicitar:

Pessoas físicas ou jurídicas que planejam instalar um empreendimento, atividade ou obra no município do Rio de Janeiro. Isso inclui aqueles que precisam regularizar a instalação de acordo com projetos aprovados e condicionantes ambientais, podendo ser representados por procurador ou representante legal."
Arborização para liberação de Habite-se,
Vistoria em ameaça de rolamento de pedra,
Laudo Técnico de imóveis com data de construção igual ou anterior a 1938 e imóveis situados no entorno de bens tombados,
Solicitação de transferência de titularidade de comércio ambulante,"## **O que é:**

Este serviço é um formulário para solicitar a transferência de titularidade de uma autorização existente para comércio ambulante. Ele permite que a responsabilidade e os direitos de uma licença de ambulante sejam passados de uma pessoa para outra, dentro do previsto na legislação vigente.


## **Para que serve:**

Formalizar a mudança de propriedade de uma autorização para comércio ambulante, garantindo que o novo responsável esteja devidamente registrado e apto a exercer a atividade.


## **Quem pode solicitar:**

Pessoas que desejam assumir a titularidade de uma autorização de comércio ambulante já existente, ou o atual titular que deseja transferir sua autorização para outra pessoa, conforme previsto em lei."
Licença de obras,"## O que é:

Este é o procedimento da prefeitura para analisar projetos de obras e verificar se eles atendem às normas vigentes. O objetivo principal é conceder as licenças necessárias para a realização dessas obras, garantindo a conformidade com a legislação municipal.


## Para que serve:

O serviço garante que as intervenções urbanas e construções estejam em conformidade com as leis. Ele permite a concessão de licenças para diversos tipos de projetos, como construção, reconstrução, acréscimo em edificações, modificação, reforma e transformação de uso. Também abrange demolição, urbanização de logradouros, remembramento, desmembramento, loteamento, instalação de antenas, barracões, stands, gradis e obras em fachadas.


## Quem pode solicitar:

Qualquer cidadão que precise realizar obras ou intervenções que exijam licenciamento pela prefeitura pode solicitar este serviço. Para isso, é necessário acessar o requerimento online e, caso ainda não possua, realizar um cadastro com CPF e senha para dar andamento ao processo."
Licença Municipal de Instalação e Operação (LMIO),
Informações sobre vacinação de idosos contra a gripe em domicílio,
Projetos para novas construções no mesmo lote de imóveis protegidos,
Corregedoria da Procuradoria Geral do Município do Rio de Janeiro,
Vistoria anual obrigatória - Transporte Complementar,
Informações sobre fiscalização das instalações de aparelhos de transporte,
Busca e cadastramento de locações para produção audiovisual - Rio Film Commission,"## **O que é:**

Este é um serviço da Rio Film Commission para **buscar e cadastrar locações*** para produções audiovisuais na cidade do Rio de Janeiro. Ele funciona como um catálogo, uma vitrine de cenários disponíveis para produtores brasileiros e estrangeiros.


O catálogo inclui locações de administração privada, federal, estadual e municipal, como teatros, museus, bibliotecas, pontos turísticos, hotéis, estádios, estúdios e restaurantes. O objetivo é oferecer uma diversidade de opções e informações transparentes sobre cada local.


**Uma locação é um local onde parte ou a totalidade de uma produção audiovisual é filmada, além ou ao invés de usar cenários construídos em um estúdio.*


## **Para que serve:**

O serviço serve para **promover a variedade de cenários** da cidade do Rio de Janeiro para a indústria audiovisual. Ele busca unir os aspectos estéticos e operacionais das locações com as necessidades dos projetos, divulgando os atrativos da cidade.


No caso das locações de administração privada e de administração federal ou estadual, todas cadastradas de maneira voluntária, as tratativas relacionadas à valores, disponibilidade e demais condições para as filmagens, devem ser feitas diretamente com a administração de cada um desses espaços.


Isso garante que profissionais do audiovisual encontrem os locais ideais para suas filmagens, enquanto administradores de locações podem oferecer seus espaços para as produções.


## **Quem pode solicitar:**

O serviço pode ser solicitado por** profissionais do audiovisual** que buscam locações para seus projetos. Também é destinado a **administradores de espaços** que desejam cadastrar seus espaços para serem utilizados em filmagens. É recomendado que a busca qualificada pelas locações seja realizada por profissionais da cadeia produtiva do audiovisual, como os** produtores de locação**."
Programa Idoso em Família,"## O que é:

O Programa Idoso em Família é uma iniciativa que faz parte do Programa 60+ Carioca e oferece benefícios de transferência de renda para pessoas idosas no valor de R$ 400.


## Para que serve:

Evitar a institucionalização de idosos, reduzindo a vulnerabilidade social e fortalecendo os vínculos familiares e sociais através da promoção de ações intersetoriais.


## Quem pode solicitar:

Pessoas idosas a partir de 60 anos **que possuam algum grau de dependência de terceiros.** É necessário que a renda individual do idoso seja de até dois salários mínimos e que haja responsável pelos cuidados com o idoso."
Cópia de acordo de parcelamento em Dívida Ativa,"## **O que é:**

Requerimento administrativo que visa a obtenção de cópias de parcelamentos efetuados pelo próprio contribuinte/requerente.


**Para que serve:**

O serviço serve para fornecer ao contribuinte uma cópia oficial dos parcelamentos de dívidas que foram realizados. Isso permite que o solicitante tenha um registro completo e detalhado de seus compromissos financeiros com o município.


## **Quem pode solicitar:**

Pode solicitar o próprio contribuinte que realizou o acordo de parcelamento. Caso não seja o próprio contribuinte, a solicitação pode ser feita por um representante legal, desde que apresente a devida procuração."
Verificação de achados e perdidos em táxis,
Suspensão ou não reversão de pensão para filha solteira,"## **O que é**

Este serviço oferece informações detalhadas sobre a suspensão de pensões ou a não reversão de benefícios para filhas solteiras. Ele esclarece as razões e o contexto legal por trás dessas decisões, especialmente após a promulgação da Constituição Federal de 1988.

A Constituição Federal de 1988 estabeleceu que não há mais discriminação de gênero. Isso levou à análise e, em muitos casos, à suspensão dos processos de pensão para filhas solteiras maiores de idade, conforme autorizado por esferas superiores.

Para os pedidos de reversão de pensão, os processos estão sobrestados, aguardando a decisão do processo nº 05/503.315/2009. Uma promoção da Procuradoria Geral do Município de 2006 confirmou que, a partir de outubro de 1988, não é mais possível adquirir direito à pensão vitalícia baseada em legislação discriminatória de gênero.


## **Para que serve**

Este serviço serve para esclarecer e informar** **pensionistas e servidores sobre as decisões de suspensão ou a não reversão de pensões para filhas solteiras. Ele detalha o embasamento legal e o status dos processos relacionados a esses benefícios, proporcionando clareza aos interessados.


## **Quem pode solicitar**

O serviço é destinado a servidores e pensionistas que buscam informações sobre a suspensão ou a não reversão de pensões para filhas solteiras, conforme as diretrizes estabelecidas."
Informações sobre inscrição para estágio na Riotur,
Encerramento de folha de pagamento do servidor público ativo,
Busca e cadastramento de prestadores de serviço para produção audiovisual - Rio Film Commission,"## **O que é:**

Este serviço oferece um **catálogo de serviços** para o mercado audiovisual do Rio de Janeiro, permitindo a busca e o cadastramento de profissionais e empresas. Ele disponibiliza informações e contatos de prestadores de serviços de diversas áreas da indústria audiovisual carioca.


O catálogo abrange desde empresas locadoras de equipamentos, estúdios de gravação, empresas produtoras, consultoras e distribuidoras, até profissionais autônomos e serviços hoteleiros. Adicionalmente, o serviço permite que pessoas físicas e jurídicas dedicadas ao setor audiovisual se cadastrem para fazer parte deste banco de dados.


## **Para que serve:**

O serviço serve para conectar produtores locais e internacionais que desejam filmar no Rio de Janeiro com uma vasta gama de prestadores de serviços relacionados a indústria audiovisual. Ele facilita a localização de profissionais e empresas qualificadas para suas produções.

Também permite que profissionais autônomos e empresas do setor audiovisual da cidade se tornem visíveis e acessíveis para oportunidades de trabalho, expandindo suas redes e o alcance de seus serviços no mercado.


## **Quem pode solicitar:**

- Produtores locais ou internacionais que buscam prestadores de serviços para suas produções audiovisuais na cidade do Rio de Janeiro podem utilizar o catálogo.
- Profissionais autônomos e empresas que atuam no mercado audiovisual carioca podem se cadastrar para oferecer seus serviços e fazer parte do banco de dados da Rio Film Commission."
Licenciamento de obra para atendimento ao consumidor em vias públicas,"## **O que é:**

Este serviço permite a emissão de licenças para empresas que precisam realizar obras em vias públicas com o objetivo de atender seus consumidores.

Os pedidos são analisados pelo Presidente da Comissão Coordenadora de Obras e Reparos em Vias Públicas (SC/COR-VIAS), garantindo a conformidade das intervenções.


## **Para que serve:**

Obter a autorização necessária para a execução de obras, reparos e serviços em vias públicas que visam o atendimento ao consumidor. Isso assegura que as intervenções sejam realizadas dentro das normas e procedimentos estabelecidos.


## **Quem pode solicitar:**

Empresas, concessionárias ou profissionais responsáveis que necessitam realizar obras, reparos ou serviços em vias públicas para atender seus consumidores. É necessário apresentar a documentação completa, incluindo procuração e responsabilidade técnica."
Abertura de termo para transporte fretamento - Turismo / Eventos,
Termo Municipal de Encerramento (TME),
Inscrição em Programa de Tratamento Antitabagismo,"## **O que é:**

Este é um programa de tratamento para quem deseja parar de fumar, oferecido nas unidades da Atenção Primária.


## **Para que serve:**

Proporcionar o tratamento necessário para que indivíduos consigam deixar de fumar, com acompanhamento profissional e recursos adequados.


## **Quem pode solicitar:**

Qualquer pessoa que deseja parar de fumar pode se inscrever no programa."
Informações sobre posicionamento por tempo de serviço,"## O que é:

Informações sobre a mudança de nível ou categoria de cargo de servidores, com base no tempo de atividade profissional.

O procedimento é realizado de forma automatizada, diretamente no Sistema Informatizado de Recursos Humanos, conforme as regras vigentes.


## Como funciona:

A progressão ocorre de acordo com o tempo de atividade profissional registrado no sistema.

Quando o servidor atende aos requisitos estabelecidos, a alteração de nível ou categoria é processada automaticamente, sem necessidade de solicitação manual.


## Público-alvo:

Servidores que atendam aos requisitos de tempo de atividade profissional necessários para a mudança de nível ou categoria do cargo."
Cartão de Estacionamento para prestadores de serviços de utilidade pública,
Inclusão de Auxiliar - Transporte Complementar,
"Solicitação de desinterdição em serviços de saúde, embelezamento e atividades físicas",
Proteção de bens culturais de natureza material e imaterial,"## O que é:

Este serviço permite a proposição de proteção legal para bens culturais, sejam eles de natureza material (móveis ou imóveis) ou imaterial. O objetivo é formalizar o interesse em preservar elementos importantes do patrimônio cultural da cidade.

A solicitação é feita por meio de um requerimento em processo administrativo junto ao Instituto Rio Patrimônio da Humanidade (IRPH), o órgão municipal responsável pelo patrimônio cultural.


## Para que serve:

Este serviço serve para iniciar o processo de proteção legal de bens culturais, garantindo que elementos de valor histórico, artístico ou cultural sejam reconhecidos e preservados.

Ele permite que o IRPH, após análise técnica e aprovação do Conselho Municipal do Patrimônio Cultural (CMPC), encaminhe a proposta ao Prefeito para o prosseguimento da proteção legal do bem.


## Quem pode solicitar:

Qualquer cidadão ou entidade da sociedade civil que tenha interesse em propor a proteção de bens culturais pode solicitar este serviço. O requerimento deve ser protocolado junto ao IRPH.

O público-alvo inclui arquitetos, urbanistas, engenheiros, construtores, pesquisadores, estudantes, proprietários de imóveis e servidores públicos municipais."
Pagamento do financiamento imobiliário do Previ-Rio – 2ª via de boleto bancário,
Verificação de ocorrências no BRT,"## O que é:

Este serviço permite **reportar problemas** que ocorram durante o uso dos serviços de transporte público nos corredores do Sistema BRT. Inclui situações como problemas mecânicos ou falhas técnicas nos veículos.

Também é possível registrar ocorrências de atrasos nas linhas ou excesso de passageiros, contribuindo para a **fiscalização e melhoria** do sistema.


## Para que serve:

**Fiscalizar o funcionamento** do sistema BRT, garantindo a melhoria contínua e a prestação de um serviço de qualidade à população. O registro das ocorrências ajuda a identificar e corrigir falhas.

Contribui para a **segurança e eficiência** do transporte público, ao permitir que os cidadãos informem sobre irregularidades como atrasos, superlotação ou problemas nos veículos.


## Quem pode solicitar:

Qualquer **cidadão** que utilize ou presencie irregularidades nos serviços de transporte público do Sistema BRT."
ISS – Impugnação ao Termo de Exclusão do Simples Nacional,"## O que é:

Este serviço permite que o contribuinte apresente uma contestação formal contra a decisão que exclui, de forma oficial, uma microempresa ou empresa de pequeno porte do regime tributário Simples Nacional. É um processo administrativo para recorrer da exclusão.


## Para que serve:

O serviço serve para impugnar a decisão de exclusão de empresas do Simples Nacional. Ele oferece um meio legal para que microempresas e empresas de pequeno porte possam recorrer contra o Termo de Exclusão, buscando reverter o desenquadramento do regime tributário.


## Quem pode solicitar:

Este serviço pode ser solicitado por contribuintes que receberam um Termo de Exclusão do Simples Nacional. Especificamente, microempresas e empresas de pequeno porte que foram excluídas de ofício do regime tributário."
Constituição de Pessoa Jurídica para atividade dispensada de alvará de licença de estabelecimento,"## O que é:

Este serviço permite a **constituição de Pessoas Jurídicas **para atividades dispensadas da obtenção de Alvará de Licença para Estabelecimento.

A dispensa de alvará se aplica a estabelecimentos da União, Estados, Distrito Federal e Municípios, incluindo suas autarquias e fundações. Também abrange sedes de partidos políticos, missões diplomáticas, organismos internacionais reconhecidos pelo governo brasileiro, associações de moradores e templos religiosos.


## Para que serve:

Permitir que as entidades listadas, que são dispensadas de alvará, possam **acessar o Registro e Licenciamento de Empresas (REGIN) e arquivar seus atos constitutivos** no Registro Civil de Pessoas Jurídicas (RCPJ). Isso inclui tanto a constituição inicial quanto alterações de local dessas entidades.


## Quem pode solicitar:

Responsáveis por atividades dispensadas da obtenção de Alvará de Licença para Estabelecimento."
Atualização cadastral - Transporte Complementar,
TAXI.RIO Cidades - Informações sobre objeto perdido e verificação de irregularidades em táxi,
Parcelamento em casos de posse em Dívida Ativa,"## **O que é:**

Trata-se de pedido de parcelamento no qual o contribuinte está na posse contínua e incontestável, atuando como se proprietário fosse.


## **Para que serve:**

Possibilitar a regularização de débitos em Dívida Ativa para contribuintes que, embora não sejam proprietários formais, possuem o imóvel de forma contínua e incontestável. Isso permite que cumpram suas obrigações fiscais.


## **Quem pode solicitar:**

O serviço pode ser solicitado por contribuintes que se encontram na posse contínua e incontestável de um imóvel, atuando como se fossem os proprietários."
Fiscalização sanitária em criações de animais para fins comerciais,"## **O que é:**

Este serviço realiza a fiscalização da atividade de criação de cães, gatos, cavalos, bois, porcos, cabras e aves para fins comerciais. Ele avalia as condições sanitárias dos animais e de suas instalações.

Inclui a manutenção e reprodução de cães e gatos, bem como o comércio, manutenção e reprodução de cavalos, bois, porcos, cabras e aves em instalações privadas, garantindo a conformidade com a legislação sanitária.


## **Para que serve:**

O objetivo é regularizar e licenciar a atividade econômica de criação comercial de animais. Além disso, busca prevenir riscos à saúde pública que podem surgir pela possibilidade de transmissão de zoonoses.


## **Quem pode solicitar:**

Qualquer cidadão que observe uma atividades de criação comercial de animais em desacordo com as condições sanitárias ou a legislação vigente."
Informações sobre Medicina Alternativa para servidores,
Reativação de autorização de comércio ambulante,"## **O que é:**

Este serviço permite a reativação de uma autorização para comércio ambulante que foi previamente cancelada ou suspensa. É uma solicitação para regularizar a situação de comerciantes que tiveram sua permissão de trabalho interrompida.


## **Para que serve:**

Permitir que comerciantes ambulantes que tiveram sua autorização cancelada ou suspensa possam regularizar sua situação e retomar suas atividades de comércio de forma legal no município.


## **Quem pode solicitar:**

Comerciantes ambulantes que possuíam uma autorização para comércio e que tiveram essa autorização cancelada ou suspensa. O solicitante deve ser o titular da autorização anterior para dar andamento ao processo."
Informações sobre desconto e isenção do imposto sindical,
Orientação para obter o Cartão Nacional SUS (CNS),"## O que é:

Este serviço consiste na orientação para que se obtenha o Cartão Nacional SUS (CNS). O CNS permite que o cidadão tenha um registro oficial no Sistema Único de Saúde, essencial para o acesso aos serviços de saúde pública.


## Para que serve:

O Cartão Nacional SUS serve para identificar o usuário no Sistema Único de Saúde. Com ele, o cidadão pode acessar e utilizar os serviços de saúde oferecidos pelas unidades públicas, garantindo seu atendimento e o registro de seu histórico de saúde.


## Quem pode solicitar:

Qualquer cidadão pode solicitar o cadastramento para obter o Cartão Nacional SUS bastando se dirigir à unidade primária de saúde de referência com os documentos necessários."
"Análise de criação, extinção ou alteração de linha de ônibus (SPPO)",
"Vistoria em local com presença de insetos (mosquito, aranha e lacraia)",
Fiscalização de transporte de fretamento,
Atendimento em Hospitais Gerais e Especializados,"### O que é:

Informações sobre atendimento em hospitais especializados da rede pública, destinados a casos que necessitam de avaliação ou tratamento em diferentes especialidades clínicas e cirúrgicas.

O acesso a essas unidades ocorre, em geral, por encaminhamento realizado pela Atenção Primária, como as Clínicas da Família ou os Centros Municipais de Saúde, por meio do sistema de regulação.


### Como funciona:

Quando o paciente necessita de avaliação ou tratamento especializado, a equipe da unidade de Atenção Primária realiza o encaminhamento pelo Sistema de Regulação (SISREG). A marcação do atendimento depende da disponibilidade de vagas e da demanda para cada especialidade.

Em situações de emergência psiquiátrica, o atendimento pode ser buscado diretamente em unidades específicas, sem necessidade de regulação prévia.


### Público-alvo:

Pacientes que foram encaminhados para atendimento especializado a partir das unidades de Atenção Primária, conforme a necessidade do tratamento.


### Informações importantes:

A solicitação de transferência de pacientes internados em Unidades de Pronto Atendimento (UPA), hospitais da rede privada ou outras unidades hospitalares para hospitais da rede pública deve ser realizada pela própria unidade de saúde onde o paciente está internado. O prazo para consultas e procedimentos depende da oferta de vagas no sistema de regulação."
Informações sobre encerramento de folha de pagamento de servidor,
Arrematação em Dívida Ativa,"## **O que é:**

Requerimento Administrativo que visa desvincular os débitos de imóvel arrematados em hasta pública de forma livre e desembaraçada, nos termos do Art. 130, Parágrafo único do CTN.

A desvinculação dos débitos é realizada conforme o que está previsto no Art. 130, Parágrafo único do Código Tributário Nacional (CTN), assegurando a regularização da situação fiscal do bem.


## **Para que serve:**

Serve para assegurar que os imóveis adquiridos em hasta pública sejam entregues ao novo proprietário sem os débitos anteriores. Garante a liberação de dívidas e a transferência livre e desembaraçada do bem.


## **Quem pode solicitar:**

Pode ser solicitado pelo cidadão que arrematou um imóvel em hasta pública. Caso a solicitação não seja feita pelo próprio arrematante, é necessário apresentar uma procuração que o represente legalmente."
Infração ao Código Disciplinar de Transporte de Passageiros – Segunda Instância,
"Agendamento, consulta e cancelamento de vistoria por permissão - Transporte Complementar",
Informações sobre apoio indireto (ISS - Lei de Incentivo à Cultura),
Fiscalização de transporte escolar,
ISS – Recurso especial,
Juntada de documentos em Dívida Ativa,"## **O que é:**

Requerimento administrativo que visa a juntada de documentos em processos ou requerimentos do acervo da Procuradoria da Dívida Ativa


## **Para que serve:**

Permitir a juntada de documentos importantes em processos ou requerimentos já registrados na Procuradoria da Dívida Ativa. Isso assegura que todas as informações relevantes estejam anexadas ao seu caso para análise e acompanhamento.


## **Quem pode solicitar:**

Qualquer cidadão ou entidade que possua um processo ou requerimento em andamento no acervo da Procuradoria da Dívida Ativa e precise adicionar novos documentos. Se a solicitação não for feita pelo próprio interessado, é necessário apresentar uma procuração."
Solicitação de autorização para do desfile de Blocos de Rua,"## O que é:

Este serviço oferece as informações necessárias para a **inscrição de Blocos de Rua** que desejam desfilar durante o carnaval no Rio de Janeiro. Ele detalha o processo para registrar oficialmente um bloco, permitindo sua participação nos desfiles.


## Para que serve:

Permitir que blocos de rua se **inscrevam e obtenham a autorização** necessária para desfilar no carnaval do Rio de Janeiro. Isso garante a organização e a legalidade dos desfiles, contribuindo para a celebração cultural da cidade.


## Quem pode solicitar:

O serviço pode ser solicitado por **representantes legais de um bloco de rua**."
Licença Municipal Simplificada de Habitação (LSH),"## O que é:

A Licença Municipal Simplificada de Habitação (LSH) é uma autorização que permite a instalação de empreendimentos habitacionais de interesse social. Este serviço é realizado em uma única fase, simplificando o processo de licenciamento.

Atualmente, o serviço é prestado de forma digital. O solicitante envia o requerimento e a documentação técnica por e-mail, e a equipe técnica gera um processo digital na plataforma sei.rio. Para requerimentos apresentados em processos físicos antes da implantação do Processo.Rio, os documentos devem ser entregues presencialmente por procurador ou representante legal.


## Para que serve:

Autorizar a instalação de empreendimentos habitacionais de interesse social, promovendo a análise inicial e a correta adequação ambiental da atividade para a emissão da licença.


## Quem pode solicitar:

Entidades ou responsáveis por empreendimentos habitacionais de interesse social. Isso inclui construtoras, incorporadoras ou representantes legais que buscam licenciar projetos de habitação social no município."
Emissão de TUAP para feirantes,
Informações sobre a vacina antirrábica em humanos,
"Fiscalização sanitária de fumo em mercados, supermercados e agroindústria",
Infração ao Código Disciplinar de Transporte de Passageiros - Cancelamento (Primeira Instância),
Licenciamento Sacolão Volante,"**O que é:**

Este serviço consiste na **concessão de autorização** para o exercício da atividade de Economia Sobre Rodas no município. É voltado especificamente para a venda de produtos hortifrutigranjeiros em unidades móveis, conhecidas como **Sacolão Volante**. A autorização permite que empreendedores atuem de forma regularizada, seguindo as normas municipais para este tipo de comércio.

Acesse **[aqui](https://ordempublica.prefeitura.rio/wp-content/uploads/sites/30/2024/10/TERMO-USO_AVISO-PRIVACIDADE_CESR_SACOLAO-VOLANTE-v1.pdf)** o Termo de Uso e Aviso de Privacidade


**Para que serve:**

O serviço garante a **legalidade** e a **regularização** da atividade de venda de produtos hortifrutigranjeiros em unidades móveis. Ele permite que produtores e comerciantes ofereçam seus produtos diretamente aos consumidores em diferentes locais da cidade, sob autorização municipal.


**Quem pode solicitar:**

Este serviço pode ser solicitado por **Produtores Rurais Pessoa Física (PRPF) com Inscrição Estadual (IE), Microempresários (ME) ou Microempreendedores Individuais (MEI)**."
Atendimento em Centro de Emergência Regional (CER),
Autorização para cemitérios e crematórios particulares de animais,"## **O que é:**

Este serviço é o procedimento para solicitar a **autorização prévia** para a localização de cemitérios e crematórios de animais no Município do Rio de Janeiro. Ele abrange tanto os serviços individuais quanto os coletivos, sendo que o sepultamento de animais domésticos e domesticados deve ser realizado de forma individual.


A solicitação é encaminhada à Secretaria Municipal de Proteção e Defesa dos Animais (SMPDA), que coordena a análise de uma Comissão Municipal. Esta comissão, composta por membros da SMPDA, IVISA-RIO e SMDEIS, avalia a documentação e pode solicitar informações adicionais.


O processo passa por diversas análises de órgãos como SMAC e SMS, e também por uma análise jurídica da Procuradoria Administrativa (PADM), antes de ser encaminhado ao Chefe do Poder Executivo. É importante ressaltar que a autorização prévia de localização não garante a aprovação final do projeto ou o funcionamento do cemitério.


## **Para que serve:**

Obter a **autorização oficial** necessária para estabelecer e operar cemitérios e crematórios de animais no Rio de Janeiro. Este processo visa garantir que esses locais sejam adequados e respeitem os padrões sanitários e ambientais exigidos pela legislação municipal.


## **Quem pode solicitar:**

É destinado a quem busca autorização para a localização de cemitérios e crematórios de animais:

- Cidadão em geral;
- Condomínios;
- Consumidores;
- Empresários;
- Tutores de animais;
- Moradores da cidade do Rio de Janeiro."
Solicitação de desinterdição em estabelecimentos comerciais em geral,
Situação de nota de débito na SMDU,
Recurso de notificação de atividade econômica,"## **O que é:**

Este serviço permite que o cidadão ou empresa apresente um recurso para defesa ou questionamento de uma Notificação recebida. Essa notificação está relacionada ao exercício de alguma atividade econômica.

É um meio formal para contestar ou esclarecer pontos de uma autuação ou aviso oficial emitido pelo órgão competente.


## **Para que serve:**

Permitir a **defesa** ou **questionamento** de notificações referentes ao exercício de atividades econômicas. Garante o direito de contestar as exigências ou apontamentos feitos pela fiscalização.


## **Quem pode solicitar:**

Qualquer pessoa física ou jurídica que exerça **atividade econômica** e tenha recebido uma notificação oficial da Secretaria Municipal de Fazenda ou da Coordenadoria de Licenciamento e Fiscalização."
Emissão de segunda via do CIAT - Transporte Complementar,
Requerimento de fruição de valor de cargo de confiança,"## **O que é:**

Este serviço permite que um servidor público solicite a **fruição de valores de cargo de confiança**. O benefício é concedido quando o servidor atuou em cargo de confiança por 10 anos ininterruptos ou 15 anos intercalados, ou seja, com interrupções.

A integralização do valor percebido pelo cargo de confiança é um direito estabelecido pela Lei Complementar nº 212/2019. É importante notar que somente os servidores que exerciam cargos de confiança na data de publicação desta Lei podem solicitar o benefício.


## **Para que serve:**

Garantir a integralização do valor percebido pelo cargo de confiança para servidores que cumpriram os requisitos de tempo de atuação. Este serviço assegura o direito à fruição dos valores de cargo de fidúcia, conforme a legislação vigente.


## **Quem pode solicitar;**

Servidores que se enquadram nos critérios estabelecidos. Especificamente, podem solicitar os servidores que atuaram em cargo de confiança por 10 anos ininterruptos ou 15 anos intercalados.

É um requisito fundamental que o servidor estivesse exercendo cargo de confiança na data de publicação da Lei Complementar nº 212/2019 para ter direito ao benefício."
Alteração do sentido de circulação de vias,
Cadastro Nacional de Estabelecimento de Saúde,
Fiscalização sanitária de fumo em estabelecimentos fechados de alimento ou de ensino,
Pesquisa ao acervo arqueológico do Laboratório Aberto de Arqueologia Urbana (LAAU),"## O que é:

Este serviço oferece atendimento presencial a pesquisadores que desejam consultar o acervo arqueológico sob a guarda do Laboratório Aberto de Arqueologia Urbana (LAAU). O objetivo é facilitar o acesso a materiais e informações para estudos e pesquisas na área.

É importante notar que o serviço está temporariamente suspenso devido ao caráter provisório das instalações do LAAU no Prédio Docas D. Pedro II.


## Para que serve:

Permitir que pesquisadores e estudantes acessem e consultem o acervo arqueológico do LAAU. Isso apoia o desenvolvimento de pesquisas acadêmicas e científicas, contribuindo para o conhecimento e a preservação do patrimônio cultural.


## Quem pode solicitar:

Pesquisadores e estudantes que estejam vinculados a instituições acadêmicas ou de pesquisa. É necessário que a instituição de vínculo do pesquisador encaminhe um ofício ao gabinete do IRPH para apresentá-lo e solicitar o atendimento à pesquisa.

Além disso, o pesquisador deve possuir um documento do IPHAN que autorize o acesso ao acervo. Este documento precisa conter os dados pessoais do pesquisador, o título ou assunto da pesquisa e o prazo de sua realização.


**Atenção: **O serviço está temporariamente suspenso devido ao caráter provisório das instalações do LAAU no Prédio Docas D. Pedro II. O número de caixas disponibilizadas para consulta é limitado a 10 por dia. As consultas estão disponíveis somente às quintas-feiras, das 10h às 12h ou das 13h às 16h, e não é permitida a permanência de pesquisadores fora desses horários."
Fiscalização sanitária de fumo em estabelecimentos comerciais em geral,
"Vistoria de Táxi - 1ª Autonomia, Inclusão e Permuta de Veículo e Vistoria Extra",
Levantamento de depósito em Dívida Ativa,"## **O que é:**

Este é um requerimento administrativo que permite ao Município do Rio de Janeiro solicitar o levantamento de valores que foram depositados em processos judiciais ou administrativos.


## **Para que serve:**

Permitir que o Município acesse e utilize os valores que foram depositados em seu favor, seja por decisão judicial ou em processos administrativos.


## **Quem pode solicitar:**

Cidadãos ou empresas que realizaram depósitos judiciais ou administrativos e que o Município precisa levantar. A solicitação pode ser feita pelo próprio depositante ou por seu procurador legalmente constituído."
Exames laboratoriais para diagnóstico de Raiva animal,"## **O que é:**

Realização de exames laboratoriais em cadáveres de animais ou material coletado de animais para diagnóstico de Raiva.


## **Para que serve:**

O serviço tem como objetivo principal** **identificar a presença do vírus da Raiva** **em animais. Isso é fundamental para o controle e a prevenção da doença, especialmente em situações de suspeita de infecção.


## **Quem pode solicitar:**

Qualquer cidadão pode solicitar este serviço."
"Emissão de segunda via de carteira e cartão em Feiras Livres, Feiras Móveis, Feiras Especiais e Feirartes","**O que é:**

Este serviço permite solicitar a **emissão da segunda via da carteira e do cartão** destinados a feirantes, expositores e ambulantes que atuam em Feiras Livres, Feiras Móveis, Feiras Especiais e Feirartes.


Acesse** ****[aqui](https://ordempublica.prefeitura.rio/wp-content/uploads/sites/30/2024/06/TERMO-DE-USO-AVISO-FEIRAS-LIVRES-MOVEIS-FEIRAS-ESPECIAIS-E-FEIRARTES-v3.pdf)**** **o Termo de Uso e Aviso de Privacidade.


**Para que serve:**

O serviço tem como objetivo **emitir a segunda via da carteira e do cartão** para exercerem suas atividades nas feiras regulamentadas no município. Garantindo a identificação e o acesso a esses espaços regulamentados.


**Quem pode solicitar:**

Pode solicitar o **Feirante/Expositor/Ambulante em feira** que já possui a carteira e o cartão originais e necessitam de uma segunda via. A solicitação também pode ser feita por um **representante legal ou despachante**."
Atendimento em Centros Especializados de Reabilitação,"## O que é:

Os Centros Especializados de Reabilitação são unidades de referência que oferecem atenção especializada e atendimento multi e interdisciplinar. A reabilitação é um processo dinâmico que busca restabelecer as funções do paciente, que por motivo de doenças, acidentes ou outros eventos, podem ter sido prejudicadas.


## Para que serve:

O objetivo é proporcionar diagnóstico, tratamento e  acompanhamento, além de conceder, adaptar e manter recursos e serviços que ajudem a ampliar as habilidades funcionais de pessoas com deficiência, seja ela temporária ou permanente, visando promover uma vida mais inclusiva e com maior autonomia para os pacientes.


## Quem pode solicitar:

O serviço é destinado a qualquer cidadão morador do Município do Rio de Janeiro que necessite de reabilitação."
Licença Ambiental Municipal Comunicada para obras públicas de infraestrutura (LAC),
Certidão Municipal de Inexigibilidade de Licenciamento Ambiental para obras,
Informações sobre seguro contra danos físicos de imóvel financiado pelo Previ-Rio,"## O que é:

Este serviço oferece informações e permite a comprovação do seguro obrigatório de imóveis financiados pelo Previ-Rio. Ele estabelece uma distinção importante nas regras aplicáveis, dependendo da data em que o financiamento foi assinado.

Para imóveis financiados até o ano 2000, o serviço possibilita a comprovação do seguro já existente. No caso de financiamentos realizados após o ano 2000, o Previ-Rio não assume responsabilidade por danos físicos no imóvel, exigindo que o mutuário contrate um Seguro contra Danos Físicos anualmente, mantendo a apólice sempre em vigor.


## Para que serve:

O serviço tem como finalidade principal informar servidores e pensionistas sobre suas responsabilidades e os requisitos do seguro obrigatório para imóveis financiados pelo Previ-Rio. Além disso, ele permite a comprovação do seguro para financiamentos específicos.

Seu objetivo é assegurar que os mutuários estejam plenamente cientes da necessidade de manter o seguro residencial atualizado, conforme estipulado na Cláusula décima-primeira da Escritura de Compra e Venda, especialmente para aqueles que precisam contratar o seguro de forma independente.


## Quem pode solicitar:

Este serviço é direcionado a servidores e pensionistas que possuem imóveis financiados pelo Previ-Rio.

Mutuários com financiamentos assinados até o ano 2000 podem solicitar a comprovação do seguro. Para financiamentos realizados após o ano 2000, o serviço fornece as informações necessárias sobre a obrigatoriedade de contratação de um seguro próprio."
Valores pagos indevidamente ao Previ-Rio - Ressarcimento,
ISS – Recurso contra Declaração de Perempção,
TAXI.RIO Cidades - Solicitação de devolução de pagamento,
Desarquivamento em Dívida Ativa,"## **O que é:**

Requerimento administrativo que visa o desarquivamento de processos ou requerimentos administrativos do acervo da Procuradoria da Dívida Ativa (PDA).


## **Para que serve:**

O serviço tem como objetivo principal possibilitar o acesso e a consulta a processos e requerimentos que foram previamente arquivados. Isso permite que o interessado possa dar continuidade a trâmites, obter informações ou regularizar situações relacionadas a esses documentos.


## **Quem pode solicitar:**

Pode solicitar este serviço qualquer cidadão ou entidade que seja parte interessada em processos ou requerimentos administrativos arquivados no acervo da Procuradoria Geral do Município ou da Procuradoria da Dívida Ativa. Caso a solicitação não seja feita pelo próprio interessado, é necessário apresentar uma procuração."
Manutenção de bicicletas do sistema Bike Rio,"## O que é:

Este serviço consiste na verificação das condições das estações e bicicletas que fazem parte do sistema Bike Rio.


## Para que serve:

O objetivo é garantir que as bicicletas e suas estações estejam em bom estado para o aluguel e uso pela população, permitindo que os usuários encontrem equipamentos em condições adequadas para o uso, promovendo a mobilidade urbana.


## Quem pode solicitar:

Qualquer cidadão que identificar problemas nas estações ou bicicletas do sistema Bike Rio."
"Instalação de publicidade, gradil e toldos em Imóveis protegidos","## O que é:

Este serviço permite obter um Parecer do IRPH (Instituto Rio Patrimônio da Humanidade). Ele é necessário para a licença ou legalização da instalação de publicidade (como letreiros), gradis ou toldos em imóveis que são considerados protegidos.

Imóveis protegidos incluem aqueles que são tombados, preservados, passíveis de renovação/tutelados, ou que estão em áreas de APAC (Área de Proteção do Ambiente Cultural). Também se aplica a imóveis em áreas de entorno de Bem Tombado, em Sítios Declarados Patrimônio Cultural pela UNESCO, ou construídos antes de 1938.


## Para que serve:

O parecer do IRPH serve para autorizar ou regularizar a instalação de letreiros, gradis e toldos em imóveis com valor histórico, cultural ou ambiental reconhecido. Isso garante que as intervenções respeitem as características e a legislação de proteção do patrimônio da cidade.


## Quem pode solicitar:

Este serviço pode ser solicitado por arquitetos, urbanistas, engenheiros, construtores, pesquisadores, estudantes, proprietários de imóveis e servidores públicos municipais.


É importante ressaltar que o serviço se aplica apenas a imóveis que são protegidos pelo patrimônio cultural."
Notificação de irregularidades em contratos de empresas terceirizadas da Secretaria de Educação,"## O que é:

Este serviço permite notificar irregularidades trabalhistas que teriam sido cometidas por empresas terceirizadas que prestam serviços para a Secretaria de Municipal de Educação. É um canal para reportar supostas falhas no cumprimento de obrigações trabalhistas por parte dessas entidades contratadas.


## Para que serve:

O serviço visa garantir a fiscalização e o cumprimento das obrigações trabalhistas pelas empresas terceirizadas. Ao receber a notificação, a secretaria responsável verifica os fatos e, se confirmadas as irregularidades, aplica as penalidades previstas em contrato, podendo incluir o bloqueio de pagamentos.


## Quem pode solicitar:

Qualquer cidadão que tenha conhecimento de irregularidades trabalhistas envolvendo empresas terceirizadas da Secretaria de Municipal de Educação."
Apoio à produções audiovisuais - Rio Film Commission,"## O que é:

Este é um serviço de apoio oferecido pela Rio Film Commission para produtores de conteúdo audiovisual. Ele visa auxiliar na conexão com locações, sejam elas privadas ou públicas, mesmo aquelas que não são diretamente atendidas pela Prefeitura do Rio de Janeiro.


O serviço também abrange o suporte para filmagens que ocorrerão em equipamentos administrados por órgãos municipais, facilitando o processo para os produtores.


## Para que serve:

O serviço serve para **apoiar e facilitar** **a produção de conteúdo audiovisual na cidade do Rio de Janeiro**. Ele ajuda produtores a encontrar e acessar locações, além de auxiliar na obtenção de autorizações para filmar em espaços públicos e equipamentos municipais.


## Quem pode solicitar:

Produtores de conteúdo audiovisual que necessitam de apoio para suas filmagens no Rio de Janeiro."
Colocação de mesas e cadeiras em Área de Proteção do Ambiente Cultural (APAC) ou em Áreas de Entorno de Bem Tombado (AEBT),"## O que é:

Este serviço consiste na emissão de um parecer pelo IRPH – Instituto Rio Patrimônio da Humanidade. Este parecer é necessário para o licenciamento da ocupação de espaços públicos com mesas e cadeiras.

A solicitação é aplicável em Áreas de Proteção do Ambiente Cultural (APAC) ou em Áreas de Entorno de Bem Tombado (AEBT).


## Para que serve:

Obter a aprovação do IRPH para a instalação de mesas e cadeiras em áreas públicas protegidas. Isso permite que estabelecimentos comerciais utilizem esses espaços de forma regularizada, respeitando o patrimônio cultural e ambiental da cidade.


## Quem pode solicitar:

O serviço pode ser solicitado por diversos públicos, incluindo arquitetos, urbanistas, engenheiros, construtores, pesquisadores, estudantes, proprietários de imóveis e o cidadão em geral. Também é destinado a servidores públicos municipais que necessitem deste parecer."
Licença Municipal de Recuperação (LMR),
Suspensão de cobrança em Dívida Ativa,"## **O que é:**

Requerimento Administrativo que visa a suspensão da exigibilidade do crédito tributário nas situações do art.151 do CTN, ou do crédito não tributário, desde que a decisão no processo administrativo que originou o débito não seja definitiva.


## **Para que serve:**

O serviço tem como objetivo suspender a exigibilidade de um crédito tributário ou não tributário. Isso ocorre quando a cobrança não deveria estar ativa devido a uma suspensão legal ou a um erro no processo administrativo que gerou o débito.


## **Quem pode solicitar:**

Qualquer pessoa que possua um débito tributário ou não tributário cuja exigibilidade deva ser suspensa. Isso inclui o próprio devedor ou seu representante legal, mediante apresentação de procuração."
Vistoria de imóvel para emissão de laudo técnico de ausência de animais em demolições,
Solicitação de revisão do FGTS do servidor celetista,"## O que é:

Este serviço permite que servidores celetistas solicitem a revisão do seu Fundo de Garantia do Tempo de Serviço (FGTS).

É destinado a situações onde o servidor identifica algum erro no recolhimento dos valores devidos ao fundo.


## Para que serve:

Corrigir eventuais falhas ou inconsistências no recolhimento do FGTS, garantindo que o saldo do servidor esteja correto e atualizado conforme a legislação.


## Quem pode solicitar:

O serviço pode ser solicitado por servidores e pensionistas que se enquadram na categoria celetista e que tenham verificado erros no recolhimento de seu FGTS."
Licenciamento de reparos de emergência especiais em vias públicas,"## **O que é:**

Este serviço consiste na emissão de uma Licença para Reparos de Emergência Especiais em Vias Públicas. É uma autorização precária, concedida pela Secretaria Executiva da COR-VIAS, que permite a realização de intervenções urgentes em vias públicas.

Os requerimentos para este tipo de licenciamento são limitados a 25 reparos por solicitação, por Coordenadoria Regional de Conservação (CRC).


## **Para que serve:**

O licenciamento serve para formalizar e regularizar os reparos de emergência realizados em vias públicas, garantindo que, mesmo em situações urgentes, as intervenções estejam em conformidade. Ele também estabelece a obrigatoriedade de comunicação imediata dos reparos.

Todos os reparos de emergência especiais devem ser comunicados via e-mail às Coordenadorias Regionais de Conservação, ao Centro de Operações e Resiliência, à Companhia de Engenharia de Tráfego do Rio de Janeiro e à Secretaria Executiva da COR-VIAS.


## **Quem pode solicitar:**

Este serviço pode ser solicitado por representantes de empresas ou entidades responsáveis pela execução de reparos de emergência especiais em vias públicas. É necessário apresentar procuração com poderes específicos para requerer e acompanhar o processo de licenciamento.

A documentação comprobatória dos reparos deve ser apresentada no prazo de até 05 (cinco) dias úteis após a conclusão dos serviços."
Extinção de serviço de transporte de passageiros complementar comunitário (STPC),
Baixa de Auxiliar - Transporte Complementar,
Cartão de estacionamento para veículos prestadores de serviços de mobiliário urbano,"## **O que é:**

Este serviço fornece informações sobre como obter uma autorização especial de estacionamento. Ela é destinada a veículos de empresas que prestam serviços de implantação, manutenção e conservação do mobiliário urbano.

A autorização permite o estacionamento em vias do Município do Rio de Janeiro quando os veículos estão em efetiva atuação operacional, pelo tempo exclusivamente necessário para este tipo de operação.


## **Para que serve:**

Facilitar a execução de serviços essenciais de implantação, manutenção e conservação do mobiliário urbano. Garante que os veículos das empresas contratadas possam estacionar temporariamente nas vias públicas para realizar suas atividades operacionais.


## **Quem pode solicitar:**

Empresas prestadoras de serviços de implantação, manutenção e conservação do mobiliário urbano. É necessário que essas empresas sejam contratadas pelo Município do Rio de Janeiro."
Revisão dos valores da declaração de rendimentos inativos e pensionistas – DIRF,
Análise de alteração de linha de STPL,
Informações sobre continuidade de pensão “post mortem”,"## **O que é:**

Este serviço oferece informações detalhadas sobre a continuidade da pensão por falecimento, especialmente para beneficiários que completam 21 anos de idade. Ele esclarece os casos em que o direito à pensão pode ser extinto e as condições para sua prorrogação.

A pensão pode ser estendida até os 25 anos para beneficiários que estejam frequentando curso universitário, desde que o óbito do segurado tenha ocorrido até 06/05/2003. O valor do benefício permanece o mesmo da pensão original.


## **Para que serve:**

Fornecer clareza sobre as regras de manutenção ou extinção da pensão para dependentes, garantindo que os beneficiários compreendam seus direitos e as condições para a prorrogação do benefício, principalmente em casos de continuidade dos estudos universitários.


## **Quem pode solicitar:**

Pensionistas que são beneficiários de pensão por falecimento, especialmente aqueles que estão próximos de completar 21 anos ou que já completaram e desejam verificar a possibilidade de prorrogação do benefício por estarem cursando ensino universitário."
"Cidade das Artes - Solicitação de pauta para espetáculos, shows e eventos","## **O que é:**

Este serviço permite a solicitação de uso de espaços na Cidade das Artes Bibi Ferreira. A cessão de pauta para espetáculos, shows e eventos é realizada por meio de chamamentos públicos específicos.


## **Para que serve:**

Permitir que produtores culturais, artistas e demais interessados utilizem os diversos espaços da Cidade das Artes para a realização de eventos culturais, artísticos e de entretenimento.


## **Quem pode solicitar:**

Qualquer cidadão ou grupo interessado em apresentar um projeto artístico-cultural. Isso inclui propostas para peças teatrais, espetáculos de dança, shows musicais, lançamentos de livros ou filmes, entre outras atrações."
Solicitação de Licença médica por acidente de trabalho para servidores municipais,
Ressarcimento de saldo remanescente de arrematação de veículo leiloado,"## **O que é:**

Este serviço permite solicitar o **ressarcimento de valores que sobraram após a arrematação de um veículo em leilão**. É um requerimento para que o cidadão receba de volta o saldo remanescente, ou seja, o dinheiro que excedeu o valor necessário para cobrir as despesas do leilão e outras taxas.


**Informações importantes:**

Antes de fazer a solicitação, é importante que o proprietário do veículo consulte se há saldo disponível para ressarcimento na página da Secretaria Municipal de Ordem Pública (SEOP), clicando **[aqui](https://ordempublica.prefeitura.rio/saldo-remanescente-de-leilao-de-veiculos/)**.

O requerente deve ser o **primeiro titular** da conta bancária (corrente ou poupança) indicada para o ressarcimento, pois não é possível solicitar o ressarcimento através de conta salário ou cheque.


Acesse **[aqui](https://ordempublica.prefeitura.rio/wp-content/uploads/sites/30/2024/06/TERMO-DE-USO-AVISO-RESSARCIMENTO-DE-TAXAS-OU-SALDO-DE-ARREMATACAO-v3.pdf)** o Termo de Uso e Aviso de Privacidade.


## **Para que serve:**

Garantir que o proprietário de um veículo leiloado receba de volta o saldo financeiro que restou após a venda do bem e a quitação de todas as dívidas e custos relacionados ao leilão.


## **Quem pode solicitar:**

Qualquer cidadão que seja o proprietário do veículo leiloado e que tenha saldo remanescente a receber."
Notificação de irregularidades em contratos de empresas terceirizadas da COMLURB,"## O que é:

Este serviço permite notificar irregularidades trabalhistas que teriam sido cometidas por empresas terceirizadas que prestam serviços para a COMLURB. É um canal para reportar situações onde os direitos dos trabalhadores contratados por essas empresas não estariam sendo cumpridos. É importante notar que este serviço é exclusivo para questões trabalhistas de terceirizados.


## Para que serve:

Fiscalizar e garantir o cumprimento das obrigações trabalhistas por parte das empresas terceirizadas que prestam serviços à COMLURB. O objetivo é assegurar que as penalidades previstas em contrato sejam aplicadas, podendo incluir o bloqueio de pagamento da fatura, caso as irregularidades sejam confirmadas.


## Quem pode solicitar:

Qualquer cidadão que tenha conhecimento de irregularidades trabalhistas envolvendo empresas terceirizadas da COMLURB."
Cartão de estacionamento para veículos de imprensa,
"Fiscalização do uso de fumo em estabelecimentos de saúde, estética e atividade física",
Informações sobre o Programa de Saúde Vocal do Professor,"## O que é:

Este é um programa dedicado à saúde vocal dos professores da rede municipal de educação do Rio de Janeiro. Ele é conduzido por uma equipe de fonoaudiólogas que oferecem treinamentos, oficinas e tratamento vocal.

O programa inclui um Treinamento Vocal com foco preventivo, que ensina noções de saúde da voz e exercícios práticos para o dia a dia do docente. Além disso, oferece tratamento vocal para reabilitar a voz de professores que já apresentam alguma patologia.


## Para que serve:

O programa serve para promover a saúde da voz dos professores, prevenindo o surgimento de problemas vocais e melhorando a qualidade de vida. Ele também atua na reabilitação da voz de docentes que já possuem patologias, garantindo que possam exercer suas funções com bem-estar.


## Público-alvo:

Professores ativos da rede municipal de educação do Rio de Janeiro. O programa é voltado para aqueles que buscam prevenção ou tratamento para a saúde de sua voz."
Consulta de multas por permissão - Transporte Complementar,
Notificação de irregularidades em contratos de empresas terceirizadas da Secretaria da Pessoa com Deficiência,"## **O que é:**

Este serviço permite notificar irregularidades trabalhistas supostamente cometidas por empresas terceirizadas que prestam serviços para a Secretaria Municipal da Pessoa com Deficiência.

É um canal exclusivo para reportar falhas no cumprimento de obrigações trabalhistas por parte dessas entidades contratadas pelo Município.


## **Para que serve:**

O serviço serve para fiscalizar e garantir o cumprimento das obrigações trabalhistas por empresas terceirizadas contratadas pela Secretaria Municipal da Pessoa com Deficiência. Ele permite que a secretaria responsável verifique as denúncias e, se confirmadas as irregularidades, aplique as penalidades contratuais.

Essas penalidades podem incluir, se necessário, o bloqueio do pagamento da fatura da empresa, conforme previsto no contrato e na legislação vigente.


## **Quem pode solicitar:**

Qualquer cidadão que tenha conhecimento de irregularidades trabalhistas envolvendo empresas terceirizadas da Secretaria Municipal da Pessoa com Deficiência."
Informações sobre limites de áreas protegidas,
Fiscalização sanitária em agroindústrias e cervejas artesanais,
Encerramento de termo dos Modais de Transporte,
ISS - Informações sobre desconto/parcelamento para empresas no entorno da Avenida Brasil,
"Abono de faltas em Feiras Livres, Feiras Móveis, Feiras Especiais, Antiquários e Feirartes","## **O que é:**

Este serviço consiste no **requerimento formal para abono de faltas justificadas** em feiras regulamentadas do município. Abrange as Feiras Livres, Feiras Móveis, Feiras Especiais, Antiquários e Feirartes.

É um processo administrativo essencial para que os comerciantes que atuam nestes locais possam justificar suas ausências e manter a regularidade de sua participação, conforme as normas estabelecidas pela legislação municipal.


Acesse** ****[aqui](https://ordempublica.prefeitura.rio/wp-content/uploads/sites/30/2024/06/TERMO-DE-USO-AVISO-FEIRAS-LIVRES-MOVEIS-FEIRAS-ESPECIAIS-E-FEIRARTES-v3.pdf)**** **o Termo de Uso e Aviso de Privacidade


## **Para que serve:**

O serviço serve para **permitir que feirantes, expositores e ambulantes em feiras** justifiquem suas faltas, garantindo a regularidade de sua participação e evitando possíveis sanções ou penalidades por ausências não comunicadas ou não abonadas.


## **Quem pode solicitar:**

Podem solicitar o abono de falta o** Feirantes/Expositor/Ambulante em feira** que opera nas feiras regulamentadas no município. A solicitação também pode ser feita por um **representante legal ou despachante**."
Autorização para instalação de paraciclos em local público,"## O que é:

Este serviço permite obter a **autorização** para instalação de paraciclos em local público no município do Rio de Janeiro. Um paraciclo é um suporte físico onde a bicicleta é presa, podendo ser instalado como parte do mobiliário urbano na via ou fora dela para a fixação de bicicletas, funcionando como um bicicletário.

As solicitações são analisadas pela gerência responsável, após a análise, é concedida a autorização para a implantação dos paraciclos.


## Para que serve:

Garantir a **instalação legal e organizada** de estruturas para estacionamento de bicicletas em áreas públicas, promovendo a mobilidade sustentável e o uso de bicicletas na cidade.


## Quem pode solicitar:

Qualquer **pessoa física ou jurídica** interessada pode solicitar esta autorização."
Verificação de ocorrências nas bilheterias do BRT,"## O que é:

Este serviço permite que o cidadão reporte problemas relacionados às bilheterias do sistema BRT. Isso inclui a ausência de funcionários, falhas nas máquinas de autoatendimento, catracas com defeito, dificuldades na recarga de bilhetes, ou qualquer situação de mau atendimento que afete o uso.

O objetivo é registrar e encaminhar essas ocorrências para garantir a melhoria contínua e a qualidade do serviço prestado à população.


## Para que serve:

Garantir a fiscalização efetiva das bilheterias do BRT, permitindo a identificação e correção de irregularidades. O serviço busca assegurar o bom funcionamento das estações e a qualidade do atendimento aos usuários do sistema.


## Quem pode solicitar:

Qualquer cidadão que identifique problemas ou irregularidades nas bilheterias do sistema BRT."
Selo Amigo dos Animais,"## **O que é:**

O Selo “Amigo dos Animais” é um credenciamento para empresas, bares, restaurantes, organizações não governamentais, associações protetoras de animais e pessoas físicas. Ele reconhece e destaca quem promove iniciativas, ações ou projetos de fomento aos bons tratos com animais e incentiva a responsabilidade ambiental.


Para receber o Selo, é necessário cumprir os seguintes pré-requisitos abaixo:


## **1) Adequação:**

**I –** Disponibilizar áreas ou quartos designados para acomodação de animais de estimação, com identificação clara e higienização regular;  
**II –** Oferecer acesso à água potável e espaço pré-determinado para colocação de vasilhames com alimentos adequados aos animais, quando necessário;  
**III –** Implementar políticas claras sobre comportamento e controle dos animais, incluindo a obrigatoriedade do uso de coleira e guia em áreas comuns;  
**IV –** Dispor de recipientes apropriados para descarte de resíduos dos animais, com higienização e manutenção adequadas;  
**V –** Garantir a segurança e o conforto dos animais, evitando situações que possam causar estresse ou risco à sua integridade física;  
**VI –** Disponibilizar, quando possível, informações sobre serviços veterinários e áreas de recreação para animais localizadas nas proximidades do estabelecimento;  
**VII –** Apresentar locais onde possam ser afixadas guias para garantir a permanência do animal junto ao tutor.


## **2) Sugerido:**

Recomenda-se a implementação de ações de incentivo à adoção responsável de animais, podendo ser realizada por meio de QR Code, encartes (em caso de mercados) ou outras formas de divulgação, promovendo a visibilidade de animais disponíveis para adoção.


## **3) Condições sanitárias:**

O ambiente deverá estar em conformidade com as medidas sanitárias estabelecidas, garantindo condições adequadas de higiene e bem-estar para todos os envolvidos, incluindo humanos e animais.


## **Para que serve:**

Este selo tem como objetivo principal incentivar boas práticas de proteção aos animais e ao meio ambiente. Além disso, busca conscientizar os munícipes sobre a importância do bem-estar animal. Ele valoriza ações como medidas contra maus-tratos, campanhas de adoção, doação de medicamentos e ração, atendimento veterinário gratuito e a permissão de entrada de animais em bares e restaurantes.


## **Quem pode solicitar:**

Podem solicitar o Selo “Amigo dos Animais” empresas, bares, restaurantes, organizações não governamentais, associações protetoras de animais e pessoas físicas."
Notificação de irregularidades em contratos de empresas terceirizadas da CET-Rio,"## O que é:

Este serviço permite notificar irregularidades trabalhistas supostamente cometidas por empresas terceirizadas que possuem contratos com a CET-Rio. Ele é exclusivo para reportar situações onde trabalhadores terceirizados podem ter tido seus direitos trabalhistas desrespeitados.


## Para que serve:

O serviço visa garantir a fiscalização e o cumprimento das obrigações trabalhistas por parte das empresas terceirizadas contratadas pela CET-Rio. Ele permite que a secretaria responsável verifique as denúncias e, se confirmadas as irregularidades, aplique as penalidades contratuais, assegurando a responsabilização das empresas.


## Quem pode solicitar:

Qualquer cidadão pode solicitar este serviço. Para isso, é necessário informar o nome da empresa empregadora, a atividade ou função do trabalhador e a unidade onde a prestação de serviços ocorreu.

Também é preciso detalhar quais verbas trabalhistas não teriam sido pagas e o período em que a irregularidade trabalhista teria ocorrido."
Notificação de irregularidades em contratos de empresas terceirizadas da Secretaria de Assistência Social,"## O que é:

Este serviço permite notificar irregularidades trabalhistas cometidas por empresas terceirizadas que prestam serviços para a Secretaria Municipal de Assistência Social. É um canal exclusivo para denúncias relacionadas a direitos trabalhistas de funcionários terceirizados.


## Para que serve:

O objetivo é garantir a fiscalização e o cumprimento das obrigações trabalhistas por parte das empresas contratadas. A secretaria responsável verifica os relatos, realiza ações de fiscalização e, se confirmadas as irregularidades, aplica as penalidades previstas em contrato, podendo incluir o bloqueio de pagamentos.


## Quem pode solicitar:

Qualquer cidadão que tenha conhecimento de irregularidades trabalhistas envolvendo empresas terceirizadas da Secretaria Municipal de Assistência Social."
"Restabelecimento de matrícula em Feiras Livres, Feiras Móveis, Feiras Especiais, Antiquários e Feirartes","## **O que é:**

Este é o serviço para solicitar o **restabelecimento da matrícula de feirantes, expositores e ambulantes em feiras** regulamentadas no município. Ele é destinado a quem deseja atuar em Feiras Livres, Feiras Móveis, Feiras Especiais, Antiquários e Feirartes.

O processo permite que o interessado regularize sua situação para retomar as atividades comerciais nesses espaços.


Acesse** ****[aqui](https://ordempublica.prefeitura.rio/wp-content/uploads/sites/30/2024/06/TERMO-DE-USO-AVISO-FEIRAS-LIVRES-MOVEIS-FEIRAS-ESPECIAIS-E-FEIRARTES-v3.pdf)**** **o Termo de Uso e Aviso de Privacidade


## **Para que serve:**

Garantir a regularização e o retorno das atividades de comércio em Feiras Livres, Feiras Móveis, Feiras Especiais, Antiquários e Feirartes.


## **Quem pode solicitar:**

Podem solicitar este serviço o **Feirante/Expositor/Ambulante em feira **que tiver a sua matrícula cancelada e desejar restabelecê-la para atuar nas feiras mencionadas. A solicitação também pode ser feita por um **representante legal ou despachante**."
"Análise de projeto arquitetônico e pronunciamento, de acordo com a arquitetura e/ou geometria do terreno","## O que é:

Este serviço consiste na análise de projetos de arquitetura que são originados de outros órgãos da prefeitura. O objetivo principal é verificar se esses projetos necessitam de um licenciamento específico da Fundação Instituto de Geotécnica do Município do Rio de Janeiro (GEO-RIO).

Essa análise é fundamental para garantir que as propostas arquitetônicas estejam em conformidade com as exigências geotécnicas, assegurando a estabilidade e a segurança das construções e do solo.


## Para que serve:

O serviço serve para definir a necessidade de licenciamento de projetos arquitetônicos pela GEO-RIO. Isso garante que obras e intervenções urbanas estejam em conformidade com as normas geotécnicas, prevenindo riscos e assegurando a segurança das edificações e do solo.


## Quem pode solicitar:

Cidadãos, empresas ou outros órgãos que possuam projetos de arquitetura que necessitem de verificação e possível licenciamento pela GEO-RIO. A solicitação pode ser feita diretamente pelo interessado ou por um representante legal, como procurador ou despachante."
Abertura de termo para Serviço de Transporte de Passageiros Complementar Comunitário (STPC),
Licença Municipal de Recuperação e Instalação (LMRI),
Capacitação em boas práticas e normas sanitárias para serviços veterinários e de interesse à saúde do animal,
Emissão de segunda via do Certificado de Vistoria - Transporte Complementar,
Solicitação de alteração de ponto final de ônibus,
Notificação de irregularidades em contratos de empresas terceirizadas da Secretaria de Ordem Pública,"## **O que é:**

Este é um serviço para notificar irregularidades trabalhistas que teriam sido cometidas por empresas terceirizadas que possuem contratos com a Secretaria Municipal de Ordem Pública. A notificação permite que o município fiscalize o cumprimento das obrigações contratuais e trabalhistas.


## **Para que serve:**

Este serviço serve para fiscalizar o cumprimento das obrigações trabalhistas por empresas terceirizadas contratadas pela Secretaria Municipal de Ordem Pública. Ele permite que a secretaria responsável verifique as denúncias e, se confirmadas as irregularidades, aplique as penalidades contratuais, como o bloqueio de pagamentos.


## **Quem pode solicitar:**

Qualquer cidadão que tenha conhecimento de irregularidades trabalhistas envolvendo empresas terceirizadas da Secretaria Municipal de Ordem Pública."
Notificação de irregularidades em contratos de empresas terceirizadas da Secretaria de Transportes,"## **O que é:**

Este serviço permite notificar irregularidades trabalhistas que teriam sido cometidas por empresas terceirizadas contratadas pela Secretaria de Transportes do Rio de Janeiro. É um canal exclusivo para relatar problemas relacionados a direitos de trabalhadores terceirizados.


## **Para que serve:**

Fiscalizar e garantir o cumprimento das obrigações trabalhistas por parte das empresas terceirizadas que prestam serviços à Secretaria de Transportes. O objetivo é assegurar que as penalidades previstas em contrato sejam aplicadas, podendo incluir o bloqueio de pagamento da fatura, caso as irregularidades sejam confirmadas.


## **Quem pode solicitar:**

Qualquer cidadão que tenha conhecimento de irregularidades trabalhistas envolvendo empresas terceirizadas da Secretaria de Transportes."
Emissão de taxas por permissão - Transporte Complementar,
Programa Empreenda.Rio,"## **O que é:**

O Empreenda.Rio é um programa da Prefeitura do Rio de Janeiro focado no fortalecimento do empreendedorismo local. Ele oferece cursos nas áreas de empreendedorismo, gestão de negócios e marketing digital. São oferecidos serviços de assessoria e orientações para Microempreendedores Individuais (MEI), incluindo suporte para abertura e fechamento de empresas.


As assessorias e orientações são realizadas nas Salas do Empreendedor, que têm como objetivo apoiar e qualificar quem tem ou sonha abrir o seu próprio negócio na cidade. Em parceria com a Sebrae Rio, a Secretaria Municipal de Trabalho e Renda do Rio (SMTE) mantém seis unidades em funcionamento na cidade: Ilha do Governador, São Cristóvão, Centro (CIAD e UDES), Santa Cruz e Campo Grande.


## **Para que serve:**

Qualificar e impulsionar empreendedores, novos e experientes, através de cursos e assessoria em gestão e marketing digital. Contribui para o crescimento do empreendedorismo no Rio de Janeiro e fortalece a comunidade local, além de facilitar a intermediação de mão de obra.


## **Quem pode solicitar:**

Empreendedores, tanto novos quanto experientes, que atuam na cidade do Rio de Janeiro. Inclui Microempreendedores Individuais (MEI) que buscam qualificação, assessoria e suporte para seus negócios."
Ingresso ou baixa em Cooperativa - Transporte Complementar,
Notificação de irregularidades em contratos de empresas terceirizadas da Fundação Parques e Jardins,"## O que é:

Este serviço permite notificar irregularidades trabalhistas supostamente cometidas por empresas terceirizadas que possuem contratos com a Fundação Parques e Jardins.

Ele possibilita que cidadãos informem sobre o não cumprimento de obrigações trabalhistas por parte dessas entidades contratadas.


## Para que serve:

O serviço tem como objetivo garantir a fiscalização e a apuração de irregularidades trabalhistas em contratos de empresas terceirizadas.

Ele assegura que a secretaria responsável possa verificar as denúncias e, se confirmadas, aplicar as penalidades contratuais cabíveis, como o bloqueio de pagamento, garantindo o cumprimento das obrigações.


## Quem pode solicitar:

Qualquer cidadão que tenha conhecimento de irregularidades trabalhistas envolvendo empresas terceirizadas da Fundação Parques e Jardins."
Vistoria extra para segunda via de selo - Transporte Complementar,
Notificação de irregularidades em contratos de empresas terceirizadas da Rio-Águas,"## **O que é:**

Este é um serviço para notificar irregularidades trabalhistas que teriam sido cometidas por empresas terceirizadas que possuem contratos com a Rio-Águas. A notificação permite que o município fiscalize o cumprimento das obrigações contratuais e trabalhistas.


## **Para que serve:**

Este serviço serve para fiscalizar o cumprimento das obrigações trabalhistas por empresas terceirizadas contratadas pela Rio-Águas. Ele permite que a secretaria responsável verifique as denúncias e, se confirmadas as irregularidades, aplique as penalidades contratuais, como o bloqueio de pagamentos.


## **Quem pode solicitar:**

Qualquer cidadão que tenha conhecimento de irregularidades trabalhistas envolvendo empresas terceirizadas da Rio-Águas."
Solicitação de desinterdição em serviços veterinários e de interesse à saúde do animal,
Encerramento de contrato de trabalho para servidor celetista,"## O que é:

Este serviço oferece informações detalhadas sobre o encerramento, suspensão ou rescisão de contrato de trabalho para servidores celetistas. Abrange situações como aposentadoria por idade, tempo de contribuição ou aposentadoria especial, bem como rescisão por iniciativa do próprio cidadão.


## Para que serve:

O objetivo é orientar e formalizar a situação funcional do servidor celetista perante o instituto de previdência e a administração municipal. Isso garante a correta cessação do contrato de trabalho, seja por aposentadoria ou rescisão, conforme as normas vigentes.


## Quem pode solicitar:

Servidores celetistas da prefeitura que se encontram em processo de aposentadoria (por idade, tempo de contribuição ou especial) ou que desejam rescindir seu contrato de trabalho. Pensionistas também podem buscar informações relacionadas a esses processos."
Autorização para ligação de efluentes sanitários,"## **O que é:**

Este serviço permite solicitar a ligação de efluentes sanitários tratados à galeria pública de águas pluviais, que faz parte do sistema unitário. A solicitação é feita após o tratamento dos efluentes e a aprovação do projeto pela concessionária de esgotamento sanitário local.

É fundamental que a ligação esteja em conformidade com a Declaração de Possibilidade de Esgotamento (DPE) emitida pela própria concessionária, garantindo a adequação do processo.


## **Para que serve:**

O objetivo é formalizar e obter a autorização necessária para a conexão de efluentes sanitários já tratados à rede pública de drenagem. Isso assegura o descarte correto e regulamentado dos efluentes, evitando impactos ambientais e cumprindo as exigências da concessionária.


## **Quem pode solicitar:**

Este serviço pode ser solicitado por proprietários de imóveis, empreendedores ou seus representantes legais. É destinado a quem está construindo um novo imóvel ou empreendimento, ou realizando ampliações, transformações de uso, atualizações ou reformas que exijam essa ligação.

A solicitação deve ser feita antes do pedido de ""Habite-se"" da construção ou em casos de modificações significativas no imóvel."
Notificação de irregularidades em contratos de empresas terceirizadas da Procuradoria Geral do Município,"## **O que é:**

Este serviço permite notificar irregularidades trabalhistas que teriam sido cometidas por empresas terceirizadas contratadas pela Procuradoria Geral do Município. É um canal exclusivo para relatar problemas relacionados a direitos de trabalhadores terceirizados.


## **Para que serve:**

Fiscalizar e garantir o cumprimento das obrigações trabalhistas por parte das empresas terceirizadas que prestam serviços à Procuradoria Geral do Município. O objetivo é assegurar que as penalidades previstas em contrato sejam aplicadas, podendo incluir o bloqueio de pagamento da fatura, caso as irregularidades sejam confirmadas.


## **Quem pode solicitar:**

Qualquer cidadão que tenha conhecimento de irregularidades trabalhistas envolvendo empresas terceirizadas da Procuradoria Geral do Município."
"Cumprimento de exigências do Corpo de Bombeiros, Light e CEG em Imóveis protegidos","## O que é:

Este serviço consiste na obtenção de um parecer técnico do IRPH - Instituto Rio Patrimônio da Humanidade. Este parecer é necessário para a adequação de instalações em imóveis protegidos, visando atender às exigências do Corpo de Bombeiros, Light e CEG.

Os imóveis considerados protegidos incluem aqueles que são tombados, preservados, passíveis de renovação/tutelados, ou que estão situados em Área de Proteção do Ambiente Cultural (APAC), em área de entorno de Bem Tombado, em área dos Sítios Declarados Patrimônio Cultural pela UNESCO, ou ainda imóveis construídos antes de 1938.


## Para que serve:

O parecer do IRPH serve para regularizar e garantir que as instalações de imóveis protegidos estejam em conformidade com as normas e exigências de segurança e infraestrutura. Isso inclui as demandas específicas do Corpo de Bombeiros, Light e CEG, assegurando a preservação do patrimônio cultural e a segurança dos ocupantes.


## Quem pode solicitar:

Este serviço pode ser solicitado por diversos públicos que necessitam regularizar ou intervir em imóveis protegidos. Incluem-se arquitetos, urbanistas, engenheiros, construtores, proprietários de imóveis, e também cidadãos em geral, pesquisadores e servidores públicos municipais que atuam com esses bens."
Programa de Dispensação de Tecnologia Assistiva da SMS (OPM's),"#### **O que é:**

A Dispensação de Tecnologia Assistiva é um Programa que consiste na dispensação de tecnologia assistiva para potencializar o processo de reabilitação e promover inclusão. São fornecidos equipamentos que ampliam a autonomia e a funcionalidade de pessoas com deficiência, incluindo órteses, próteses, meios auxiliares de locomoção, como cadeiras de rodas e muletas, aparelhos auditivos e bolsas de ostomia e adjuvantes no município do Rio de Janeiro. Este informativo busca orientar o cidadão sobre como acessar esses itens por meio da rede municipal, contribuindo para a reabilitação, autonomia e qualidade de vida.


#### **Como funciona:**

O acesso aos dispositivos depende de avaliação na rede de saúde.

- **Se você não possui laudo médico:** Procure a unidade de saúde municipal mais próxima para avaliação e orientações.
- **Se você já possui laudo médico:** Compareça à sua unidade de saúde ou Clínica da Família de referência para ser inserido no Sistema de Regulação (SISREG) e encaminhado para avaliação em reabilitação.


#### **Público-alvo:**

Pessoas que necessitam de próteses, órteses, meios auxiliares de locomoção ou bolsas para ostomizados, mediante indicação por laudo médico.


## Informações complementares:

O atendimento pode ser realizado nas seguintes unidades, de segunda a sexta-feira, das 8h às 17h:


## I) Centro Municipal de Reabilitação Oscar Clark

Rua General Canabarro, 345 – Maracanã


## II) Policlínica Manoel Guilherme da Silveira Filho

Avenida Ribeiro Dantas, 571 – Bangu


## III) Policlínica Newton Bethlem

Rua Barão, 260 – Praça Seca"
Notificação de irregularidades em contratos de empresas terceirizadas do Riocentro,"## **O que é:**

Este serviço permite a notificação de irregularidades trabalhistas supostamente cometidas por empresas terceirizadas que prestam serviços ao Riocentro. Ele é exclusivo para reportar situações onde os direitos de trabalhadores terceirizados, contratados por entidades do Município, podem não estar sendo cumpridos.


**Para que serve:**  
O serviço tem como objetivo permitir que a secretaria responsável pelo contrato com a empresa terceirizada receba o relato do cidadão, verifique a situação e realize ações de fiscalização. Se as irregularidades forem confirmadas, a secretaria aplicará as penalidades previstas no contrato, podendo incluir o bloqueio do pagamento da fatura, conforme a Lei nº 14.133/2021.


## **Quem pode solicitar:**

Qualquer cidadão que tenha conhecimento de irregularidades trabalhistas envolvendo empresas terceirizadas contratadas pelo Riocentro."
Inclusão e exclusão de técnica artística ou produto em Feirartes,"## **O que é:**

Este serviço consiste em** adicionar ou remover uma técnica artística ou um produto** que será comercializado ou exposto nas Feirartes do município.

A solicitação visa regularizar a participação de expositores, garantindo que suas atividades estejam em conformidade com as normas e o perfil das Feiras de Artes.


Acesse** ****[aqui](https://ordempublica.prefeitura.rio/wp-content/uploads/sites/30/2024/06/TERMO-DE-USO-AVISO-FEIRAS-LIVRES-MOVEIS-FEIRAS-ESPECIAIS-E-FEIRARTES-v3.pdf)**** **o Termo de Uso e Aviso de Privacidade.


## **Para que serve:**

Este serviço serve para formalizar a **atualização do portfólio de técnicas artísticas e produtos** oferecidos pelos expositores nas Feirartes, assegurando a regularidade e a adequação de suas ofertas e promovendo a organização das feiras.


## **Quem pode solicitar:**

**Expositores **com matrícula ativa em Feirartes que desejam incluir novas técnicas artísticas ou produtos, ou excluir os já existentes. A solicitação também pode ser feita por um **representante legal ou despachante**."
Inscrição de chapa de eleição para Comissão de Administração de Feirartes e representantes de Feiras de Ambulantes,"## **O que é:**

Este serviço consiste na** inscrição de chapa de eleição **para Comissão de Administração de Feirartes e para representantes de Feiras de Ambulantes.


Acesse** ****[aqui](https://ordempublica.prefeitura.rio/wp-content/uploads/sites/30/2024/06/TERMO-DE-USO-AVISO-FEIRAS-LIVRES-MOVEIS-FEIRAS-ESPECIAIS-E-FEIRARTES-v3.pdf)**** **o Termo de Uso e Aviso de Privacidade.


## **Para que serve:**

O serviço tem como objetivo de **inscrever chapa de eleição **para Comissão de Administração de Feirartes e para representantes de Feiras de ambulantes.


## **Quem pode solicitar:**

Pode solicitar este serviço o **Expositor/Ambulante em feira** que já possui permissão para trabalhar nas feiras regulamentadas. A solicitação também pode ser feita por um **representante legal ou despachante**."
Notificação de irregularidades em contratos de empresas terceirizadas da Guarda Municipal,"## O que é:

Este serviço permite que o cidadão notifique irregularidades trabalhistas supostamente cometidas por empresas terceirizadas que possuem contratos com a Guarda Municipal do Rio de Janeiro. É um canal exclusivo para reportar problemas relacionados aos direitos dos trabalhadores dessas empresas.


## Para que serve:

O objetivo é garantir que a secretaria responsável pelo contrato fiscalize as empresas terceirizadas. Se as irregularidades trabalhistas forem confirmadas, a secretaria poderá aplicar as penalidades previstas em contrato, como o bloqueio de pagamento, assegurando o cumprimento das obrigações trabalhistas.


## Quem pode solicitar:

Qualquer cidadão pode solicitar este serviço. Para isso, é necessário informar o nome da empresa empregadora, a atividade ou função do trabalhador, a unidade onde o serviço foi prestado, as verbas trabalhistas que não teriam sido pagas e o período em que a irregularidade ocorreu."
Informações sobre custeio em projetos esportivos,"## O que é:

Este serviço oferece informações sobre como obter custeio para projetos esportivos através da Secretaria Municipal de Esportes (SMEL).

A SMEL é responsável por fiscalizar os contratos e realizar o pagamento integral dos custos de projetos de longa duração.


## Para que serve:

Proporcionar o financiamento e a viabilização de projetos esportivos, garantindo o suporte financeiro necessário para sua execução e desenvolvimento.


## Quem pode solicitar:

Cidadãos ou entidades que possuem projetos esportivos e buscam financiamento para sua execução."
Notificação de irregularidades em contratos de empresas terceirizadas da Secretaria de Infraestrutura,"## **O que é:**

Este é um serviço para notificar irregularidades trabalhistas que teriam sido cometidas por empresas terceirizadas que possuem contratos com a Secretaria Municipal de Infraestrutura. A notificação permite que o município fiscalize o cumprimento das obrigações contratuais e trabalhistas.


## **Para que serve:**

Este serviço serve para fiscalizar o cumprimento das obrigações trabalhistas por empresas terceirizadas contratadas pela Secretaria Municipal de Infraestrutura. Ele permite que a secretaria responsável verifique as denúncias e, se confirmadas as irregularidades, aplique as penalidades contratuais, como o bloqueio de pagamentos.


## **Quem pode solicitar:**

Qualquer cidadão que tenha conhecimento de irregularidades trabalhistas envolvendo empresas terceirizadas da Secretaria Municipal de Infraestrutura."
Notificação de irregularidades em contratos de empresas terceirizadas da Controladoria Geral do Município,"## **O que é:**

Este é um serviço para notificar irregularidades trabalhistas que teriam sido cometidas por empresas terceirizadas que possuem contratos com a Controladoria Geral do Município. A notificação permite que o município fiscalize o cumprimento das obrigações contratuais e trabalhistas.


## **Para que serve:**

Este serviço serve para fiscalizar o cumprimento das obrigações trabalhistas por empresas terceirizadas contratadas pela Controladoria Geral do Município. Ele permite que a secretaria responsável verifique as denúncias e, se confirmadas as irregularidades, aplique as penalidades contratuais, como o bloqueio de pagamentos.


## **Quem pode solicitar:**

Qualquer cidadão que tenha conhecimento de irregularidades trabalhistas envolvendo empresas terceirizadas da Controladoria Geral do Município."
Notificação de irregularidades em contratos de empresas terceirizadas da Fundação Cidade das Artes,"## **O que é:**

Este é um serviço para notificar irregularidades trabalhistas que teriam sido cometidas por empresas terceirizadas que possuem contratos com a Fundação Cidade das Artes. A notificação permite que o município fiscalize o cumprimento das obrigações contratuais e trabalhistas.


## **Para que serve:**

Este serviço serve para fiscalizar o cumprimento das obrigações trabalhistas por empresas terceirizadas contratadas pela Fundação Cidade das Artes. Ele permite que a secretaria responsável verifique as denúncias e, se confirmadas as irregularidades, aplique as penalidades contratuais, como o bloqueio de pagamentos.


## **Quem pode solicitar:**

Qualquer cidadão que tenha conhecimento de irregularidades trabalhistas envolvendo empresas terceirizadas da Fundação Cidade das Artes."
Licenciamento de movimento de material terroso para fins de recuperação de áreas degradas por terraplanagem,
Notificação de irregularidades em contratos de empresas terceirizadas da Companhia Municipal de Transportes Coletivos,"## O que é:

Este serviço permite notificar irregularidades trabalhistas que teriam sido cometidas por empresas terceirizadas contratadas pelo Município. A notificação é exclusiva para casos envolvendo a Companhia Municipal de Transportes Coletivos (CMTC).

O objetivo é relatar supostas falhas no cumprimento de obrigações trabalhistas com os empregados dessas entidades contratadas.


## Para que serve:

O serviço serve para que a secretaria responsável pelo contrato com a empresa terceirizada possa fiscalizar e verificar as irregularidades trabalhistas relatadas. Caso as falhas sejam confirmadas, a secretaria aplica as penalidades previstas em contrato.

Essas penalidades podem incluir, se necessário, o bloqueio do pagamento da fatura da empresa, conforme o contrato e a Lei nº 14.133/2021.


## Quem pode solicitar:

Qualquer cidadão que tenha conhecimento de irregularidades trabalhistas envolvendo empresas terceirizadas da Companhia Municipal de Transportes Coletivos (CMTC)."
Notificação de irregularidades em contratos de empresas terceirizadas da RioFilme,"## O que é:

Este serviço permite notificar irregularidades trabalhistas supostamente cometidas por empresas terceirizadas que possuem contratos com a RioFilme. É um canal para reportar situações onde os direitos dos trabalhadores terceirizados não estão sendo cumpridos.


## Para que serve:

Fiscalizar e garantir o cumprimento das obrigações trabalhistas por parte das empresas terceirizadas que prestam serviços à RioFilme. O objetivo é assegurar que as penalidades previstas em contrato sejam aplicadas, podendo incluir o bloqueio de pagamento da fatura, caso as irregularidades sejam confirmadas.


## Quem pode solicitar:

Qualquer cidadão que tenha conhecimento de irregularidades trabalhistas envolvendo empresas terceirizadas da RioFilme."
Notificação de irregularidades em contratos de empresas terceirizadas da Secretaria Municipal de Desenvolvimento Urbano e Licenciamento,"## **O que é:**

Este serviço permite a notificação de irregularidades trabalhistas que teriam sido cometidas por empresas terceirizadas contratadas pela Secretaria Municipal de Desenvolvimento Urbano e Licenciamento.

É um canal exclusivo para reportar situações relacionadas a direitos de trabalhadores terceirizados que atuam para o Município.


## **Para que serve:**

O serviço serve para fiscalizar e garantir o cumprimento das obrigações trabalhistas por parte das empresas terceirizadas que prestam serviços para a Secretaria Municipal de Desenvolvimento Urbano e Licenciamento.

Ele permite que a secretaria investigue as denúncias e aplique as penalidades contratuais cabíveis, como o bloqueio de pagamento, caso as irregularidades sejam confirmadas.


## **Quem pode solicitar:**

Qualquer cidadão que tenha conhecimento de irregularidades trabalhistas em contratos de empresas terceirizadas que prestam serviços para a Secretaria Municipal de Desenvolvimento Urbano e Licenciamento."
Fiscalização de caça e/ou captura de animais silvestres,"## O que é:

Este serviço consiste na **fiscalização de atividades ilegais que envolvem animais da fauna silvestre**. Isso abrange a posse de animais sem a devida permissão, licença ou autorização e a caça ou captura de animais silvestres.

Animais silvestres são aqueles que pertencem à fauna brasileira e vivem em ambientes naturais como florestas, mangues e restingas, como: capivara, cobra, arara, papagaio, gavião, bicho preguiça, jacaré e macaco.


## Para que serve:

O serviço tem como objetivo **coibir e combater a posse e a caça ilegal de animais silvestres**, protegendo a fauna brasileira. A fiscalização atua verificando a existência de armadilhas para apreensão de animais e identificando os responsáveis por essas práticas.


## Quem pode solicitar:

Qualquer cidadão pode solicitar este serviço para denunciar irregularidades."
Cadastramento de cotista para pensão alimentícia paga por servidor municipal,
Notificação de irregularidades em contratos de empresas terceirizadas da GEO-Rio,"## O que é:

Este serviço permite notificar irregularidades trabalhistas supostamente cometidas por empresas terceirizadas que possuem contratos com a GEO-Rio. É um canal para reportar situações envolvendo trabalhadores terceirizados do Município, garantindo a fiscalização das obrigações contratuais.


## Para que serve:

O objetivo é receber e apurar denúncias de irregularidades trabalhistas, permitindo que a secretaria responsável fiscalize e, se confirmada a falha, aplique as penalidades previstas em contrato. Isso pode incluir o bloqueio de pagamento da fatura da empresa, garantindo o cumprimento das obrigações conforme o contrato e a legislação aplicável.


## Quem pode solicitar:

Qualquer cidadão que tenha conhecimento de irregularidades trabalhistas envolvendo empresas terceirizadas da GEO-Rio."
Notificação de irregularidades em contratos de empresas terceirizadas da Secretaria de Fazenda,"## **O que é:**

Este serviço permite notificar irregularidades trabalhistas que teriam sido cometidas por empresas terceirizadas contratadas pela Secretaria Municipal de Fazenda. É um canal exclusivo para relatar problemas relacionados a direitos de trabalhadores terceirizados.


## **Para que serve:**

Fiscalizar e garantir o cumprimento das obrigações trabalhistas por parte das empresas terceirizadas que prestam serviços à Secretaria Municipal de Fazenda. O objetivo é assegurar que as penalidades previstas em contrato sejam aplicadas, podendo incluir o bloqueio de pagamento da fatura, caso as irregularidades sejam confirmadas.


## **Quem pode solicitar:**

Qualquer cidadão que tenha conhecimento de irregularidades trabalhistas envolvendo empresas terceirizadas da Secretaria Municipal de Fazenda."
Notificação de irregularidades em contratos de empresas terceirizadas da Secretaria de Conservação,"## O que é:

Este serviço permite que cidadãos notifiquem irregularidades trabalhistas. Ele se aplica especificamente a situações envolvendo empresas terceirizadas que prestam serviços para a Secretaria Municipal de Conservação.


## Para que serve:

Fiscalizar e garantir o cumprimento das obrigações trabalhistas por parte das empresas terceirizadas que prestam serviços à Secretaria Municipal de Conservação. O objetivo é assegurar que as penalidades previstas em contrato sejam aplicadas, podendo incluir o bloqueio de pagamento da fatura, caso as irregularidades sejam confirmadas.


## Quem pode solicitar:

Qualquer cidadão que tenha conhecimento de irregularidades trabalhistas envolvendo empresas terceirizadas da Secretaria Municipal de Conservação."
Informações sobre eventos nas salas de exibição da RioFilme,"## **O que é:**

O Programa de Difusão e Formação de Plateia visa a fomentar o acesso de crianças, jovens e adultos cariocas à produção audiovisual nacional e internacional através do investimento em mostras e festivais de cinema por toda a cidade.


Os projetos investidos promovem exibições, debates e oficinas de forma gratuita e descentralizada com temáticas e recortes diversos. Além de garantir o pleno exercício dos direitos culturais, o programa fortalece a cadeia produtiva do audiovisual através do fortalecimento da produção e exibição local. Alguns dos projetos investidos pelo programa são o Festival Internacional de Curtas do Rio de Janeiro – Curta Cinema e outros eventos.


Informações sobre como proceder para realizar um evento (Mostra cultural, Palestras, Curso, Festival de cinema) nas salas de exibição da RioFilme (Cinecarioca Nova Brasília e CineCarioca José Wilker).


## **Para que serve:**

O objetivo é **facilitar a organização e a realização de eventos culturais** e educativos nas salas de cinema geridas pela RioFilme. Ele fornece as orientações necessárias para que produtores e organizadores possam utilizar esses espaços para suas atividades.


## **Quem pode solicitar:**

Qualquer pessoa ou organização interessada em realizar eventos culturais, palestras, cursos ou festivais de cinema nas salas da RioFilme. É necessário apresentar informações e justificativas sobre o evento, além de um cronograma e os dados de contato do responsável."
Notificação de irregularidades em contratos de empresas terceirizadas da Rio-Urbe,"## **O que é:**

Este é um serviço para notificar irregularidades trabalhistas que teriam sido cometidas por empresas terceirizadas que possuem contratos com a Rio-Urbe. A notificação permite que o município fiscalize o cumprimento das obrigações contratuais e trabalhistas.


## **Para que serve:**

Este serviço serve para fiscalizar o cumprimento das obrigações trabalhistas por empresas terceirizadas contratadas pela Rio-Urbe. Ele permite que a secretaria responsável verifique as denúncias e, se confirmadas as irregularidades, aplique as penalidades contratuais, como o bloqueio de pagamentos.


## **Quem pode solicitar:**

Qualquer cidadão que tenha conhecimento de irregularidades trabalhistas envolvendo empresas terceirizadas da Rio-Urbe."
TAXI.RIO Cidades - Verificação de comportamento de taxistas contra usuários do aplicativo,
Vistoria para inclusão de veículo - Transporte Complementar,
Navezinhas Cariocas,"#### **O que é:**

As Navezinhas Cariocas são versões reduzidas das Naves do Conhecimento. As unidades oferecem acesso gratuito à internet e cursos gratuitos, todos com conteúdos relacionados ao universo digital. Elas têm o propósito de aumentar a capilaridade das Naves do Conhecimento em ambientes colaborativos e criativos que ampliam o acesso da população ao universo digital no Rio de Janeiro.


Esses equipamentos são coordenados pela Secretaria Municipal de Ciência, Tecnologia e Inovação, funcionam como polos de capacitação tecnológica e inovação social. **As vagas são limitadas**.


Entre os temas abordados estão:

Informática Básica (Sênior e Kids), Excel Empresarial, Criação de Dashboards, Game Design, Desenvolvimento de Jogos, Marketing Digital, Design Gráfico, Branding, Canva para Empreendedores, Fotografia com Celular, Blender 3D, Word Essencial, entre outros.


**Para que serve:**

- Promover a inclusão digital nas comunidades cariocas;
- Desenvolver habilidades tecnológicas e empreendedoras;
- Preparar jovens, adultos e idosos para o mercado de trabalho atual e futuro;
- Estimular autonomia, inovação e geração de renda.


**Quem pode solicitar:**

Qualquer cidadão interessado em aprender ou aprimorar conhecimentos em tecnologia e empreendedorismo.

As Navezinhas atendem diferentes faixas etárias e níveis de conhecimento, de crianças a idosos."
Notificação de irregularidades em contratos de empresas terceirizadas da MultiRio,"## **O que é:**

Este é um serviço para notificar irregularidades trabalhistas que teriam sido cometidas por empresas terceirizadas que possuem contratos com a MultiRio. A notificação permite que o município fiscalize o cumprimento das obrigações contratuais e trabalhistas.


## **Para que serve:**

Este serviço serve para fiscalizar o cumprimento das obrigações trabalhistas por empresas terceirizadas contratadas pela MultiRio. Ele permite que a secretaria responsável verifique as denúncias e, se confirmadas as irregularidades, aplique as penalidades contratuais, como o bloqueio de pagamentos.


## **Quem pode solicitar:**

Qualquer cidadão que tenha conhecimento de irregularidades trabalhistas envolvendo empresas terceirizadas da MultiRio."
Notificação de irregularidades em contratos de empresas terceirizadas da Secretaria de Desenvolvimento Econômico,"## O que é:

Este serviço permite notificar irregularidades trabalhistas supostamente cometidas por empresas terceirizadas. Ele é exclusivo para entidades contratadas pelo Município que prestam serviços para a Secretaria Municipal de Desenvolvimento Econômico. O objetivo é reportar falhas no cumprimento de direitos trabalhistas por parte dessas empresas.


## Para que serve:

O serviço serve para fiscalizar e garantir o cumprimento das obrigações trabalhistas por parte das empresas terceirizadas. Ao receber a notificação, a secretaria responsável verifica a situação. Se a irregularidade for confirmada, a secretaria aplica as penalidades previstas no contrato.


## Quem pode solicitar:

Qualquer cidadão que tenha conhecimento de irregularidades trabalhistas envolvendo empresas terceirizadas da Secretaria Municipal de Desenvolvimento Econômico."
Notificação de irregularidades em contratos de empresas terceirizadas da Secretaria Especial de Inclusão,"## **O que é:**

Este é um serviço para notificar irregularidades trabalhistas que teriam sido cometidas por empresas terceirizadas que possuem contratos com a Secretaria Especial de Inclusão. A notificação permite que o município fiscalize o cumprimento das obrigações contratuais e trabalhistas.


## **Para que serve:**

Este serviço serve para fiscalizar o cumprimento das obrigações trabalhistas por empresas terceirizadas contratadas pela Secretaria Especial de Inclusão. Ele permite que a secretaria responsável verifique as denúncias e, se confirmadas as irregularidades, aplique as penalidades contratuais, como o bloqueio de pagamentos.


## **Quem pode solicitar:**

Qualquer cidadão que tenha conhecimento de irregularidades trabalhistas envolvendo empresas terceirizadas da Secretaria Especial de Inclusão."
Notificação de irregularidades em contratos de empresas terceirizadas da Secretaria de Políticas para Mulheres e Cuidados,"**O que é:**

Este serviço é destinado à notificação de irregularidades trabalhistas que teriam sido cometidas por empresas terceirizadas. Ele se aplica a entidades contratadas pelo Município que prestam serviços à Secretaria de Políticas para Mulheres e Cuidados, envolvendo trabalhadores terceirizados.


**Para que serve:**

O serviço serve para garantir a fiscalização e o cumprimento das obrigações trabalhistas por parte das empresas terceirizadas. Ele permite que a secretaria responsável pelo contrato verifique os relatos e, se confirmadas as irregularidades, aplique as penalidades previstas no contrato, como o bloqueio de pagamentos.


**Quem pode solicitar:**

Qualquer cidadão que tenha conhecimento de irregularidades trabalhistas envolvendo empresas terceirizadas da Secretaria de Políticas para Mulheres e Cuidados."
Requerimento de aprovação de projeto geométrico viário,
"Notificação de irregularidades em contratos de empresas terceirizadas da Secretaria de Ciência, Tecnologia e Inovação","## **O que é:**

Este é um serviço para notificar irregularidades trabalhistas que teriam sido cometidas por empresas terceirizadas que possuem contratos com a Secretaria de Ciência, Tecnologia e Inovação. A notificação permite que o município fiscalize o cumprimento das obrigações contratuais e trabalhistas.


## **Para que serve:**

Este serviço serve para fiscalizar o cumprimento das obrigações trabalhistas por empresas terceirizadas contratadas pela Secretaria de Ciência, Tecnologia e Inovação. Ele permite que a secretaria responsável verifique as denúncias e, se confirmadas as irregularidades, aplique as penalidades contratuais, como o bloqueio de pagamentos.


## **Quem pode solicitar:**

Qualquer cidadão que tenha conhecimento de irregularidades trabalhistas envolvendo empresas terceirizadas da Secretaria de Ciência, Tecnologia e Inovação."
Notificação de irregularidades em contratos de empresas terceirizadas da Previ-Rio,"## **O que é:**

Este é um serviço para notificar irregularidades trabalhistas que teriam sido cometidas por empresas terceirizadas que possuem contratos com a Previ-Rio. A notificação permite que o município fiscalize o cumprimento das obrigações contratuais e trabalhistas.


## **Para que serve:**

Este serviço serve para fiscalizar o cumprimento das obrigações trabalhistas por empresas terceirizadas contratadas pela Previ-Rio. Ele permite que a secretaria responsável verifique as denúncias e, se confirmadas as irregularidades, aplique as penalidades contratuais, como o bloqueio de pagamentos.


## **Quem pode solicitar:**

Qualquer cidadão que tenha conhecimento de irregularidades trabalhistas envolvendo empresas terceirizadas da Previ-Rio."
Notificação de irregularidades em contratos de empresas terceirizadas da Secretaria da Juventude Carioca,"## **O que é:**

Este é um serviço para notificar irregularidades trabalhistas que teriam sido cometidas por empresas terceirizadas que possuem contratos com a Secretaria da Juventude Carioca. A notificação permite que o município fiscalize o cumprimento das obrigações contratuais e trabalhistas.


## **Para que serve:**

Este serviço serve para fiscalizar o cumprimento das obrigações trabalhistas por empresas terceirizadas contratadas pela Secretaria da Juventude Carioca. Ele permite que a secretaria responsável verifique as denúncias e, se confirmadas as irregularidades, aplique as penalidades contratuais, como o bloqueio de pagamentos.


## **Quem pode solicitar:**

Qualquer cidadão que tenha conhecimento de irregularidades trabalhistas envolvendo empresas terceirizadas da Secretaria da Juventude Carioca."
Notificação de irregularidades em contratos de empresas terceirizadas da Secretaria de Integração Metropolitana,"## **O que é:**

Este serviço permite notificar irregularidades trabalhistas que teriam sido cometidas por empresas terceirizadas contratadas pela Secretaria Especial de Integração Metropolitana. É um canal exclusivo para relatar problemas relacionados a direitos de trabalhadores terceirizados.


## **Para que serve:**

Fiscalizar e garantir o cumprimento das obrigações trabalhistas por parte das empresas terceirizadas que prestam serviços à Secretaria Especial de Integração Metropolitana. O objetivo é assegurar que as penalidades previstas em contrato sejam aplicadas, podendo incluir o bloqueio de pagamento da fatura, caso as irregularidades sejam confirmadas.


## **Quem pode solicitar:**

Qualquer cidadão que tenha conhecimento de irregularidades trabalhistas envolvendo empresas terceirizadas da Secretaria Especial de Integração Metropolitana."
Informações turísticas sobre a cidade,
Notificação de irregularidades em contratos de empresas terceirizadas da Secretaria Municipal de Governo,"## O que é

Este serviço permite que o cidadão notifique irregularidades trabalhistas que teriam sido cometidas por empresas terceirizadas que prestam serviços para o Secretaria Município de Governo. É um canal exclusivo para reportar problemas relacionados aos direitos dos trabalhadores terceirizados.


## Para que serve

O objetivo é permitir que a secretaria responsável pelo contrato com a empresa terceirizada receba o relato, verifique a situação e realize ações de fiscalização. Isso garante que as empresas cumpram suas obrigações trabalhistas e, caso contrário, que as penalidades previstas em contrato sejam aplicadas, como o bloqueio de pagamento.


## Quem pode solicitar

Qualquer cidadão que tenha conhecimento de irregularidades trabalhistas envolvendo empresas terceirizadas da Secretaria Município de Governo."
"Solicitação de projetores, chaves de alimentação e desligamento de iluminação para eventos e filmagens em áreas públicas","## O que é:

**I) Solicitação de projetores e chaves de alimentação:**

Este serviço permite a **solicitação de projetores e chaves de alimentação** para uso temporário em eventos realizados em áreas públicas. Ele abrange diversos tipos de celebrações, como festas juninas, carnaval de rua, quermesses, festas de igrejas, eventos de ONGs, além de eventos culturais e esportivos.

- A Rioluz é responsável por aprovar ou cancelar a instalação dos equipamentos, considerando sua capacidade operacional.
- O solicitante se torna o **fiel depositário** do material da Rioluz durante o evento e pode ser responsabilizado por furto de energia ou danos aos equipamentos.
- Ao final do evento, o material é retirado pela equipe da Rioluz.
- A prorrogação da utilização dos equipamentos depende de nova manifestação do solicitante e aprovação da Rioluz, com a apresentação de um novo ""Nada Consta"" e o pagamento dos serviços correspondentes ao novo período.


**II) Desligamento temporário da Iluminação:**

Trata-se do serviço destinado a atender solicitações de desligamento temporário da iluminação pública em vias, praças e demais áreas públicas, quando necessário para a realização de eventos, projeções, gravações audiovisuais ou filmagens que exijam controle específico de luz.


## Para que serve:

O serviço serve para **fornecer infraestrutura de iluminação e energia elétrica temporária** para a realização de eventos em espaços públicos. Além disso, permitir que produtores culturais, organizadores de eventos e demais requerentes possam realizar suas atividades com condições adequadas de iluminação, seja para efeitos visuais, necessidades técnicas ou demandas artísticas, garantindo ao mesmo tempo a segurança e o planejamento do espaço público necessários.


## Quem pode solicitar:

Qualquer **cidadão ou organização responsável pela produção de eventos** em áreas públicas pode solicitar este serviço. É destinado a quem organiza festas juninas, carnaval de rua, quermesses, festas de igrejas, eventos de ONGs, e outros eventos culturais e esportivos que necessitem de iluminação e energia temporária."
Naves Satélites,"## **O que é:**

As Naves Satélites são espaços para inclusão digital e inovação tecnológica, proporcionando acesso à internet para a população. As unidades oferecem cursos de qualificação para jovens e adultos, além de oficinas e workshops gratuitos. O projeto Naves Satélites contempla a reforma das bibliotecas originalmente edificadas nos Cieps e cria ambientes com recursos que possibilitam a públicos diversos acessar e aprender a utilizar as ferramentas de mídias digitais.


Com atividades gratuitas realizadas nas unidades de Jardim Palmares, Paciência e Sepetiba, o projeto oferece acesso à internet, cursos, oficinas e workshops, com foco em tecnologias, empreendedorismo e empregabilidade. **As vagas são limitadas**.


## **Para que serve:**

As ações levam acesso a tecnologias a crianças, jovens e adultos do território, estimulando o protagonismo local e a permanência em trajetórias de desenvolvimento.


## **Quem pode solicitar:**

Qualquer cidadão interessado em aprender ou aprimorar conhecimentos em tecnologia e empreendedorismo.

As Naves Satélites atendem diferentes faixas etárias e níveis de conhecimento, de crianças a idosos."
Prorrogação do prazo de vistoria - Transporte Complementar,
Solicitação de Certidão de Inteiro Teor (CIT) da Vigilância Sanitária,
"Análise de criação, ajuste de itinerário ou perímetro do transporte comunitário",
Solicitação de uso da logomarca da Secretaria Municipal de Cultura,
"Análise, orientação ou fiscalização de animais comunitários","**O que é:**

Serviço que avalia situações envolvendo animais comunitários, verificando seu bem-estar, manejo e o cumprimento das normas.


**Para que serve:**

Garantir condições adequadas aos animais, orientar responsáveis, prevenir riscos sanitários e apurar denúncias de irregularidades e maus-tratos.


**Quem pode solicitar:**

Qualquer cidadão, incluindo moradores, comerciantes, síndicos, protetores e instituições que desejem orientação ou queiram relatar alguma situação envolvendo animais comunitários."
Autorização para Cooperativa e Associação de Táxi/Mototáxi - Abertura de Termo,
Cadastro de veterinários na plataforma do registro geral de animais – Sisbicho,"## **O que é:**

Este serviço permite o credenciamento online de estabelecimentos, profissionais de medicina veterinária e Organizações Não Governamentais (ONGs). Por meio dele, os credenciados obtêm acesso à plataforma do Registro Geral de Animais (RGA) do município do Rio de Janeiro.  
O credenciamento é obrigatório conforme a Lei Municipal nº 8.015/2023, que regulamenta o RGA.


## **Para que serve:**

O credenciamento habilita profissionais, estabelecimentos veterinários e parceiros a realizarem o registro de animais no Sistema de Registro Geral de Animais (RGA). Isso garante o cumprimento da legislação municipal e o uso da plataforma oficial destinada ao registro.


## **Quem pode solicitar:**

- Profissionais de Medicina Veterinária (Pessoa Física);
- Estabelecimentos Veterinários (Pessoa Jurídica);
- Organizações Não Governamentais (ONGs) voltadas à causa animal.

No caso de estabelecimentos veterinários, é necessário também realizar o credenciamento do Responsável Técnico (RT)."
Cartão de Identificação de Auxiliar de Transportes - CIAT,
Emissão de guia de liquidação de parcelamento de Dívida Ativa,"## **O que é:**

Este serviço possibilita ao cidadão emitir de uma guia única para liquidação de um parcelamento de Dívida Ativa em curso.


## **Para que serve:**

Permitir a liquidação total de parcelamentos de Dívida Ativa em andamento, consolidando o valor devido em uma única guia para pagamento. Isso facilita a regularização de débitos com o município.


## **Quem pode solicitar:**

Cidadãos ou empresas que possuem um parcelamento de Dívida Ativa em curso com o município do Rio de Janeiro. É destinado a quem deseja quitar o saldo devedor de seu parcelamento de forma antecipada ou consolidada."
"Fiscalização de caçamba particular, empresas e autônomos não credenciados, veículos não permitidos e fora do padrão",
Fiscalização sanitária de serviços veterinários e de interesse à saúde do animal,"## **O que é:**

Este serviço realiza a fiscalização de estabelecimentos relacionados a animais. Abrange consultórios, clínicas, hospitais e laboratórios veterinários, além de locais de banho e tosa e pet shops. O objetivo é verificar as condições estruturais, higiênico-sanitárias e documentais desses locais.


## **Para que serve:**

Garantir que os estabelecimentos veterinários e de cuidado animal operem dentro das normas de segurança e higiene, assegurando a qualidade dos serviços prestados e contribuir para a saúde e bem-estar dos animais e do público.


## **Quem pode solicitar:**

Qualquer cidadão que identifique a necessidade de verificação das condições de um estabelecimento veterinário ou de cuidado animal."
Inclusão de aluno para acompanhamento escolar,
Informações sobre concessão de autorização de matrícula nova em Feirartes,
Informações sobre juntada de documentos nos processos localizados na fiscalização ambiental,
Informações sobre o Jaé,
Informações sobre Restaurantes Populares,"## **O que é:**

Os Restaurantes Populares são equipamentos públicos da Prefeitura do Rio de Janeiro que oferecem refeições completas, como café da manhã e almoço, a preços subsidiados, com o objetivo de ampliar o acesso da população a uma alimentação adequada e de qualidade.


## **Como funciona:**

As unidades disponibilizam refeições com cardápios elaborados pelo Instituto Annes Dias, conforme Termo de Referência do projeto e diretrizes de porcionamento, com acompanhamento de equipe nutricional especializada.


- O **café da manhã** é composto por café com leite, pão com margarina e fruta.
- O **almoço** inclui salada, proteína, guarnição, arroz, feijão, sobremesa e refresco, assegurando refeições balanceadas.


Eles funcionam de segunda-feira a sexta-feira, de 6h às 9h, durante o café da manhã, e de 10h às 15h, no almoço.


## **Público-alvo:**

Cidadãos que buscam uma opção de alimentação saudável e de baixo custo. O acesso é aberto a toda a população do município do Rio de Janeiro, sem exigência de cadastro prévio.


## **Informações importantes:**

Os valores das refeições são subsidiados pela Prefeitura do Rio de Janeiro, conforme regras e disponibilidade de cada unidade."
Informações sobre transporte público,
IPTU - Denúncia de imóvel não cadastrado no IPTU ou com dados incorretos,"**O que é:**

Este serviço permite que o cidadão denuncie imóveis que não estão registrados no cadastro do IPTU ou que possuem informações incorretas. Isso inclui casos de não inscrição, área construída maior do que a declarada, tipologia errada ou utilização diferente da cadastrada.

A denúncia visa corrigir dados como a área do imóvel, seu tipo de construção ou o uso que está sendo feito dele, garantindo a atualização do cadastro municipal.


**Para que serve:**

Garantir a fiscalização e a regularização do cadastro de imóveis no IPTU, assegurando que as informações estejam corretas e que a tributação seja justa. Ajuda a combater a evasão fiscal e a manter a base de dados da prefeitura atualizada.


**Quem pode solicitar:**

Qualquer cidadão pode solicitar este serviço. Para isso, é necessário fornecer o endereço completo do imóvel (rua, número, complemento e bairro) e uma descrição detalhada do problema ou da irregularidade encontrada."
ISS - Simples Nacional – Declaração Retida em Malha Fiscal PGDAS-D,
ITBI - Consulta de protocolo/guia,
ITBI - Correção de dados da guia paga em folha suplementar,
Licenciamento de instalações de ar-condicionado central e de exaustão de cozinha industrial,"## O que é:

Este serviço trata do licenciamento de instalações de sistemas de ar condicionado e de exaustão mecânica. Abrange sistemas de ventilação em estabelecimentos comerciais, industriais e cozinhas industriais.


O processo administrativo é dividido em duas etapas principais. A primeira é a **aprovação do projeto**, que é validada por meio de uma Memória Descritiva carimbada e numerada. A segunda etapa é a **aprovação da instalação**, que ocorre após a execução das obras e é confirmada por uma vistoria de um engenheiro da Gerência de Engenharia Mecânica (GEM), resultando na emissão de um Certificado de Funcionamento.


## Para que serve:

Garantir que as instalações de sistemas de ar-condicionado, exaustão mecânica de sanitários e cozinhas industriais, e outros sistemas de ventilação estejam em conformidade com as normas técnicas e regulamentações municipais. Isso assegura a segurança e o bom funcionamento desses sistemas em edificações.


## Quem pode solicitar:

Proprietários de estabelecimentos comerciais e industriais, bem como empresas construtoras de edificações que necessitem licenciar sistemas de ar-condicionado ou exaustão.

A instalação deve ser executada por uma Empresa Instaladora registrada na Gerência de Engenharia Mecânica (GEM). A relação de Engenheiros Mecânicos e Empresas Projetistas e Instaladoras com registro ativo pode ser consultada na própria GEM."
Nota Carioca - Consulta aos créditos e abatimento no IPTU,
Nota Carioca - Desbloqueio de senha web,
Nota Carioca - Esclarecimento de dúvidas e legislação,
Notificação de irregularidades trabalhistas em contratos de empresas terceirizadas da Secretaria de Saúde,"## O que é:

Este serviço permite notificar irregularidades trabalhistas supostamente cometidas por empresas terceirizadas que prestam serviços para a Secretaria Municipal de Saúde do Rio de Janeiro. É um canal para relatar situações onde trabalhadores terceirizados não tiveram seus direitos cumpridos.


## Para que serve:

O serviço serve para que a secretaria responsável pelo contrato com a empresa terceirizada possa **fiscalizar e aplicar penalidades** quando for confirmado que a empresa não cumpriu suas obrigações trabalhistas. Isso pode incluir o bloqueio do pagamento da fatura, conforme o contrato e a legislação vigente.


## Quem pode solicitar:

Qualquer cidadão que tenha conhecimento de irregularidades trabalhistas envolvendo empresas terceirizadas da Secretaria Municipal de Saúde."
Oportunidades Cariocas,"## **O que é:**

O  Oportunidades Cariocas é uma plataforma digital que centraliza informações e inscrições para uma vasta gama de atividades educativas. Ela abrange cursos, oficinas, palestras e workshops oferecidos tanto pela Prefeitura do Rio quanto por instituições parceiras.


Essa iniciativa visa democratizar o acesso ao aprendizado e ao desenvolvimento de novas competências para os cidadãos. É um ponto único para descobrir e participar de diversas oportunidades de crescimento pessoal e profissional.


## **Para que serve:**

A plataforma serve para que qualquer pessoa possa aprender algo novo, consolidar conhecimentos existentes ou aperfeiçoar suas habilidades.


## **Quem pode solicitar:**

O serviço é destinado a qualquer pessoa interessada em aprender, consolidar ou aperfeiçoar conhecimentos e habilidades. É necessário apenas atender aos requisitos específicos de cada atividade, caso existam."
Programa Adote Rio (Unidades de Conservação),
Recurso ao auto de multa da Vigilância Sanitária,
Ressarcimento de taxas de diárias e remoção de veículo,
Solicitação de prorrogação de prazo do Termo de Intimação,
Vistoria para permuta de veículo - Transporte Complementar,
Vistoria técnica em local onde há maus tratos de animais domésticos,"## **O que é:**

Este serviço permite solicitar uma vistoria técnica em locais onde há suspeita de maus-tratos ou crueldade contra animais domésticos, como cães e gatos. Maus-tratos incluem ações que causam privação das necessidades básicas, sofrimento físico, medo, estresse, angústia, patologias, distúrbios de quaisquer espécies, além da incapacidade física, temporária ou permanente, e a morte.

A vistoria verifica se o tutor está garantindo o bem-estar, a saúde, a higiene e o acompanhamento médico veterinário do animal, incluindo o controle de vacinas e as condições de segurança.


## **Para que serve:**

Garantir a proteção e o bem-estar de animais domésticos, identificando e intervindo em situações de maus-tratos ou condições inadequadas. O serviço visa assegurar que os animais recebam os cuidados necessários para uma vida digna e saudável.


## **Quem pode solicitar:**

Qualquer cidadão que tenha conhecimento ou presencie situações de maus-tratos ou condições inadequadas de animais domésticos (cães e gatos) no município do Rio de Janeiro."
